<?xml version='1.0' encoding='utf-8'?>
<YealinkIPPhoneDirectory><Title>ספר טלפונים – ע</Title><DirectoryEntry><Name>עזרן ציון</Name><Office>036162563</Office></DirectoryEntry><DirectoryEntry><Name>ענדען אברהם מרדכי</Name><Mobile>0504177704</Mobile><Office>039092272</Office></DirectoryEntry><DirectoryEntry><Name>ענדען אליעזר</Name><Mobile>0527657102</Mobile><Office>036778688</Office></DirectoryEntry><DirectoryEntry><Name>ענדען אלתר יהושע דוד</Name><Office>089971347</Office></DirectoryEntry><DirectoryEntry><Name>ענדען יהודה אריה</Name><Mobile>0533112003</Mobile><Office>089975594</Office></DirectoryEntry><DirectoryEntry><Name>ענדען יחיאל</Name><Mobile>0504171094</Mobile><Office>0504110112</Office></DirectoryEntry><DirectoryEntry><Name>ענדען יעקב אליעזר</Name><Office>088646016</Office></DirectoryEntry><DirectoryEntry><Name>ענדען ישראל</Name><Mobile>0527638888</Mobile><Office>0777953371</Office></DirectoryEntry><DirectoryEntry><Name>ענדען ישראל</Name><Mobile>0527617050</Mobile><Office>035747525</Office></DirectoryEntry><DirectoryEntry><Name>ענדען ישראל</Name><Mobile>0527119559</Mobile><Office>036443125</Office></DirectoryEntry><DirectoryEntry><Name>ענדען פינחס מנחם</Name><Office>0548435811</Office></DirectoryEntry><DirectoryEntry><Name>ענדען פנחס מנחם</Name><Office>0556772271</Office></DirectoryEntry><DirectoryEntry><Name>ענדען שמחה בונם</Name><Mobile>0548417647</Mobile><Office>0583287171</Office></DirectoryEntry><DirectoryEntry><Name>ענדען שמעון יעקב שבתי</Name><Office>0527129518</Office></DirectoryEntry><DirectoryEntry><Name>עציון חיים</Name><Office>049836348</Office></DirectoryEntry><DirectoryEntry><Name>עציון יוסף מאיר</Name><Mobile>0504193710</Mobile><Office>0777101094</Office></DirectoryEntry><DirectoryEntry><Name>עציון ישראל אברהם</Name><Office>088641882</Office></DirectoryEntry><DirectoryEntry><Name>עציון מרדכי</Name><Mobile>0504121885</Mobile><Office>088645621</Office></DirectoryEntry><DirectoryEntry><Name>עציון שמאי</Name><Office>0556798836</Office></DirectoryEntry><DirectoryEntry><Name>עציון שמאי יאיר</Name><Mobile>0527622002</Mobile><Office>036169085</Office></DirectoryEntry><DirectoryEntry><Name>עציוני אברהם מרדכי</Name><Office>0534140892</Office></DirectoryEntry><DirectoryEntry><Name>עציוני חנוך העניך מנחם</Name><Mobile>0527182971</Mobile></DirectoryEntry><DirectoryEntry><Name>עציוני יעקב מנחם</Name><Mobile>0507959960</Mobile><Office>035707969</Office></DirectoryEntry><DirectoryEntry><Name>עציוני יצחק פנחס</Name><Mobile>0504111121</Mobile><Office>036194127</Office></DirectoryEntry><DirectoryEntry><Name>עציוני ישעיהו</Name><Mobile>0505299520</Mobile><Office>035241738</Office></DirectoryEntry><DirectoryEntry><Name>עציוני נפתלי אפרים</Name><Mobile>0504128006</Mobile><Office>025378739</Office></DirectoryEntry><DirectoryEntry><Name>עקשטיין יהודה אריה לייב</Name><Mobile>0548426237</Mobile><Office>026743425</Office></DirectoryEntry><DirectoryEntry><Name>עקשטיין יוסף צבי</Name><Office>036167169</Office></DirectoryEntry><DirectoryEntry><Name>עקשטיין יעקב דוד</Name><Mobile>0548516109</Mobile><Office>0548533182</Office></DirectoryEntry><DirectoryEntry><Name>עקשטיין יצחק זליג</Name><Mobile>0548448121</Mobile><Office>036495264</Office></DirectoryEntry><DirectoryEntry><Name>עקשטיין יצחק חיים</Name><Office>0583242838</Office></DirectoryEntry><DirectoryEntry><Name>עקשטיין ישראל חנוך</Name><Office>035605644</Office></DirectoryEntry><DirectoryEntry><Name>עקשטיין שמחה בונם</Name><Office>035442551</Office></DirectoryEntry><DirectoryEntry><Name>ערערא אליהו</Name><Mobile>0533182618</Mobile><Office>088665552</Office></DirectoryEntry><DirectoryEntry><Name>ערערא בנימין אריה לייב</Name><Office>089974892</Office></DirectoryEntry><DirectoryEntry><Name>ערערא דוד חיים</Name><Office>025867330</Office></DirectoryEntry><DirectoryEntry><Name>ערערא חיים יצחק</Name><Office>088655916</Office></DirectoryEntry><DirectoryEntry><Name>ערערא יהודה אריה לייב</Name><Office>029924803</Office></DirectoryEntry><DirectoryEntry><Name>ערערא יהודה אריה לייב</Name><Mobile>0533117127</Mobile></DirectoryEntry><DirectoryEntry><Name>ערערא יואל צבי</Name><Office>035795243</Office></DirectoryEntry><DirectoryEntry><Name>ערערא מאיר עזריה</Name><Mobile>0527129777</Mobile><Office>088001003</Office></DirectoryEntry><DirectoryEntry><Name>ערערא פנחס מנחם</Name><Office>0533150698</Office></DirectoryEntry><DirectoryEntry><Name>ערערא שיינדי מאטיל</Name><Office>029922541</Office></DirectoryEntry><DirectoryEntry><Name>ערערא שמחה בונם</Name><Mobile>0548515270</Mobile></DirectoryEntry><DirectoryEntry><Name>ערערא שמחה בונם</Name><Office>0527618309</Office></DirectoryEntry></YealinkIPPhoneDirectory>