<?xml version='1.0' encoding='utf-8'?>
<YealinkIPPhoneDirectory><Title>ספר טלפונים – ד</Title><DirectoryEntry><Name>דהאן אברהם איתן</Name><Mobile>0504154146</Mobile><Office>046938229</Office></DirectoryEntry><DirectoryEntry><Name>דהאן אברהם מרדכי</Name><Office>088656122</Office></DirectoryEntry><DirectoryEntry><Name>דהאן דוד חיים</Name><Mobile>0533101510</Mobile><Office>0775015100</Office></DirectoryEntry><DirectoryEntry><Name>דהאן יהודה</Name><Mobile>0533134700</Mobile><Office>035704312</Office></DirectoryEntry><DirectoryEntry><Name>דהאן יעקב אריה</Name><Office>086586608</Office></DirectoryEntry><DirectoryEntry><Name>דהאן ישראל</Name><Mobile>0527674858</Mobile><Office>0773201827</Office></DirectoryEntry><DirectoryEntry><Name>דהאן ישראל יוסף חיים</Name><Office>0533101858</Office></DirectoryEntry><DirectoryEntry><Name>דהאן מאיר</Name><Mobile>0527668325</Mobile></DirectoryEntry><DirectoryEntry><Name>דהאן פנחס מנחם</Name><Mobile>0556769001</Mobile><Office>0583201570</Office></DirectoryEntry><DirectoryEntry><Name>דהאן שלמה חנוך</Name><Office>0548400636</Office></DirectoryEntry><DirectoryEntry><Name>דהאן שלמה שמואל</Name><Mobile>0533107677</Mobile><Office>088642530</Office></DirectoryEntry><DirectoryEntry><Name>דואיק יצחק</Name><Mobile>0533193675</Mobile><Office>029993675</Office></DirectoryEntry><DirectoryEntry><Name>דואק אברהם עובדיה</Name><Office>088657684</Office></DirectoryEntry><DirectoryEntry><Name>דואק עזרא</Name><Office>088043034</Office></DirectoryEntry><DirectoryEntry><Name>דובדבני אבא צבי</Name><Office>088593074</Office></DirectoryEntry><DirectoryEntry><Name>דובדבני יוסף חיים</Name><Mobile>0526706840</Mobile><Office>088593076</Office></DirectoryEntry><DirectoryEntry><Name>דודק אברהם מרדכי</Name><Mobile>0533170034</Mobile><Office>035705103</Office></DirectoryEntry><DirectoryEntry><Name>דודק אליעזר ליפא</Name><Mobile>0533119320</Mobile></DirectoryEntry><DirectoryEntry><Name>דודק יהודה אריה</Name><Mobile>0533108110</Mobile><Office>0777080940</Office></DirectoryEntry><DirectoryEntry><Name>דודק יוסף פנחס שלום</Name><Mobile>0504120125</Mobile><Office>036161264</Office></DirectoryEntry><DirectoryEntry><Name>דודק יוסף פנחס שלום</Name><Mobile>0533199139</Mobile><Office>036199139</Office></DirectoryEntry><DirectoryEntry><Name>דודק יחיאל מנחם מניס</Name><Mobile>0504103191</Mobile><Office>035796785</Office></DirectoryEntry><DirectoryEntry><Name>דודק ישראל</Name><Mobile>0502399674</Mobile></DirectoryEntry><DirectoryEntry><Name>דודק משה יעקב</Name><Mobile>0533153504</Mobile><Office>088653505</Office></DirectoryEntry><DirectoryEntry><Name>דודק משה יצחק יעקב</Name><Mobile>0533179130</Mobile><Office>088033013</Office></DirectoryEntry><DirectoryEntry><Name>דודק שלמה</Name><Mobile>0527614929</Mobile></DirectoryEntry><DirectoryEntry><Name>דוידוביטשי משה</Name><Mobile>0544914554</Mobile></DirectoryEntry><DirectoryEntry><Name>דוידוביץ אליעזר</Name><Mobile>0533150748</Mobile><Office>088550748</Office></DirectoryEntry><DirectoryEntry><Name>דוידוביץ בצלאל</Name><Mobile>0527179344</Mobile><Office>025001210</Office></DirectoryEntry><DirectoryEntry><Name>דוידוביץ יהודה</Name><Mobile>0504193868</Mobile><Office>025004847</Office></DirectoryEntry><DirectoryEntry><Name>דוידוביץ יהודה אריה לייב</Name><Mobile>0527111514</Mobile><Office>088661557</Office></DirectoryEntry><DirectoryEntry><Name>דוידוביץ יעקב</Name><Mobile>0534150160</Mobile><Office>0527193299</Office></DirectoryEntry><DirectoryEntry><Name>דוידוביץ יצחק מאיר</Name><Mobile>0527146000</Mobile><Office>088001178</Office></DirectoryEntry><DirectoryEntry><Name>דוידוביץ ישראל</Name><Mobile>0527667700</Mobile><Office>0774101020</Office></DirectoryEntry><DirectoryEntry><Name>דוידוביץ ישראל אליעזר</Name><Office>0556766081</Office></DirectoryEntry><DirectoryEntry><Name>דוידוביץ ישראל אריה</Name><Mobile>0527134412</Mobile><Office>029997299</Office></DirectoryEntry><DirectoryEntry><Name>דוידוביץ ישראל ברוך</Name><Office>028080046</Office></DirectoryEntry><DirectoryEntry><Name>דוידוביץ עקיבא</Name><Mobile>0548405577</Mobile><Office>028067056</Office></DirectoryEntry><DirectoryEntry><Name>דוידוביץ פנחס</Name><Mobile>0527667000</Mobile><Office>025371677</Office></DirectoryEntry><DirectoryEntry><Name>דוידוביץ פנחס גרשון</Name><Office>0583250748</Office></DirectoryEntry><DirectoryEntry><Name>דוידוביץ צבי</Name><Office>029993745</Office></DirectoryEntry><DirectoryEntry><Name>דוידוביץ רחל</Name><Office>088566865</Office></DirectoryEntry><DirectoryEntry><Name>דוידוביץ שמואל</Name><Office>036192001</Office></DirectoryEntry><DirectoryEntry><Name>דוידוביץ שמואל</Name><Mobile>0527668000</Mobile><Office>025375621</Office></DirectoryEntry><DirectoryEntry><Name>דוידוביץ שמחה בונם</Name><Mobile>0527151888</Mobile></DirectoryEntry><DirectoryEntry><Name>דוידוביץ שרה</Name><Office>036189865</Office></DirectoryEntry><DirectoryEntry><Name>דויטש אברהם מרדכי</Name><Mobile>0533110120</Mobile><Office>088521979</Office></DirectoryEntry><DirectoryEntry><Name>דויטש אברהם משה</Name><Mobile>0533199457</Mobile><Office>089959457</Office></DirectoryEntry><DirectoryEntry><Name>דויטש גולדה זהבה</Name><Office>025000149</Office></DirectoryEntry><DirectoryEntry><Name>דויטש חיים</Name><Office>036193173</Office></DirectoryEntry><DirectoryEntry><Name>דויטש חיים יוסף מאיר</Name><Office>088020163</Office></DirectoryEntry><DirectoryEntry><Name>דויטש ישראל</Name><Mobile>0548584540</Mobile><Office>029923140</Office></DirectoryEntry><DirectoryEntry><Name>דויטש ישראל</Name><Office>089971185</Office></DirectoryEntry><DirectoryEntry><Name>דויטש רפאל יהושע</Name><Office>088020049</Office></DirectoryEntry><DirectoryEntry><Name>דויטש שלמה זלמן</Name><Office>0776260616</Office></DirectoryEntry><DirectoryEntry><Name>דויטש שמחה בונם</Name><Mobile>0527129336</Mobile><Office>0504139357</Office></DirectoryEntry><DirectoryEntry><Name>דויטשר אברהם אריה</Name><Mobile>0533172172</Mobile><Office>035791865</Office></DirectoryEntry><DirectoryEntry><Name>דויטשר אהרן</Name><Office>089560321</Office></DirectoryEntry><DirectoryEntry><Name>דויטשר דוד גד</Name><Mobile>0527695499</Mobile><Office>029951350</Office></DirectoryEntry><DirectoryEntry><Name>דויטשר חיים צבי</Name><Mobile>0548463008</Mobile><Office>029912022</Office></DirectoryEntry><DirectoryEntry><Name>דויטשר חנוך העניך משה</Name><Mobile>0548410963</Mobile><Office>088660963</Office></DirectoryEntry><DirectoryEntry><Name>דויטשר יוסף זליג</Name><Mobile>0504150140</Mobile><Office>029913401</Office></DirectoryEntry><DirectoryEntry><Name>דויטשר ישראל</Name><Mobile>0527645868</Mobile><Office>088657184</Office></DirectoryEntry><DirectoryEntry><Name>דויטשר ישראל</Name><Mobile>0504105016</Mobile><Office>025389560</Office></DirectoryEntry><DirectoryEntry><Name>דויטשר ישראל חנניה</Name><Mobile>0583278785</Mobile><Office>088041444</Office></DirectoryEntry><DirectoryEntry><Name>דויטשר מאיר שמחה</Name><Mobile>0527121252</Mobile><Office>048645235</Office></DirectoryEntry><DirectoryEntry><Name>דויטשר צבי חיים</Name><Mobile>0533100510</Mobile><Office>048640757</Office></DirectoryEntry><DirectoryEntry><Name>דויטשר ראובן נח</Name><Mobile>0533191473</Mobile><Office>029991473</Office></DirectoryEntry><DirectoryEntry><Name>דויטשר שמואל אהרן</Name><Office>0548560021</Office></DirectoryEntry><DirectoryEntry><Name>דויטשר שמחה בונים</Name><Office>0556725033</Office></DirectoryEntry><DirectoryEntry><Name>דויטשר שמעון</Name><Mobile>0534155545</Mobile></DirectoryEntry><DirectoryEntry><Name>דז'אלובסקי אברהם יעקב</Name><Mobile>0533199939</Mobile><Office>029996120</Office></DirectoryEntry><DirectoryEntry><Name>דז'אלובסקי אהרן אליהו</Name><Mobile>0527631825</Mobile><Office>025328515</Office></DirectoryEntry><DirectoryEntry><Name>דז'אלובסקי אליהו</Name><Office>089560184</Office></DirectoryEntry><DirectoryEntry><Name>דז'אלובסקי חיים אליהו</Name><Mobile>0533101072</Mobile><Office>025373905</Office></DirectoryEntry><DirectoryEntry><Name>דז'אלובסקי חיים דב</Name><Mobile>0583230123</Mobile><Office>028077008</Office></DirectoryEntry><DirectoryEntry><Name>דז'אלובסקי יהושע</Name><Office>0527685898</Office></DirectoryEntry><DirectoryEntry><Name>דז'אלובסקי יצחק</Name><Mobile>0522594851</Mobile><Office>035709491</Office></DirectoryEntry><DirectoryEntry><Name>דז'אלובסקי יצחק מאיר</Name><Mobile>0527663816</Mobile></DirectoryEntry><DirectoryEntry><Name>דז'אלובסקי יצחק מאיר</Name><Mobile>0583222444</Mobile><Office>028080016</Office></DirectoryEntry><DirectoryEntry><Name>דז'אלובסקי ישעיהו צבי</Name><Mobile>0548449984</Mobile><Office>025821803</Office></DirectoryEntry><DirectoryEntry><Name>דז'אלובסקי ישראל</Name><Mobile>0527697176</Mobile><Office>088658812</Office></DirectoryEntry><DirectoryEntry><Name>דז'אלובסקי ישראל אלימלך</Name><Office>029997655</Office></DirectoryEntry><DirectoryEntry><Name>דז'אלובסקי ישראל יהושע</Name><Mobile>0533180124</Mobile><Office>038000232</Office></DirectoryEntry><DirectoryEntry><Name>דז'אלובסקי מרדכי</Name><Office>038064001</Office></DirectoryEntry><DirectoryEntry><Name>דז'אלובסקי מרדכי אלעזר</Name><Office>029991574</Office></DirectoryEntry><DirectoryEntry><Name>דז'אלובסקי משה יהודה אריה</Name><Mobile>0527600982</Mobile><Office>035790252</Office></DirectoryEntry><DirectoryEntry><Name>דז'אלובסקי משה יוסף</Name><Mobile>0548597667</Mobile></DirectoryEntry><DirectoryEntry><Name>דז'אלובסקי פייבל</Name><Office>025380391</Office></DirectoryEntry><DirectoryEntry><Name>דז'אלובסקי פנחס מנחם</Name><Office>0583212270</Office></DirectoryEntry><DirectoryEntry><Name>דז'אלובסקי צפורה</Name><Office>035708346</Office></DirectoryEntry><DirectoryEntry><Name>דז'אלובסקי רפאל שלום</Name><Mobile>0543977106</Mobile><Office>035743154</Office></DirectoryEntry><DirectoryEntry><Name>דז'אלובסקי שמחה בונם</Name><Mobile>0504170448</Mobile><Office>026749690</Office></DirectoryEntry><DirectoryEntry><Name>דז'אלובסקי שמחה בונם</Name><Mobile>0533194785</Mobile><Office>0533191307</Office></DirectoryEntry><DirectoryEntry><Name>דז'אלובסקי שמעון</Name><Mobile>0533128094</Mobile><Office>088020164</Office></DirectoryEntry><DirectoryEntry><Name>דז'דק אברהם מנחם</Name><Office>0527616112</Office></DirectoryEntry><DirectoryEntry><Name>דז'דק אלחנן</Name><Office>088035021</Office></DirectoryEntry><DirectoryEntry><Name>דז'דק יוחנן</Name><Mobile>0504160605</Mobile><Office>0583207881</Office></DirectoryEntry><DirectoryEntry><Name>דז'דק יעקב</Name><Mobile>0527622026</Mobile><Office>025386977</Office></DirectoryEntry><DirectoryEntry><Name>דז'דק יצחק</Name><Mobile>0527616113</Mobile><Office>035744326</Office></DirectoryEntry><DirectoryEntry><Name>דז'דק שרגא</Name><Mobile>0533446010</Mobile><Office>039220710</Office></DirectoryEntry><DirectoryEntry><Name>דז'לדוב יוסף</Name><Mobile>0527150450</Mobile></DirectoryEntry><DirectoryEntry><Name>דז'לדוב יעקב שמואל</Name><Mobile>0527152861</Mobile><Office>036470010</Office></DirectoryEntry><DirectoryEntry><Name>דז'לדוב ישראל</Name><Mobile>0533176496</Mobile><Office>089760496</Office></DirectoryEntry><DirectoryEntry><Name>דחבש יוסף חיים</Name><Mobile>0504193639</Mobile></DirectoryEntry><DirectoryEntry><Name>דחבש שלמה</Name><Mobile>0548462853</Mobile><Office>046860521</Office></DirectoryEntry><DirectoryEntry><Name>דחבש שרה</Name><Mobile>0504122642</Mobile><Office>0775004848</Office></DirectoryEntry><DirectoryEntry><Name>דייויס זכריה</Name><Mobile>0527697791</Mobile><Office>0775579095</Office></DirectoryEntry><DirectoryEntry><Name>דייויס משה זלמן</Name><Office>089973247</Office></DirectoryEntry><DirectoryEntry><Name>דייויס שמעון יוחאי</Name><Mobile>0527135362</Mobile><Office>088033051</Office></DirectoryEntry><DirectoryEntry><Name>דייטש אברהם פנחס</Name><Mobile>0527654211</Mobile><Office>088542538</Office></DirectoryEntry><DirectoryEntry><Name>דייטש דוד</Name><Office>028060077</Office></DirectoryEntry><DirectoryEntry><Name>דיכטוולד אריה</Name><Office>036194746</Office></DirectoryEntry><DirectoryEntry><Name>דים בצלאל</Name><Office>036195566</Office></DirectoryEntry><DirectoryEntry><Name>דינקלס אברהם</Name><Mobile>0504102592</Mobile><Office>088523621</Office></DirectoryEntry><DirectoryEntry><Name>דינקלס חיים שמעון</Name><Mobile>0527677378</Mobile><Office>0772050706</Office></DirectoryEntry><DirectoryEntry><Name>דינקלס יהודה אריה</Name><Mobile>0527174175</Mobile><Office>088020014</Office></DirectoryEntry><DirectoryEntry><Name>דינקלס יוסף</Name><Mobile>0527641894</Mobile><Office>088660332</Office></DirectoryEntry><DirectoryEntry><Name>דינקלס יעקב מנחם</Name><Mobile>0527158081</Mobile><Office>025672497</Office></DirectoryEntry><DirectoryEntry><Name>דינקלס ישראל שמחה</Name><Office>088659154</Office></DirectoryEntry><DirectoryEntry><Name>דיסקינד חנוך יואל</Name><Mobile>0527664228</Mobile></DirectoryEntry><DirectoryEntry><Name>דיסקינד יעקב פסח</Name><Mobile>0533123314</Mobile><Office>048669772</Office></DirectoryEntry><DirectoryEntry><Name>דיפאוס אליהו</Name><Office>029952720</Office></DirectoryEntry><DirectoryEntry><Name>דנדרוביץ אברהם מרדכי נחמן</Name><Mobile>0527665061</Mobile><Office>035789893</Office></DirectoryEntry><DirectoryEntry><Name>דנדרוביץ דוד</Name><Office>0534133522</Office></DirectoryEntry><DirectoryEntry><Name>דנדרוביץ דוד</Name><Office>0583240466</Office></DirectoryEntry><DirectoryEntry><Name>דנדרוביץ יהודה אריה לייב</Name><Office>0583205454</Office></DirectoryEntry><DirectoryEntry><Name>דנדרוביץ ישראל</Name><Office>089952649</Office></DirectoryEntry><DirectoryEntry><Name>דנדרוביץ משה חיים</Name><Mobile>0533163698</Mobile><Office>025389347</Office></DirectoryEntry><DirectoryEntry><Name>דנדרוביץ נחמיה</Name><Mobile>0527680122</Mobile><Office>025703407</Office></DirectoryEntry><DirectoryEntry><Name>דנדרוביץ שלום</Name><Mobile>0504111652</Mobile><Office>036180384</Office></DirectoryEntry><DirectoryEntry><Name>דנדרוביץ שלמה יהודה</Name><Office>025381553</Office></DirectoryEntry><DirectoryEntry><Name>דנדרוביץ שמחה בונם</Name><Mobile>0548500200</Mobile><Office>025328070</Office></DirectoryEntry><DirectoryEntry><Name>דניאלצ'יק אליעזר אביגדור</Name><Mobile>0548499849</Mobile><Office>088001315</Office></DirectoryEntry><DirectoryEntry><Name>דניאלצ'יק אריה</Name><Mobile>0533103053</Mobile><Office>089959628</Office></DirectoryEntry><DirectoryEntry><Name>דניאלצ'יק ברוך מרדכי</Name><Office>0527655406</Office></DirectoryEntry><DirectoryEntry><Name>דניאלצ'יק חיים נחמיה</Name><Mobile>0548491500</Mobile><Office>036197975</Office></DirectoryEntry><DirectoryEntry><Name>דניאלצ'יק חנוך העניך</Name><Mobile>0533100775</Mobile><Office>035705161</Office></DirectoryEntry><DirectoryEntry><Name>דניאלצ'יק יוסף</Name><Mobile>0533180540</Mobile><Office>088556351</Office></DirectoryEntry><DirectoryEntry><Name>דניאלצ'יק יצחק</Name><Mobile>0533103003</Mobile><Office>035788939</Office></DirectoryEntry><DirectoryEntry><Name>דניאלצ'יק ישראל</Name><Office>035700089</Office></DirectoryEntry><DirectoryEntry><Name>דניאלצ'יק מרדכי</Name><Mobile>0504100433</Mobile><Office>088039059</Office></DirectoryEntry><DirectoryEntry><Name>דניאלצ'יק מרים רייזל</Name><Mobile>0533103005</Mobile><Office>036182623</Office></DirectoryEntry><DirectoryEntry><Name>דניאלצ'יק צירה</Name><Office>036092268</Office></DirectoryEntry><DirectoryEntry><Name>דניאלצ'יק שמחה בונם</Name><Mobile>0534108158</Mobile></DirectoryEntry><DirectoryEntry><Name>דניאלצ'יק שמחה בונם</Name><Office>088001212</Office></DirectoryEntry><DirectoryEntry><Name>דנציגר אברהם שלמה</Name><Mobile>0527613720</Mobile><Office>046935523</Office></DirectoryEntry><DirectoryEntry><Name>דנציגר חנוך העניך</Name><Mobile>0533168886</Mobile><Office>086888655</Office></DirectoryEntry><DirectoryEntry><Name>דנציגר יוסף</Name><Mobile>0548497956</Mobile><Office>029992973</Office></DirectoryEntry><DirectoryEntry><Name>דנציגר ישראל</Name><Mobile>0527123718</Mobile><Office>088661303</Office></DirectoryEntry><DirectoryEntry><Name>דנציגר ישראל</Name><Mobile>0527696403</Mobile><Office>088663706</Office></DirectoryEntry><DirectoryEntry><Name>דנציגר נח יצחק</Name><Mobile>0533143096</Mobile><Office>048643096</Office></DirectoryEntry><DirectoryEntry><Name>דנציגר שלום</Name><Office>026263543</Office></DirectoryEntry><DirectoryEntry><Name>דנציגר שלום צבי</Name><Mobile>0533114140</Mobile><Office>035704140</Office></DirectoryEntry><DirectoryEntry><Name>דנציגר שמחה בונם</Name><Office>086635050</Office></DirectoryEntry><DirectoryEntry><Name>דפני ירון</Name><Mobile>0533181367</Mobile><Office>036181367</Office></DirectoryEntry><DirectoryEntry><Name>דפנר חנה</Name><Office>025388528</Office></DirectoryEntry><DirectoryEntry><Name>דרוק דוד</Name><Mobile>0527627841</Mobile><Office>048677607</Office></DirectoryEntry><DirectoryEntry><Name>דרוק חנוך העניך</Name><Mobile>0548458050</Mobile><Office>088662289</Office></DirectoryEntry><DirectoryEntry><Name>דרוק יהודה אריה לייב</Name><Mobile>0527141386</Mobile><Office>028000160</Office></DirectoryEntry><DirectoryEntry><Name>דרוק יצחק יהודה יוסף</Name><Office>0556710237</Office></DirectoryEntry><DirectoryEntry><Name>דרוק מאיר ירחמיאל</Name><Office>029917795</Office></DirectoryEntry><DirectoryEntry><Name>דרוק מנחם</Name><Office>025381330</Office></DirectoryEntry><DirectoryEntry><Name>דרוק מרדכי יעקב</Name><Mobile>0527624266</Mobile><Office>036852426</Office></DirectoryEntry><DirectoryEntry><Name>דרוק נפתלי גרשון</Name><Office>088039020</Office></DirectoryEntry><DirectoryEntry><Name>דרוק פנחס מנחם</Name><Office>048043431</Office></DirectoryEntry><DirectoryEntry><Name>דרוק שלמה זלמן</Name><Office>0534103864</Office></DirectoryEntry><DirectoryEntry><Name>דרוק שלמה זלמן</Name><Office>028006166</Office></DirectoryEntry><DirectoryEntry><Name>דרזנר יעקב יוסף</Name><Mobile>0533100382</Mobile><Office>6500187</Office></DirectoryEntry><DirectoryEntry><Name>דריימן אברהם מרדכי</Name><Mobile>0533115812</Mobile><Office>089971345</Office></DirectoryEntry><DirectoryEntry><Name>דריימן אליהו מאיר נחמן</Name><Mobile>0527183311</Mobile><Office>036183311</Office></DirectoryEntry><DirectoryEntry><Name>דריימן דב הלל</Name><Mobile>0527625033</Mobile><Office>025000533</Office></DirectoryEntry><DirectoryEntry><Name>דריימן יהושע</Name><Mobile>0504109107</Mobile><Office>036472022</Office></DirectoryEntry><DirectoryEntry><Name>דריימן יוסף דב</Name><Mobile>0533106106</Mobile><Office>088645896</Office></DirectoryEntry><DirectoryEntry><Name>דריימן יעקב ישראל</Name><Mobile>0527646626</Mobile><Office>048645183</Office></DirectoryEntry><DirectoryEntry><Name>דריימן יצחק</Name><Office>088022280</Office></DirectoryEntry><DirectoryEntry><Name>דריימן ישראל</Name><Mobile>0527172852</Mobile><Office>088675134</Office></DirectoryEntry><DirectoryEntry><Name>דריימן ישראל</Name><Mobile>0548451363</Mobile><Office>036194655</Office></DirectoryEntry><DirectoryEntry><Name>דריימן ישראל</Name><Mobile>0556781376</Mobile><Office>029926549</Office></DirectoryEntry><DirectoryEntry><Name>דריימן ישראל אלכסנדר אהרן</Name><Mobile>0527602000</Mobile><Office>029994090</Office></DirectoryEntry><DirectoryEntry><Name>דריימן מנחם חנוך</Name><Mobile>0533196861</Mobile><Office>029996861</Office></DirectoryEntry><DirectoryEntry><Name>דריימן מנחם מנדל</Name><Mobile>0533173157</Mobile><Office>088648110</Office></DirectoryEntry><DirectoryEntry><Name>דריימן מרדכי</Name><Mobile>0533170317</Mobile><Office>035700317</Office></DirectoryEntry><DirectoryEntry><Name>דריימן מרדכי כתריאל נתן</Name><Mobile>0527112000</Mobile><Office>029999004</Office></DirectoryEntry><DirectoryEntry><Name>דריימן משה יהודה לייב</Name><Mobile>0533123411</Mobile><Office>025388222</Office></DirectoryEntry><DirectoryEntry><Name>דריימן נפתלי אליעזר</Name><Office>0556732115</Office></DirectoryEntry><DirectoryEntry><Name>דריימן נתן</Name><Mobile>0504182010</Mobile><Office>029990287</Office></DirectoryEntry><DirectoryEntry><Name>דריימן נתן</Name><Mobile>0533110892</Mobile><Office>036160484</Office></DirectoryEntry><DirectoryEntry><Name>דריימן נתן ירחמיאל</Name><Office>025632331</Office></DirectoryEntry><DirectoryEntry><Name>דריימן פינחס מנחם</Name><Office>0583272372</Office></DirectoryEntry><DirectoryEntry><Name>דריימן פנחס מנחם</Name><Office>0583242409</Office></DirectoryEntry><DirectoryEntry><Name>דריימן פנחס מנחם</Name><Mobile>0533106108</Mobile><Office>037743690</Office></DirectoryEntry><DirectoryEntry><Name>דריימן ציונה</Name><Office>025373460</Office></DirectoryEntry><DirectoryEntry><Name>דריימן רחל</Name><Mobile>0527128200</Mobile><Office>029998090</Office></DirectoryEntry><DirectoryEntry><Name>דריימן שמחה בונם</Name><Office>0583278278</Office></DirectoryEntry><DirectoryEntry><Name>דריימן שמחה בונם</Name><Office>028027778</Office></DirectoryEntry><DirectoryEntry><Name>דריימן שמחה בונם</Name><Office>0527104331</Office></DirectoryEntry><DirectoryEntry><Name>דריימן שמעון</Name><Office>0533189194</Office></DirectoryEntry><DirectoryEntry><Name>דריימן שמעון</Name><Mobile>0583280392</Mobile><Office>0583280398</Office></DirectoryEntry><DirectoryEntry><Name>דרנגר אברהם מרדכי</Name><Office>025389043</Office></DirectoryEntry><DirectoryEntry><Name>דרנגר אברהם מרדכי</Name><Mobile>0533103236</Mobile><Office>025864244</Office></DirectoryEntry><DirectoryEntry><Name>דרנגר אברהם מרדכי</Name><Mobile>0533165272</Mobile><Office>088652727</Office></DirectoryEntry><DirectoryEntry><Name>דרנגר איטה גיטה</Name><Mobile>0533181875</Mobile><Office>036181870</Office></DirectoryEntry><DirectoryEntry><Name>דרנגר אלכסנדר זיסקינד</Name><Office>0556777886</Office></DirectoryEntry><DirectoryEntry><Name>דרנגר אלכסנדר זיסקינד</Name><Office>0527620820</Office></DirectoryEntry><DirectoryEntry><Name>דרנגר דוד ירחמיאל</Name><Mobile>0548499089</Mobile><Office>088556887</Office></DirectoryEntry><DirectoryEntry><Name>דרנגר חוה</Name><Office>036185970</Office></DirectoryEntry><DirectoryEntry><Name>דרנגר חיים</Name><Office>0534150505</Office></DirectoryEntry><DirectoryEntry><Name>דרנגר חנוך</Name><Mobile>0504150132</Mobile><Office>029994705</Office></DirectoryEntry><DirectoryEntry><Name>דרנגר חנוך העניך</Name><Mobile>0527645898</Mobile><Office>088001103</Office></DirectoryEntry><DirectoryEntry><Name>דרנגר יהודה אריה</Name><Office>028038382</Office></DirectoryEntry><DirectoryEntry><Name>דרנגר יהושע העשיל</Name><Office>0556708828</Office></DirectoryEntry><DirectoryEntry><Name>דרנגר יעקב</Name><Office>0548454950</Office></DirectoryEntry><DirectoryEntry><Name>דרנגר יצחק</Name><Mobile>0533160920</Mobile><Office>035609198</Office></DirectoryEntry><DirectoryEntry><Name>דרנגר יצחק</Name><Mobile>0533120776</Mobile><Office>025819727</Office></DirectoryEntry><DirectoryEntry><Name>דרנגר ישראל</Name><Mobile>0533164163</Mobile><Office>026502908</Office></DirectoryEntry><DirectoryEntry><Name>דרנגר ישראל</Name><Mobile>0533195554</Mobile><Office>036199163</Office></DirectoryEntry><DirectoryEntry><Name>דרנגר ישראל</Name><Mobile>0527679494</Mobile><Office>0775035022</Office></DirectoryEntry><DirectoryEntry><Name>דרנגר נתן</Name><Mobile>0548449010</Mobile><Office>029913654</Office></DirectoryEntry><DirectoryEntry><Name>דרנגר פנחס מנחם</Name><Office>0556732820</Office></DirectoryEntry><DirectoryEntry><Name>דרנגר פנחס מנחם</Name><Office>0527106171</Office></DirectoryEntry><DirectoryEntry><Name>דרנגר רפאל צבי</Name><Mobile>0504132820</Mobile><Office>036499757</Office></DirectoryEntry><DirectoryEntry><Name>דרנגר שלום</Name><Office>036193201</Office></DirectoryEntry><DirectoryEntry><Name>דרנגר שלום משה צבי</Name><Mobile>0533190006</Mobile><Office>089405030</Office></DirectoryEntry><DirectoryEntry><Name>דרנגר שלמה</Name><Office>088035000</Office></DirectoryEntry><DirectoryEntry><Name>דרנגר שלמה שמעון</Name><Mobile>0527622222</Mobile><Office>036194042</Office></DirectoryEntry><DirectoryEntry><Name>דרנגר שמחה בונם</Name><Office>086482614</Office></DirectoryEntry><DirectoryEntry><Name>דרנגר שמחה בונם</Name><Office>038050088</Office></DirectoryEntry><DirectoryEntry><Name>דרסלר אברהם מרדכי</Name><Office>088558458</Office></DirectoryEntry><DirectoryEntry><Name>דרסלר אליהו מאיר</Name><Mobile>0527159896</Mobile><Office>0772002718</Office></DirectoryEntry><DirectoryEntry><Name>דרסלר אליהו מאיר</Name><Office>088001067</Office></DirectoryEntry><DirectoryEntry><Name>דרסלר ברוך</Name><Mobile>0527127255</Mobile><Office>088000021</Office></DirectoryEntry><DirectoryEntry><Name>דרסלר יעקב</Name><Mobile>0533130427</Mobile><Office>025002157</Office></DirectoryEntry><DirectoryEntry><Name>דרסלר ישראל</Name><Mobile>0527173489</Mobile><Office>088667201</Office></DirectoryEntry><DirectoryEntry><Name>דרסלר ישראל</Name><Mobile>0533181760</Mobile><Office>025817603</Office></DirectoryEntry><DirectoryEntry><Name>דרסלר מרדכי זאב</Name><Office>0527608781</Office></DirectoryEntry><DirectoryEntry><Name>דרסלר משה</Name><Mobile>0527611925</Mobile><Office>036189892</Office></DirectoryEntry><DirectoryEntry><Name>דרסלר משה יוסף</Name><Office>088000802</Office></DirectoryEntry><DirectoryEntry><Name>דרסלר נחום</Name><Mobile>0527118138</Mobile><Office>089953462</Office></DirectoryEntry><DirectoryEntry><Name>דרסלר פנחס מנחם</Name><Office>0583257531</Office></DirectoryEntry><DirectoryEntry><Name>דרסלר שלמה</Name><Mobile>0533103136</Mobile><Office>046938239</Office></DirectoryEntry><DirectoryEntry><Name>דרסלר שמחה בונם</Name><Office>088000801</Office></DirectoryEntry><DirectoryEntry><Name>דרסלר שמחה בונם</Name><Office>0533113662</Office></DirectoryEntry></YealinkIPPhoneDirectory>