<?xml version='1.0' encoding='utf-8'?>
<YealinkIPPhoneDirectory><Title>ספר טלפונים – ה</Title><DirectoryEntry><Name>הגר יצחק מאיר</Name><Office>088649122</Office></DirectoryEntry><DirectoryEntry><Name>הדרי דוד</Name><Office>035785488</Office></DirectoryEntry><DirectoryEntry><Name>הויזמן אליעזר</Name><Office>0583220626</Office></DirectoryEntry><DirectoryEntry><Name>הויזמן ברוך</Name><Mobile>0533112804</Mobile><Office>088653804</Office></DirectoryEntry><DirectoryEntry><Name>הויזמן חיים</Name><Office>0583280817</Office></DirectoryEntry><DirectoryEntry><Name>הויזמן יהודה אריה</Name><Office>088001169</Office></DirectoryEntry><DirectoryEntry><Name>הויזמן יצחק נתן</Name><Office>088001055</Office></DirectoryEntry><DirectoryEntry><Name>הויזמן יצחק נתן</Name><Mobile>0527622252</Mobile></DirectoryEntry><DirectoryEntry><Name>הויזמן מנחם מנדל</Name><Mobile>0504114062</Mobile><Office>088641827</Office></DirectoryEntry><DirectoryEntry><Name>הויזמן מנחם מנדל</Name><Mobile>0556788489</Mobile><Office>0504191582</Office></DirectoryEntry><DirectoryEntry><Name>הויזמן משה</Name><Mobile>0533123613</Mobile><Office>088653386</Office></DirectoryEntry><DirectoryEntry><Name>הויזמן נפתלי צבי</Name><Office>0583268227</Office></DirectoryEntry><DirectoryEntry><Name>הויזמן שמחה בונם</Name><Office>088001158</Office></DirectoryEntry><DirectoryEntry><Name>הוכברג דוד אהרן</Name><Mobile>0527690646</Mobile><Office>0583272030</Office></DirectoryEntry><DirectoryEntry><Name>הוכברג יהודה אריה לייב</Name><Office>088043026</Office></DirectoryEntry><DirectoryEntry><Name>הוכברג ישראל יצחק</Name><Mobile>0533169183</Mobile><Office>025869183</Office></DirectoryEntry><DirectoryEntry><Name>הוכברג מרדכי</Name><Mobile>0533178456</Mobile></DirectoryEntry><DirectoryEntry><Name>הוכברג פנחס מנחם</Name><Office>0533126567</Office></DirectoryEntry><DirectoryEntry><Name>הוכברג שלמה</Name><Office>0556733349</Office></DirectoryEntry><DirectoryEntry><Name>הוכברג שמאי אברהם</Name><Office>0556757800</Office></DirectoryEntry><DirectoryEntry><Name>הוכברג שמעון שמחה בונם</Name><Mobile>0583275589</Mobile><Office>0548486901</Office></DirectoryEntry><DirectoryEntry><Name>הוכברגר נחמיה</Name><Mobile>0533190700</Mobile><Office>036199428</Office></DirectoryEntry><DirectoryEntry><Name>הוכרמן אהרן ברוך</Name><Mobile>0527614338</Mobile><Office>025387066</Office></DirectoryEntry><DirectoryEntry><Name>הוכרמן טובה</Name><Office>039218628</Office></DirectoryEntry><DirectoryEntry><Name>הוכרמן ישראל פרץ</Name><Mobile>0527662636</Mobile><Office>036443457</Office></DirectoryEntry><DirectoryEntry><Name>הוכרמן נפתלי</Name><Office>039218628</Office></DirectoryEntry><DirectoryEntry><Name>הולצמן אברהם נח</Name><Mobile>0533147514</Mobile><Office>036196213</Office></DirectoryEntry><DirectoryEntry><Name>הולצמן אליהו</Name><Mobile>0504123366</Mobile><Office>089286373</Office></DirectoryEntry><DirectoryEntry><Name>הולצמן אפרים זאב</Name><Mobile>0548511168</Mobile><Office>036475639</Office></DirectoryEntry><DirectoryEntry><Name>הולצמן דב מרדכי</Name><Mobile>0533151172</Mobile><Office>036499153</Office></DirectoryEntry><DirectoryEntry><Name>הולצמן דוד</Name><Mobile>0548415901</Mobile><Office>036196955</Office></DirectoryEntry><DirectoryEntry><Name>הולצמן חיים בנימין</Name><Mobile>0504189989</Mobile><Office>088648113</Office></DirectoryEntry><DirectoryEntry><Name>הולצמן חיים צבי</Name><Mobile>0504133811</Mobile><Office>035709311</Office></DirectoryEntry><DirectoryEntry><Name>הולצמן חיים שמחה</Name><Office>088606686</Office></DirectoryEntry><DirectoryEntry><Name>הולצמן חנוך</Name><Office>029916640</Office></DirectoryEntry><DirectoryEntry><Name>הולצמן יהושע העשיל</Name><Office>0556781078</Office></DirectoryEntry><DirectoryEntry><Name>הולצמן יהושע העשיל</Name><Office>0556748807</Office></DirectoryEntry><DirectoryEntry><Name>הולצמן ישראל</Name><Mobile>0533143356</Mobile><Office>088543357</Office></DirectoryEntry><DirectoryEntry><Name>הולצמן ישראל</Name><Office>088659368</Office></DirectoryEntry><DirectoryEntry><Name>הולצמן ישראל</Name><Mobile>0504160045</Mobile><Office>0504160066</Office></DirectoryEntry><DirectoryEntry><Name>הולצמן ישראל</Name><Mobile>0504132829</Mobile><Office>036196055</Office></DirectoryEntry><DirectoryEntry><Name>הולצמן מאיר</Name><Office>0533143009</Office></DirectoryEntry><DirectoryEntry><Name>הולצמן מרדכי</Name><Mobile>0533147515</Mobile><Office>088654082</Office></DirectoryEntry><DirectoryEntry><Name>הולצמן פנחס מנחם</Name><Office>0556725316</Office></DirectoryEntry><DirectoryEntry><Name>הולצמן צבי משה</Name><Mobile>0504111427</Mobile><Office>048627877</Office></DirectoryEntry><DirectoryEntry><Name>הולצמן שמחה בונם</Name><Office>0548589489</Office></DirectoryEntry><DirectoryEntry><Name>הוניגסברג יהונתן זאב</Name><Mobile>0548463279</Mobile><Office>025383279</Office></DirectoryEntry><DirectoryEntry><Name>הוניגסברג יצחק</Name><Mobile>0533127318</Mobile><Office>088561412</Office></DirectoryEntry><DirectoryEntry><Name>הוניגסברג ישראל</Name><Office>0548596828</Office></DirectoryEntry><DirectoryEntry><Name>הוניגסברג מנחם מנדל</Name><Mobile>0533115642</Mobile><Office>088033052</Office></DirectoryEntry><DirectoryEntry><Name>הוניגסברג משה זלמן</Name><Office>088001414</Office></DirectoryEntry><DirectoryEntry><Name>הוניגסברג פנחס</Name><Office>0548541121</Office></DirectoryEntry><DirectoryEntry><Name>הוניגסברג שושנה</Name><Mobile>0533177168</Mobile><Office>048677168</Office></DirectoryEntry><DirectoryEntry><Name>הופמן יעקב</Name><Office>0533199773</Office></DirectoryEntry><DirectoryEntry><Name>הופמן יצחק מאיר</Name><Office>0534185072</Office></DirectoryEntry><DirectoryEntry><Name>הופמן מיכאל</Name><Office>035705833</Office></DirectoryEntry><DirectoryEntry><Name>הופמן מרדכי</Name><Mobile>0533199699</Mobile><Office>036181927</Office></DirectoryEntry><DirectoryEntry><Name>הופמן משה</Name><Mobile>0527634449</Mobile><Office>036194288</Office></DirectoryEntry><DirectoryEntry><Name>הופמן עמנואל</Name><Office>036188553</Office></DirectoryEntry><DirectoryEntry><Name>הופמן שרה</Name><Mobile>0544515883</Mobile><Office>036744905</Office></DirectoryEntry><DirectoryEntry><Name>הופרט דוד</Name><Mobile>0527633007</Mobile><Office>025380223</Office></DirectoryEntry><DirectoryEntry><Name>הופרט שלמה</Name><Mobile>0548449451</Mobile><Office>025376626</Office></DirectoryEntry><DirectoryEntry><Name>הופרט שמחה בונם</Name><Office>0527193619</Office></DirectoryEntry><DirectoryEntry><Name>הופשטיין אברהם</Name><Mobile>0527680465</Mobile><Office>025385023</Office></DirectoryEntry><DirectoryEntry><Name>הופשטיין אברהם מרדכי</Name><Mobile>0527643020</Mobile><Office>025385135</Office></DirectoryEntry><DirectoryEntry><Name>הופשטיין זאב</Name><Mobile>0527671465</Mobile><Office>036197980</Office></DirectoryEntry><DirectoryEntry><Name>הופשטיין יהודה אריה</Name><Mobile>0527643040</Mobile><Office>025370820</Office></DirectoryEntry><DirectoryEntry><Name>הופשטיין יצחק מאיר</Name><Office>039090562</Office></DirectoryEntry><DirectoryEntry><Name>הופשטיין ישראל</Name><Mobile>0533155098</Mobile><Office>025814354</Office></DirectoryEntry><DirectoryEntry><Name>הופשטיין מאיר</Name><Mobile>0533101158</Mobile><Office>025401822</Office></DirectoryEntry><DirectoryEntry><Name>הופשטיין מנחם</Name><Mobile>0533169938</Mobile><Office>0556730861</Office></DirectoryEntry><DirectoryEntry><Name>הופשטיין מרדכי</Name><Mobile>0533123412</Mobile><Office>029917513</Office></DirectoryEntry><DirectoryEntry><Name>הופשטיין משה</Name><Mobile>0527611272</Mobile><Office>025400252</Office></DirectoryEntry><DirectoryEntry><Name>הורביץ יהושע</Name><Office>088544968</Office></DirectoryEntry><DirectoryEntry><Name>הורביץ יעקב</Name><Office>088646298</Office></DirectoryEntry><DirectoryEntry><Name>הורוביץ אברהם</Name><Office>088656110</Office></DirectoryEntry><DirectoryEntry><Name>הורוביץ אברהם</Name><Office>036746470</Office></DirectoryEntry><DirectoryEntry><Name>הורוביץ אברהם</Name><Office>0548511237</Office></DirectoryEntry><DirectoryEntry><Name>הורוביץ אברהם</Name><Mobile>0583220015</Mobile><Office>048010015</Office></DirectoryEntry><DirectoryEntry><Name>הורוביץ אברהם חיים</Name><Office>088660015</Office></DirectoryEntry><DirectoryEntry><Name>הורוביץ אברהם חיים</Name><Office>088647751</Office></DirectoryEntry><DirectoryEntry><Name>הורוביץ אברהם חיים</Name><Office>0773354940</Office></DirectoryEntry><DirectoryEntry><Name>הורוביץ אהרן</Name><Office>0533163253</Office></DirectoryEntry><DirectoryEntry><Name>הורוביץ אהרן</Name><Office>088039014</Office></DirectoryEntry><DirectoryEntry><Name>הורוביץ אהרן</Name><Office>088008022</Office></DirectoryEntry><DirectoryEntry><Name>הורוביץ אלימלך</Name><Mobile>0548441694</Mobile><Office>089491694</Office></DirectoryEntry><DirectoryEntry><Name>הורוביץ אפרים</Name><Office>0527688772</Office></DirectoryEntry><DirectoryEntry><Name>הורוביץ אפרים</Name><Office>026787315</Office></DirectoryEntry><DirectoryEntry><Name>הורוביץ אפרים שרגא</Name><Office>0533141539</Office></DirectoryEntry><DirectoryEntry><Name>הורוביץ חיים</Name><Mobile>0548448550</Mobile><Office>025794233</Office></DirectoryEntry><DirectoryEntry><Name>הורוביץ חיים</Name><Office>088001085</Office></DirectoryEntry><DirectoryEntry><Name>הורוביץ חיים דב</Name><Office>088001013</Office></DirectoryEntry><DirectoryEntry><Name>הורוביץ יהודה אריה</Name><Mobile>0504155566</Mobile><Office>088651544</Office></DirectoryEntry><DirectoryEntry><Name>הורוביץ יהודה אריה</Name><Mobile>0548449083</Mobile><Office>029917392</Office></DirectoryEntry><DirectoryEntry><Name>הורוביץ יהודה אריה</Name><Mobile>0527157820</Mobile><Office>035782055</Office></DirectoryEntry><DirectoryEntry><Name>הורוביץ יהודה אריה לייב</Name><Office>0556752843</Office></DirectoryEntry><DirectoryEntry><Name>הורוביץ יהודה אריה לייב</Name><Mobile>0533128121</Mobile><Office>088039031</Office></DirectoryEntry><DirectoryEntry><Name>הורוביץ יהודה אריה לייב</Name><Mobile>0548526070</Mobile><Office>088020084</Office></DirectoryEntry><DirectoryEntry><Name>הורוביץ יהושע</Name><Mobile>0504100751</Mobile></DirectoryEntry><DirectoryEntry><Name>הורוביץ יהושע</Name><Mobile>0583211224</Mobile><Office>0548434593</Office></DirectoryEntry><DirectoryEntry><Name>הורוביץ יהושע</Name><Mobile>0548493867</Mobile><Office>088641899</Office></DirectoryEntry><DirectoryEntry><Name>הורוביץ יהושע</Name><Office>088003040</Office></DirectoryEntry><DirectoryEntry><Name>הורוביץ יהושע העשיל</Name><Office>0556722683</Office></DirectoryEntry><DirectoryEntry><Name>הורוביץ יהושע העשיל</Name><Office>086888435</Office></DirectoryEntry><DirectoryEntry><Name>הורוביץ יוסף אליעזר</Name><Mobile>0527656131</Mobile><Office>0775339636</Office></DirectoryEntry><DirectoryEntry><Name>הורוביץ יוסף אליעזר</Name><Office>088003393</Office></DirectoryEntry><DirectoryEntry><Name>הורוביץ יוסף אליעזר</Name><Mobile>0527125758</Mobile><Office>088004480</Office></DirectoryEntry><DirectoryEntry><Name>הורוביץ יחזקאל</Name><Office>0583200727</Office></DirectoryEntry><DirectoryEntry><Name>הורוביץ יחיאל מאיר</Name><Mobile>0504142767</Mobile><Office>088667466</Office></DirectoryEntry><DirectoryEntry><Name>הורוביץ יעקב</Name><Mobile>0533144140</Mobile><Office>035708195</Office></DirectoryEntry><DirectoryEntry><Name>הורוביץ יעקב דב</Name><Mobile>0548403693</Mobile><Office>088668046</Office></DirectoryEntry><DirectoryEntry><Name>הורוביץ יעקב מנחם</Name><Mobile>0527619110</Mobile><Office>088668956</Office></DirectoryEntry><DirectoryEntry><Name>הורוביץ יעקב שרגא</Name><Office>025861785</Office></DirectoryEntry><DirectoryEntry><Name>הורוביץ יצחק אביגדור</Name><Mobile>0583258608</Mobile><Office>025860867</Office></DirectoryEntry><DirectoryEntry><Name>הורוביץ יצחק אייזיק</Name><Mobile>0527687395</Mobile><Office>088652351</Office></DirectoryEntry><DirectoryEntry><Name>הורוביץ יצחק מאיר</Name><Office>088001231</Office></DirectoryEntry><DirectoryEntry><Name>הורוביץ יצחק שמחה</Name><Mobile>0527128989</Mobile><Office>089957924</Office></DirectoryEntry><DirectoryEntry><Name>הורוביץ ירוחם ירמיהו</Name><Mobile>0527613546</Mobile><Office>036495543</Office></DirectoryEntry><DirectoryEntry><Name>הורוביץ ישראל</Name><Mobile>0548450018</Mobile><Office>088566499</Office></DirectoryEntry><DirectoryEntry><Name>הורוביץ ישראל</Name><Office>029995723</Office></DirectoryEntry><DirectoryEntry><Name>הורוביץ ישראל</Name><Mobile>0533121623</Mobile><Office>025004156</Office></DirectoryEntry><DirectoryEntry><Name>הורוביץ ישראל</Name><Office>025381989</Office></DirectoryEntry><DirectoryEntry><Name>הורוביץ ישראל דוד</Name><Mobile>0527630694</Mobile></DirectoryEntry><DirectoryEntry><Name>הורוביץ ישראל יעקב</Name><Office>036193096</Office></DirectoryEntry><DirectoryEntry><Name>הורוביץ ישראל משה</Name><Mobile>0533180983</Mobile><Office>088559486</Office></DirectoryEntry><DirectoryEntry><Name>הורוביץ מלכה</Name><Office>036196571</Office></DirectoryEntry><DirectoryEntry><Name>הורוביץ מנחם מנדל</Name><Mobile>0583234234</Mobile></DirectoryEntry><DirectoryEntry><Name>הורוביץ מרדכי</Name><Mobile>0583266245</Mobile><Office>046934728</Office></DirectoryEntry><DirectoryEntry><Name>הורוביץ מרדכי אריה</Name><Office>0583282800</Office></DirectoryEntry><DirectoryEntry><Name>הורוביץ מרדכי שמואל</Name><Office>048204010</Office></DirectoryEntry><DirectoryEntry><Name>הורוביץ משה</Name><Mobile>0533157963</Mobile><Office>035796375</Office></DirectoryEntry><DirectoryEntry><Name>הורוביץ משה מנחם</Name><Mobile>0527633660</Mobile><Office>035703119</Office></DirectoryEntry><DirectoryEntry><Name>הורוביץ נדיה</Name><Office>036197789</Office></DirectoryEntry><DirectoryEntry><Name>הורוביץ נחמיה</Name><Mobile>0548433311</Mobile><Office>088659316</Office></DirectoryEntry><DirectoryEntry><Name>הורוביץ נעכא</Name><Office>036192550</Office></DirectoryEntry><DirectoryEntry><Name>הורוביץ נפתלי</Name><Mobile>0556759458</Mobile></DirectoryEntry><DirectoryEntry><Name>הורוביץ פינחס צבי</Name><Mobile>0548550030</Mobile></DirectoryEntry><DirectoryEntry><Name>הורוביץ פנחס אליהו</Name><Mobile>0548404573</Mobile><Office>039095972</Office></DirectoryEntry><DirectoryEntry><Name>הורוביץ פנחס מנחם</Name><Mobile>0556736374</Mobile><Office>0533111823</Office></DirectoryEntry><DirectoryEntry><Name>הורוביץ פתחיה רפאל שמעון</Name><Mobile>0556761191</Mobile><Office>0556721191</Office></DirectoryEntry><DirectoryEntry><Name>הורוביץ ציפה</Name><Office>088528650</Office></DirectoryEntry><DirectoryEntry><Name>הורוביץ ראובן</Name><Mobile>0527676052</Mobile><Office>088654409</Office></DirectoryEntry><DirectoryEntry><Name>הורוביץ רחל</Name><Office>036186629</Office></DirectoryEntry><DirectoryEntry><Name>הורוביץ שאול דוד</Name><Mobile>0527130619</Mobile><Office>088020042</Office></DirectoryEntry><DirectoryEntry><Name>הורוביץ שלמה</Name><Office>0774934706</Office></DirectoryEntry><DirectoryEntry><Name>הורוביץ שלמה</Name><Mobile>0527632268</Mobile><Office>036163834</Office></DirectoryEntry><DirectoryEntry><Name>הורוביץ שלמה</Name><Mobile>0533135144</Mobile><Office>035702648</Office></DirectoryEntry><DirectoryEntry><Name>הורוביץ שלמה</Name><Office>035746668</Office></DirectoryEntry><DirectoryEntry><Name>הורוביץ שמואל אלימלך</Name><Office>035333841</Office></DirectoryEntry><DirectoryEntry><Name>הורוביץ שמואל דוד</Name><Office>088001006</Office></DirectoryEntry><DirectoryEntry><Name>הורוביץ שמחה בונים</Name><Mobile>0583288953</Mobile></DirectoryEntry><DirectoryEntry><Name>הורוביץ שמחה בונם</Name><Office>088006088</Office></DirectoryEntry><DirectoryEntry><Name>הורוביץ שמחה בונם</Name><Mobile>0533187303</Mobile></DirectoryEntry><DirectoryEntry><Name>הורוביץ שמחה בונם</Name><Office>0583292379</Office></DirectoryEntry><DirectoryEntry><Name>הורוביץ שמחה בונם</Name><Office>088003252</Office></DirectoryEntry><DirectoryEntry><Name>הורונצ'יק אברהם שמעון</Name><Mobile>0504119382</Mobile></DirectoryEntry><DirectoryEntry><Name>הורונצ'יק אהרן</Name><Office>0527657090</Office></DirectoryEntry><DirectoryEntry><Name>הורונצ'יק אשר</Name><Mobile>0533166572</Mobile><Office>025378244</Office></DirectoryEntry><DirectoryEntry><Name>הורונצ'יק יעקב יהודה</Name><Mobile>0548463277</Mobile><Office>036163277</Office></DirectoryEntry><DirectoryEntry><Name>הורונצ'יק יצחק מאיר</Name><Office>0583291567</Office></DirectoryEntry><DirectoryEntry><Name>הורונצ'יק ישראל</Name><Mobile>0548431710</Mobile><Office>036197433</Office></DirectoryEntry><DirectoryEntry><Name>הורונצ'יק מרדכי</Name><Mobile>0548408956</Mobile><Office>036198955</Office></DirectoryEntry><DirectoryEntry><Name>הורונצ'יק שאול משה</Name><Mobile>0533155214</Mobile><Office>035701214</Office></DirectoryEntry><DirectoryEntry><Name>הורן אברהם מרדכי</Name><Mobile>0548424430</Mobile><Office>088657876</Office></DirectoryEntry><DirectoryEntry><Name>הורן אברהם מרדכי</Name><Mobile>0527610202</Mobile><Office>025386374</Office></DirectoryEntry><DirectoryEntry><Name>הורן אריה לייב</Name><Mobile>0533107155</Mobile><Office>0583266905</Office></DirectoryEntry><DirectoryEntry><Name>הורן יהודה אריה לייב</Name><Office>088042005</Office></DirectoryEntry><DirectoryEntry><Name>הורן יעקב</Name><Mobile>0527118200</Mobile><Office>025611423</Office></DirectoryEntry><DirectoryEntry><Name>הורן יעקב</Name><Mobile>0533130131</Mobile><Office>035708832</Office></DirectoryEntry><DirectoryEntry><Name>הורן ישראל</Name><Office>0527115693</Office></DirectoryEntry><DirectoryEntry><Name>הורן ישראל מנחם מנדל</Name><Mobile>0533190213</Mobile><Office>029990213</Office></DirectoryEntry><DirectoryEntry><Name>הורן משה</Name><Mobile>0527143609</Mobile><Office>026528420</Office></DirectoryEntry><DirectoryEntry><Name>הורן פנחס</Name><Office>0527106855</Office></DirectoryEntry><DirectoryEntry><Name>הורן צבי יצחק</Name><Office>038000129</Office></DirectoryEntry><DirectoryEntry><Name>הורן שלמה חנוך</Name><Mobile>0533107516</Mobile><Office>088653279</Office></DirectoryEntry><DirectoryEntry><Name>היידה אברהם מרדכי יוסף</Name><Mobile>0533178198</Mobile><Office>088559757</Office></DirectoryEntry><DirectoryEntry><Name>היידה אברהם שלמה זלמן</Name><Mobile>0504111808</Mobile><Office>089975878</Office></DirectoryEntry><DirectoryEntry><Name>היידה חיים יעקב</Name><Mobile>0533100244</Mobile><Office>0527655787</Office></DirectoryEntry><DirectoryEntry><Name>היידה יוסף חיים</Name><Office>0556720844</Office></DirectoryEntry><DirectoryEntry><Name>היידה יצחק שמעון</Name><Office>0527133621</Office></DirectoryEntry><DirectoryEntry><Name>היידה ישעיה זאב</Name><Office>0556738131</Office></DirectoryEntry><DirectoryEntry><Name>היידה ישראל</Name><Mobile>0527674448</Mobile><Office>029923448</Office></DirectoryEntry><DirectoryEntry><Name>היידה ישראל</Name><Mobile>0548419813</Mobile><Office>0527626283</Office></DirectoryEntry><DirectoryEntry><Name>היידה יששכר</Name><Mobile>0527138141</Mobile><Office>089974938</Office></DirectoryEntry><DirectoryEntry><Name>היידה יששכר</Name><Mobile>0548410097</Mobile><Office>086636106</Office></DirectoryEntry><DirectoryEntry><Name>היידה לאה</Name><Mobile>0527612774</Mobile><Office>035793016</Office></DirectoryEntry><DirectoryEntry><Name>היידה פינחס מנחם מנדל</Name><Mobile>0548530117</Mobile><Office>0548530199</Office></DirectoryEntry><DirectoryEntry><Name>היידה פנחס מנחם</Name><Office>0533149498</Office></DirectoryEntry><DirectoryEntry><Name>היידה צבי דוד</Name><Mobile>0533177788</Mobile><Office>029922630</Office></DirectoryEntry><DirectoryEntry><Name>היידה צבי דוד</Name><Mobile>0527119954</Mobile><Office>035700929</Office></DirectoryEntry><DirectoryEntry><Name>הייטנר ירחמיאל</Name><Office>0583290479</Office></DirectoryEntry><DirectoryEntry><Name>היימן יעקב דב</Name><Mobile>0533100381</Mobile><Office>029924464</Office></DirectoryEntry><DirectoryEntry><Name>היימן ישראל</Name><Mobile>0533152500</Mobile><Office>025387642</Office></DirectoryEntry><DirectoryEntry><Name>היינה אביגדור</Name><Mobile>0534103613</Mobile><Office>0534103614</Office></DirectoryEntry><DirectoryEntry><Name>היינה אברהם מרדכי</Name><Mobile>0533100339</Mobile><Office>088675619</Office></DirectoryEntry><DirectoryEntry><Name>היינה אברהם מרדכי</Name><Mobile>0504101414</Mobile><Office>088642882</Office></DirectoryEntry><DirectoryEntry><Name>היינה אברהם מרדכי</Name><Mobile>0527635706</Mobile><Office>035706806</Office></DirectoryEntry><DirectoryEntry><Name>היינה אהרן מנחם</Name><Mobile>0548417882</Mobile><Office>035780928</Office></DirectoryEntry><DirectoryEntry><Name>היינה יהודה אריה לייב</Name><Office>088020027</Office></DirectoryEntry><DirectoryEntry><Name>היינה יוסף שמחה</Name><Mobile>0527636731</Mobile><Office>086885513</Office></DirectoryEntry><DirectoryEntry><Name>היינה יחיאל מיכל</Name><Mobile>0527617243</Mobile><Office>035783185</Office></DirectoryEntry><DirectoryEntry><Name>היינה יצחק אהרן אפרים פישל</Name><Mobile>0533124747</Mobile><Office>088526408</Office></DirectoryEntry><DirectoryEntry><Name>היינה יצחק אפרים פישל</Name><Mobile>0527607864</Mobile><Office>035790370</Office></DirectoryEntry><DirectoryEntry><Name>היינה יצחק פישל אהרן</Name><Mobile>0527617241</Mobile><Office>025377693</Office></DirectoryEntry><DirectoryEntry><Name>היינה משה אהרן</Name><Office>0556730041</Office></DirectoryEntry><DirectoryEntry><Name>היינה משה מנחם</Name><Mobile>0583244493</Mobile><Office>0556722550</Office></DirectoryEntry><DirectoryEntry><Name>היינה פנחס</Name><Mobile>0533131521</Mobile><Office>086811598</Office></DirectoryEntry><DirectoryEntry><Name>היינה צבי ברוך</Name><Mobile>0533157006</Mobile><Office>035700647</Office></DirectoryEntry><DirectoryEntry><Name>היינה רפאל נח מנחם</Name><Mobile>0533114747</Mobile><Office>036181073</Office></DirectoryEntry><DirectoryEntry><Name>היינה שמואל אהרן</Name><Mobile>0583285564</Mobile><Office>0583274070</Office></DirectoryEntry><DirectoryEntry><Name>היינה שמואל יעקב</Name><Office>088000026</Office></DirectoryEntry><DirectoryEntry><Name>היינה שמחה בונם</Name><Mobile>0533194951</Mobile><Office>0556739100</Office></DirectoryEntry><DirectoryEntry><Name>היינה שמחה בונם</Name><Office>0583243493</Office></DirectoryEntry><DirectoryEntry><Name>הייקינד נתן</Name><Office>048731019</Office></DirectoryEntry><DirectoryEntry><Name>היישריק אליהו רפאל</Name><Mobile>0527678270</Mobile><Office>026420805</Office></DirectoryEntry><DirectoryEntry><Name>היישריק אליעזר זוסמן</Name><Mobile>0504117090</Mobile><Office>035793503</Office></DirectoryEntry><DirectoryEntry><Name>היישריק דב אברהם מרדכי</Name><Mobile>0548494994</Mobile><Office>035702892</Office></DirectoryEntry><DirectoryEntry><Name>היישריק יהודה אלכסנדר</Name><Mobile>0527620536</Mobile><Office>039080462</Office></DirectoryEntry><DirectoryEntry><Name>היישריק יחיאל אהרן</Name><Office>0737290796</Office></DirectoryEntry><DirectoryEntry><Name>היישריק יצחק</Name><Mobile>0533158713</Mobile><Office>025871373</Office></DirectoryEntry><DirectoryEntry><Name>היישריק ישראל</Name><Office>0556720749</Office></DirectoryEntry><DirectoryEntry><Name>היישריק פנחס אליהו</Name><Office>035789637</Office></DirectoryEntry><DirectoryEntry><Name>היישריק פנחס אליהו</Name><Office>088030900</Office></DirectoryEntry><DirectoryEntry><Name>היישריק שמחה בונם</Name><Office>0737243940</Office></DirectoryEntry><DirectoryEntry><Name>הילדסהיים שלמה</Name><Mobile>0527147485</Mobile><Office>025323244</Office></DirectoryEntry><DirectoryEntry><Name>הילר אברהם</Name><Mobile>0548459166</Mobile><Office>035709166</Office></DirectoryEntry><DirectoryEntry><Name>הילר אליעזר ליפמן</Name><Mobile>0533130018</Mobile><Office>036776760</Office></DirectoryEntry><DirectoryEntry><Name>הילר יונה נתן</Name><Mobile>0533153815</Mobile><Office>025388685</Office></DirectoryEntry><DirectoryEntry><Name>הילר ישראל</Name><Mobile>0527183486</Mobile><Office>0527118910</Office></DirectoryEntry><DirectoryEntry><Name>הילר צבי אליעזר</Name><Mobile>0533115619</Mobile><Office>088033041</Office></DirectoryEntry><DirectoryEntry><Name>הילר שמעון דוד יוחנן</Name><Office>0583255120</Office></DirectoryEntry><DirectoryEntry><Name>הימלפרב ברכה</Name><Office>025381528</Office></DirectoryEntry><DirectoryEntry><Name>הירש אברהם ישעיה</Name><Mobile>0533100635</Mobile><Office>029951928</Office></DirectoryEntry><DirectoryEntry><Name>הירש אהרן</Name><Office>025827395</Office></DirectoryEntry><DirectoryEntry><Name>הירש אסתר</Name><Office>025382095</Office></DirectoryEntry><DirectoryEntry><Name>הירש זאב ישראל נח</Name><Mobile>0527620960</Mobile><Office>0772040615</Office></DirectoryEntry><DirectoryEntry><Name>הירש יהושע</Name><Office>088675157</Office></DirectoryEntry><DirectoryEntry><Name>הירש יעקב יצחק</Name><Office>088653847</Office></DirectoryEntry><DirectoryEntry><Name>הירש מיכאל יהודה</Name><Mobile>0527122904</Mobile><Office>088551741</Office></DirectoryEntry><DirectoryEntry><Name>הירש פנחס אליעזר</Name><Office>025023173</Office></DirectoryEntry><DirectoryEntry><Name>הירש שלמה</Name><Mobile>0527601719</Mobile><Office>028080043</Office></DirectoryEntry><DirectoryEntry><Name>הירש שלמה</Name><Office>028067775</Office></DirectoryEntry><DirectoryEntry><Name>הירש שמואל יצחק</Name><Office>0527182843</Office></DirectoryEntry><DirectoryEntry><Name>הירשלר יעקב פסח</Name><Office>025383274</Office></DirectoryEntry><DirectoryEntry><Name>הירשלר משה ישראל</Name><Mobile>0548438234</Mobile><Office>025383274</Office></DirectoryEntry><DirectoryEntry><Name>הירשלר שמחה בונם</Name><Mobile>0533195941</Mobile><Office>088035010</Office></DirectoryEntry><DirectoryEntry><Name>הלברשטאם אסתר</Name><Office>036187172</Office></DirectoryEntry><DirectoryEntry><Name>הלברשטאם חיים מנחם</Name><Mobile>0533198075</Mobile><Office>036198074</Office></DirectoryEntry><DirectoryEntry><Name>הלברשטאם מרדכי דוב</Name><Office>025818445</Office></DirectoryEntry><DirectoryEntry><Name>הלפגוט אברהם אלחנן</Name><Office>086845623</Office></DirectoryEntry><DirectoryEntry><Name>הלפגוט בנימין</Name><Mobile>0533131159</Mobile><Office>026503626</Office></DirectoryEntry><DirectoryEntry><Name>הלפגוט ברוך</Name><Mobile>0527628181</Mobile><Office>026520830</Office></DirectoryEntry><DirectoryEntry><Name>הלפגוט דוד</Name><Mobile>0533144034</Mobile><Office>025371451</Office></DirectoryEntry><DirectoryEntry><Name>הלפגוט חיים אריה</Name><Office>088558521</Office></DirectoryEntry><DirectoryEntry><Name>הלפגוט חיים צבי</Name><Office>026514941</Office></DirectoryEntry><DirectoryEntry><Name>הלפגוט טוביה דב</Name><Office>036187565</Office></DirectoryEntry><DirectoryEntry><Name>הלפגוט יהודה</Name><Mobile>0504111932</Mobile><Office>088652834</Office></DirectoryEntry><DirectoryEntry><Name>הלפגוט יהודה אריה</Name><Mobile>0533144024</Mobile><Office>088654098</Office></DirectoryEntry><DirectoryEntry><Name>הלפגוט יואל</Name><Mobile>0548400199</Mobile><Office>088661460</Office></DirectoryEntry><DirectoryEntry><Name>הלפגוט יוסף</Name><Mobile>0533107014</Mobile><Office>088550725</Office></DirectoryEntry><DirectoryEntry><Name>הלפגוט ישעיהו</Name><Office>035700969</Office></DirectoryEntry><DirectoryEntry><Name>הלפגוט ישראל</Name><Office>025021532</Office></DirectoryEntry><DirectoryEntry><Name>הלפגוט ישראל</Name><Mobile>0548486668</Mobile><Office>029996736</Office></DirectoryEntry><DirectoryEntry><Name>הלפגוט ישראל</Name><Office>026257695</Office></DirectoryEntry><DirectoryEntry><Name>הלפגוט ישראל</Name><Mobile>0527163163</Mobile><Office>036201512</Office></DirectoryEntry><DirectoryEntry><Name>הלפגוט ישראל אריה</Name><Mobile>0548500297</Mobile><Office>0556769653</Office></DirectoryEntry><DirectoryEntry><Name>הלפגוט ישראל עקיבא</Name><Office>0533171159</Office></DirectoryEntry><DirectoryEntry><Name>הלפגוט מרדכי חיים</Name><Mobile>0527645957</Mobile><Office>0583244070</Office></DirectoryEntry><DirectoryEntry><Name>הלפגוט מרדכי יהודה</Name><Mobile>0548480187</Mobile><Office>036493715</Office></DirectoryEntry><DirectoryEntry><Name>הלפגוט משה</Name><Office>0556723789</Office></DirectoryEntry><DirectoryEntry><Name>הלפגוט משה לייב</Name><Mobile>0527670834</Mobile></DirectoryEntry><DirectoryEntry><Name>הלפגוט משה מרדכי</Name><Mobile>0533163009</Mobile><Office>035709834</Office></DirectoryEntry><DirectoryEntry><Name>הלפגוט פנחס מנחם</Name><Office>0556748938</Office></DirectoryEntry><DirectoryEntry><Name>הלפגוט פנחס מנחם</Name><Mobile>0548434200</Mobile><Office>036560122</Office></DirectoryEntry><DirectoryEntry><Name>הלפגוט פנחס מנחם</Name><Office>025456585</Office></DirectoryEntry><DirectoryEntry><Name>הלפגוט שלמה יהודה אריה לייב</Name><Office>025813738</Office></DirectoryEntry><DirectoryEntry><Name>הלפגוט שמחה</Name><Mobile>0527113592</Mobile><Office>088559800</Office></DirectoryEntry><DirectoryEntry><Name>הלפגוט שמחה</Name><Office>036198921</Office></DirectoryEntry><DirectoryEntry><Name>הלפגוט שמחה בונים</Name><Office>0533195190</Office></DirectoryEntry><DirectoryEntry><Name>הלפגוט שמחה בונם</Name><Office>0534122572</Office></DirectoryEntry><DirectoryEntry><Name>הלפגוט שמחה בונם</Name><Mobile>0533121159</Mobile></DirectoryEntry><DirectoryEntry><Name>הלפגוט שמחה יעקב</Name><Office>0777008564</Office></DirectoryEntry><DirectoryEntry><Name>הלפגוט שמחה יעקב</Name><Mobile>0527156565</Mobile><Office>029910185</Office></DirectoryEntry><DirectoryEntry><Name>הלפרין אברהם</Name><Office>0533184008</Office></DirectoryEntry><DirectoryEntry><Name>הלפרין אברהם זעליג</Name><Mobile>0548404544</Mobile><Office>0779230379</Office></DirectoryEntry><DirectoryEntry><Name>הלפרין חיים יעקב</Name><Mobile>0527123022</Mobile><Office>025372483</Office></DirectoryEntry><DirectoryEntry><Name>הלפרין יהודה אריה</Name><Mobile>0527672721</Mobile><Office>036199057</Office></DirectoryEntry><DirectoryEntry><Name>הלפרין יחזקאל</Name><Mobile>0548527889</Mobile></DirectoryEntry><DirectoryEntry><Name>הלפרין יעקב זאב</Name><Office>025023554</Office></DirectoryEntry><DirectoryEntry><Name>הלפרין יצחק מאיר</Name><Mobile>0504132809</Mobile><Office>036197758</Office></DirectoryEntry><DirectoryEntry><Name>הלפרין ישראל</Name><Mobile>0533108583</Mobile></DirectoryEntry><DirectoryEntry><Name>הלפרין ישראל</Name><Mobile>0533186912</Mobile><Office>039086912</Office></DirectoryEntry><DirectoryEntry><Name>הלפרין משה</Name><Mobile>0533188105</Mobile><Office>035743920</Office></DirectoryEntry><DirectoryEntry><Name>הלפרין משה צבי</Name><Office>029990930</Office></DirectoryEntry><DirectoryEntry><Name>הלפרין נחום יואל</Name><Office>0527107015</Office></DirectoryEntry><DirectoryEntry><Name>הלפרין פנחס מנחם</Name><Office>0527136844</Office></DirectoryEntry><DirectoryEntry><Name>הלפרין שושנה</Name><Office>036188582</Office></DirectoryEntry><DirectoryEntry><Name>הלפרין שלמה</Name><Mobile>0548450912</Mobile><Office>025400244</Office></DirectoryEntry><DirectoryEntry><Name>הלפרין שמחה בונם</Name><Mobile>0527178342</Mobile><Office>028000803</Office></DirectoryEntry><DirectoryEntry><Name>הלר דוד</Name><Office>025388588</Office></DirectoryEntry><DirectoryEntry><Name>הלר דוד</Name><Office>026446994</Office></DirectoryEntry><DirectoryEntry><Name>הלר יו"ט ליפמן</Name><Mobile>0533124345</Mobile><Office>025388588</Office></DirectoryEntry><DirectoryEntry><Name>הלר יוסף דב</Name><Mobile>0527152558</Mobile><Office>025003558</Office></DirectoryEntry><DirectoryEntry><Name>הלר ישראל</Name><Office>089560639</Office></DirectoryEntry><DirectoryEntry><Name>הלר שמעיהו</Name><Mobile>0527150964</Mobile><Office>029923964</Office></DirectoryEntry><DirectoryEntry><Name>המאירי איסר</Name><Office>025868272</Office></DirectoryEntry><DirectoryEntry><Name>המבורגר אהרן צבי</Name><Mobile>0504158828</Mobile><Office>088641420</Office></DirectoryEntry><DirectoryEntry><Name>המבורגר דוד שלמה</Name><Mobile>0533175206</Mobile><Office>029990596</Office></DirectoryEntry><DirectoryEntry><Name>המבורגר ישראל</Name><Mobile>0527685335</Mobile><Office>088553299</Office></DirectoryEntry><DirectoryEntry><Name>המבורגר מאיר</Name><Office>035704873</Office></DirectoryEntry><DirectoryEntry><Name>המבורגר מנחם</Name><Office>089974414</Office></DirectoryEntry><DirectoryEntry><Name>המר אברהם</Name><Mobile>0504101530</Mobile><Office>035788196</Office></DirectoryEntry><DirectoryEntry><Name>המר אליהו</Name><Mobile>0533158818</Mobile><Office>046930640</Office></DirectoryEntry><DirectoryEntry><Name>המר חיים</Name><Mobile>0527667747</Mobile><Office>029924346</Office></DirectoryEntry><DirectoryEntry><Name>המר יהושע</Name><Mobile>0527613474</Mobile><Office>026523478</Office></DirectoryEntry><DirectoryEntry><Name>המר ישראל</Name><Office>0777006213</Office></DirectoryEntry><DirectoryEntry><Name>המר מנחם מנדל</Name><Office>025867213</Office></DirectoryEntry><DirectoryEntry><Name>המר צבי</Name><Mobile>0533165202</Mobile><Office>029990658</Office></DirectoryEntry><DirectoryEntry><Name>המר שמחה בונם</Name><Office>0548477203</Office></DirectoryEntry><DirectoryEntry><Name>המר שמחה בונם</Name><Office>048004008</Office></DirectoryEntry><DirectoryEntry><Name>הנדל חנוך</Name><Office>026513027</Office></DirectoryEntry><DirectoryEntry><Name>הנדלס בנימין זאב</Name><Mobile>0527656678</Mobile><Office>048621327</Office></DirectoryEntry><DirectoryEntry><Name>הנדלס דוד</Name><Office>0527193544</Office></DirectoryEntry><DirectoryEntry><Name>הנדלס חיים דוד</Name><Office>088567430</Office></DirectoryEntry><DirectoryEntry><Name>הנדלס יהודה אריה</Name><Mobile>0544689300</Mobile><Office>035282740</Office></DirectoryEntry><DirectoryEntry><Name>הנדלס יהודה אריה לייב</Name><Mobile>0504199739</Mobile><Office>0773010496</Office></DirectoryEntry><DirectoryEntry><Name>הנדלס יהודה לייב</Name><Mobile>0527645410</Mobile></DirectoryEntry><DirectoryEntry><Name>הנדלס יוחנן משה</Name><Office>025820333</Office></DirectoryEntry><DirectoryEntry><Name>הנדלס יוסף</Name><Mobile>0548593396</Mobile><Office>088671577</Office></DirectoryEntry><DirectoryEntry><Name>הנדלס יוסף יוזפא אלתר</Name><Office>025820023</Office></DirectoryEntry><DirectoryEntry><Name>הנדלס יחיאל יעקב</Name><Mobile>0527639452</Mobile><Office>048441261</Office></DirectoryEntry><DirectoryEntry><Name>הנדלס ישראל</Name><Mobile>0533125893</Mobile><Office>025378167</Office></DirectoryEntry><DirectoryEntry><Name>הנדלס ישראל</Name><Office>0527166204</Office></DirectoryEntry><DirectoryEntry><Name>הנדלס ישראל מנחם</Name><Mobile>0527644141</Mobile><Office>039379494</Office></DirectoryEntry><DirectoryEntry><Name>הנדלס לאה</Name><Mobile>0522453451</Mobile><Office>036855515</Office></DirectoryEntry><DirectoryEntry><Name>הנדלס מאיר</Name><Mobile>0548593396</Mobile><Office>088542597</Office></DirectoryEntry><DirectoryEntry><Name>הנדלס מאיר</Name><Mobile>0533169500</Mobile><Office>088643181</Office></DirectoryEntry><DirectoryEntry><Name>הנדלס מאיר</Name><Mobile>0504111130</Mobile><Office>036181386</Office></DirectoryEntry><DirectoryEntry><Name>הנדלס מנחם דוד</Name><Mobile>0533170642</Mobile><Office>035706411</Office></DirectoryEntry><DirectoryEntry><Name>הנדלס מרדכי צבי</Name><Mobile>0527600492</Mobile><Office>025371399</Office></DirectoryEntry><DirectoryEntry><Name>הנדלס נפתלי צבי</Name><Mobile>0533160120</Mobile><Office>088675302</Office></DirectoryEntry><DirectoryEntry><Name>הנדלס פינחס מנחם</Name><Office>0533108241</Office></DirectoryEntry><DirectoryEntry><Name>הנדלס פנחס</Name><Office>088009394</Office></DirectoryEntry><DirectoryEntry><Name>הנדלס שאול יהודה</Name><Mobile>0533188566</Mobile><Office>025388648</Office></DirectoryEntry><DirectoryEntry><Name>הנדלס שלום זליג</Name><Office>038050019</Office></DirectoryEntry><DirectoryEntry><Name>הנדלס שלמה זלמן</Name><Mobile>0583282945</Mobile></DirectoryEntry><DirectoryEntry><Name>הנדלס שלמה נפתלי</Name><Mobile>0527640001</Mobile><Office>048623949</Office></DirectoryEntry><DirectoryEntry><Name>הנדלס שמחה בונם</Name><Office>088001176</Office></DirectoryEntry><DirectoryEntry><Name>הנדלס שמחה בונם</Name><Mobile>0548467985</Mobile><Office>088003900</Office></DirectoryEntry><DirectoryEntry><Name>הנדלס שרה</Name><Mobile>0527638457</Mobile><Office>048664325</Office></DirectoryEntry><DirectoryEntry><Name>הנדלסמן דב</Name><Office>038000910</Office></DirectoryEntry><DirectoryEntry><Name>הנדלסמן יעקב מנחם</Name><Office>029920204</Office></DirectoryEntry><DirectoryEntry><Name>הנדלסמן ירחמיאל ישראל יצחק</Name><Mobile>0533156575</Mobile><Office>088523490</Office></DirectoryEntry><DirectoryEntry><Name>הנדלסמן קיילא כרמלה</Name><Mobile>0533141141</Mobile><Office>035700412</Office></DirectoryEntry><DirectoryEntry><Name>הס עקיבא</Name><Mobile>0548448161</Mobile><Office>036167452</Office></DirectoryEntry><DirectoryEntry><Name>הפטקה אברהם מרדכי</Name><Mobile>0533180140</Mobile><Office>088645622</Office></DirectoryEntry><DirectoryEntry><Name>הפטקה דב בעריש</Name><Office>0556731553</Office></DirectoryEntry><DirectoryEntry><Name>הפטקה יוסף</Name><Office>035792525</Office></DirectoryEntry><DirectoryEntry><Name>הפטקה ישראל</Name><Mobile>0533167060</Mobile><Office>035706071</Office></DirectoryEntry><DirectoryEntry><Name>הפטקה ישראל צבי</Name><Office>048666799</Office></DirectoryEntry><DirectoryEntry><Name>הפטקה מאיר אליקום ויוטא</Name><Mobile>0533113032</Mobile><Office>025382070</Office></DirectoryEntry><DirectoryEntry><Name>הפטקה מנחם זלמן</Name><Mobile>0527160060</Mobile><Office>088540602</Office></DirectoryEntry><DirectoryEntry><Name>הפטקה נפתלי יוסף</Name><Mobile>0548449192</Mobile><Office>029921240</Office></DirectoryEntry><DirectoryEntry><Name>הפטקה שולמית</Name><Office>035708953</Office></DirectoryEntry><DirectoryEntry><Name>הפטקה שמואל חיים</Name><Mobile>0533167688</Mobile><Office>036768844</Office></DirectoryEntry><DirectoryEntry><Name>הר זהב nan</Name><Office>036044876</Office></DirectoryEntry><DirectoryEntry><Name>הר זהב ברוך</Name><Office>035462847</Office></DirectoryEntry><DirectoryEntry><Name>הר זהב שמעון</Name><Office>035461060</Office></DirectoryEntry><DirectoryEntry><Name>הרטמן יחיאל משה</Name><Office>035741459</Office></DirectoryEntry><DirectoryEntry><Name>הרמן משה</Name><Mobile>0527670000</Mobile></DirectoryEntry><DirectoryEntry><Name>הרץ אברהם אליהו</Name><Mobile>0556737302</Mobile><Office>028024142</Office></DirectoryEntry><DirectoryEntry><Name>הרץ אברהם אלכסנדר</Name><Mobile>0527123700</Mobile><Office>088033022</Office></DirectoryEntry><DirectoryEntry><Name>הרץ אליהו</Name><Mobile>0527618721</Mobile><Office>088648721</Office></DirectoryEntry><DirectoryEntry><Name>הרץ אריה לייב</Name><Mobile>0533145991</Mobile><Office>025824225</Office></DirectoryEntry><DirectoryEntry><Name>הרץ חיים נחמן</Name><Mobile>0533133200</Mobile><Office>035796453</Office></DirectoryEntry><DirectoryEntry><Name>הרץ חנוך יששכר</Name><Mobile>0527627474</Mobile><Office>025375473</Office></DirectoryEntry><DirectoryEntry><Name>הרץ יהודה צבי</Name><Mobile>0583270076</Mobile><Office>0548556161</Office></DirectoryEntry><DirectoryEntry><Name>הרץ יהושע נח</Name><Mobile>0527178200</Mobile><Office>088020030</Office></DirectoryEntry><DirectoryEntry><Name>הרץ יוסף</Name><Office>088662168</Office></DirectoryEntry><DirectoryEntry><Name>הרץ יוסף</Name><Office>025825256</Office></DirectoryEntry><DirectoryEntry><Name>הרץ יצחק מאיר</Name><Mobile>0533101178</Mobile><Office>036494150</Office></DirectoryEntry><DirectoryEntry><Name>הרץ ישראל</Name><Mobile>0533191980</Mobile><Office>029991980</Office></DirectoryEntry><DirectoryEntry><Name>הרץ מנחם מנדל</Name><Office>025381138</Office></DirectoryEntry><DirectoryEntry><Name>הרץ מרדכי יהודה</Name><Mobile>0533145993</Mobile><Office>088675397</Office></DirectoryEntry><DirectoryEntry><Name>הרץ מרדכי יהודה</Name><Office>0527182700</Office></DirectoryEntry><DirectoryEntry><Name>הרץ פנחס יחזקאל</Name><Mobile>0548460214</Mobile><Office>036185349</Office></DirectoryEntry><DirectoryEntry><Name>הרץ פנחס מנחם</Name><Mobile>0534184118</Mobile><Office>0583245996</Office></DirectoryEntry><DirectoryEntry><Name>הרץ רות רבקה</Name><Mobile>0533145990</Mobile><Office>025382815</Office></DirectoryEntry><DirectoryEntry><Name>הרץ רפאל</Name><Mobile>0533114154</Mobile></DirectoryEntry><DirectoryEntry><Name>הרץ שמואל יוסף</Name><Mobile>0504100822</Mobile><Office>048664215</Office></DirectoryEntry><DirectoryEntry><Name>הרץ שמעון</Name><Mobile>0527139358</Mobile></DirectoryEntry><DirectoryEntry><Name>הרצברג יהודה אריה לייב</Name><Office>088020004</Office></DirectoryEntry><DirectoryEntry><Name>הרצברג עליזה</Name><Office>026520776</Office></DirectoryEntry><DirectoryEntry><Name>הרצברג ראובן</Name><Office>026540737</Office></DirectoryEntry><DirectoryEntry><Name>הרצברג שמעון</Name><Office>035793953</Office></DirectoryEntry><DirectoryEntry><Name>הרצוג דוד</Name><Mobile>0527120140</Mobile><Office>088677714</Office></DirectoryEntry><DirectoryEntry><Name>הרצוג הדסה</Name><Mobile>0527617738</Mobile><Office>025387619</Office></DirectoryEntry><DirectoryEntry><Name>הרצוג יהודה</Name><Mobile>0533133020</Mobile><Office>088666714</Office></DirectoryEntry><DirectoryEntry><Name>הרצוג ישראל מרדכי</Name><Mobile>0527172600</Mobile><Office>025387619</Office></DirectoryEntry><DirectoryEntry><Name>הרצוג צפורה</Name><Mobile>0504101340</Mobile><Office>088641953</Office></DirectoryEntry><DirectoryEntry><Name>הרצוג שניאור זלמן</Name><Mobile>0533100150</Mobile></DirectoryEntry><DirectoryEntry><Name>הרשברג אברהם ישעיה</Name><Mobile>0533186543</Mobile><Office>088667452</Office></DirectoryEntry><DirectoryEntry><Name>הרשברג אברהם מרדכי</Name><Mobile>0548428051</Mobile><Office>0533116705</Office></DirectoryEntry><DirectoryEntry><Name>הרשברג אברהם מרדכי</Name><Mobile>0504142216</Mobile><Office>025381002</Office></DirectoryEntry><DirectoryEntry><Name>הרשברג ברוך זאב</Name><Mobile>0533141433</Mobile></DirectoryEntry><DirectoryEntry><Name>הרשברג יהודה אריה</Name><Mobile>0527679444</Mobile></DirectoryEntry><DirectoryEntry><Name>הרשברג יהודה אריה</Name><Mobile>0504142218</Mobile><Office>088039065</Office></DirectoryEntry><DirectoryEntry><Name>הרשברג יהודה אריה לייב</Name><Mobile>0502560058</Mobile><Office>025673303</Office></DirectoryEntry><DirectoryEntry><Name>הרשברג יעקב יוסף</Name><Mobile>0527646840</Mobile><Office>0556703291</Office></DirectoryEntry><DirectoryEntry><Name>הרשברג יצחק אייזיק</Name><Mobile>0533101205</Mobile><Office>048678540</Office></DirectoryEntry><DirectoryEntry><Name>הרשברג יצחק אייזיק</Name><Office>0583254442</Office></DirectoryEntry><DirectoryEntry><Name>הרשברג ישראל</Name><Mobile>0504142220</Mobile><Office>035366615</Office></DirectoryEntry><DirectoryEntry><Name>הרשברג משה אהרן</Name><Mobile>0533199981</Mobile><Office>086524545</Office></DirectoryEntry><DirectoryEntry><Name>הרשברג נחמיה</Name><Office>025388956</Office></DirectoryEntry><DirectoryEntry><Name>הרשברג פינחס מנחם מנדל</Name><Office>0556738301</Office></DirectoryEntry><DirectoryEntry><Name>הרשברג פנחס מנחם</Name><Office>088001122</Office></DirectoryEntry><DirectoryEntry><Name>הרשברג שמחה בונם</Name><Office>088001323</Office></DirectoryEntry><DirectoryEntry><Name>הרשטיין חיים משה</Name><Office>088662524</Office></DirectoryEntry><DirectoryEntry><Name>הרשטיין יעקב</Name><Office>088657049</Office></DirectoryEntry><DirectoryEntry><Name>הרשלר שלמה יהודה</Name><Office>026519931</Office></DirectoryEntry><DirectoryEntry><Name>הרשנבוים nan</Name><Mobile>0583266601</Mobile><Office>088566627</Office></DirectoryEntry><DirectoryEntry><Name>הרשנבוים אלכסנדר מיכאל</Name><Mobile>0504161289</Mobile><Office>088662174</Office></DirectoryEntry><DirectoryEntry><Name>הרשנבוים ברוך</Name><Mobile>0548434940</Mobile></DirectoryEntry><DirectoryEntry><Name>הרשנבוים דוד צבי שלמה</Name><Office>0533180111</Office></DirectoryEntry><DirectoryEntry><Name>הרשנבוים חנוך העניך</Name><Mobile>0548434007</Mobile><Office>036499683</Office></DirectoryEntry><DirectoryEntry><Name>הרשנבוים יוחנן</Name><Office>035782806</Office></DirectoryEntry><DirectoryEntry><Name>הרשנבוים יוסף יצחק</Name><Office>088651800</Office></DirectoryEntry><DirectoryEntry><Name>הרשנבוים יוסף יצחק</Name><Mobile>0548526474</Mobile><Office>029992439</Office></DirectoryEntry><DirectoryEntry><Name>הרשנבוים יוסף יצחק</Name><Mobile>0527170204</Mobile><Office>025021027</Office></DirectoryEntry><DirectoryEntry><Name>הרשנבוים ישראל</Name><Office>4167827247</Office></DirectoryEntry><DirectoryEntry><Name>הרשנבוים מרגלית</Name><Mobile>0504119767</Mobile><Office>025373585</Office></DirectoryEntry><DirectoryEntry><Name>הרשנבוים מרדכי פרץ</Name><Mobile>0533154324</Mobile><Office>088654323</Office></DirectoryEntry><DirectoryEntry><Name>הרשנבוים מרדכי פרץ</Name><Mobile>0533153767</Mobile><Office>025376776</Office></DirectoryEntry><DirectoryEntry><Name>הרשנבוים נפתלי</Name><Mobile>0527622020</Mobile><Office>025867122</Office></DirectoryEntry><DirectoryEntry><Name>הרשנבוים נתן</Name><Mobile>0527153505</Mobile><Office>035701283</Office></DirectoryEntry><DirectoryEntry><Name>הרשנבוים פינחם מנחם</Name><Office>0548520999</Office></DirectoryEntry><DirectoryEntry><Name>הרשנבוים פנחס אריה אליעזר</Name><Mobile>0548402118</Mobile><Office>025373213</Office></DirectoryEntry><DirectoryEntry><Name>הרשנבוים שמחה בונם</Name><Office>038060033</Office></DirectoryEntry><DirectoryEntry><Name>הרשנבוים שמעון שמחה</Name><Mobile>0527152756</Mobile></DirectoryEntry><DirectoryEntry><Name>הרשקו יצחק בנימין</Name><Mobile>0522319761</Mobile><Office>098828482</Office></DirectoryEntry><DirectoryEntry><Name>הרשקוביץ אברהם מרדכי</Name><Mobile>0533152242</Mobile><Office>025000439</Office></DirectoryEntry><DirectoryEntry><Name>הרשקוביץ אהרן</Name><Office>088606800</Office></DirectoryEntry><DirectoryEntry><Name>הרשקוביץ אליהו יצחק</Name><Mobile>0527154155</Mobile><Office>088653008</Office></DirectoryEntry><DirectoryEntry><Name>הרשקוביץ אליהו שמעון</Name><Mobile>0533178133</Mobile></DirectoryEntry><DirectoryEntry><Name>הרשקוביץ אלעזר</Name><Mobile>0548486246</Mobile><Office>0527140254</Office></DirectoryEntry><DirectoryEntry><Name>הרשקוביץ ברוך יצחק</Name><Mobile>0533150334</Mobile><Office>0773010092</Office></DirectoryEntry><DirectoryEntry><Name>הרשקוביץ דוד</Name><Mobile>0504110837</Mobile><Office>035706494</Office></DirectoryEntry><DirectoryEntry><Name>הרשקוביץ דוד אברהם</Name><Office>036195474</Office></DirectoryEntry><DirectoryEntry><Name>הרשקוביץ חיה</Name><Office>036198618</Office></DirectoryEntry><DirectoryEntry><Name>הרשקוביץ חיים שמואל ישראל</Name><Office>0556765617</Office></DirectoryEntry><DirectoryEntry><Name>הרשקוביץ חנה</Name><Office>046931306</Office></DirectoryEntry><DirectoryEntry><Name>הרשקוביץ יהודה אריה לייב</Name><Office>026246764</Office></DirectoryEntry><DirectoryEntry><Name>הרשקוביץ יהודה דוד</Name><Mobile>0527675175</Mobile><Office>089952852</Office></DirectoryEntry><DirectoryEntry><Name>הרשקוביץ יוחנן</Name><Office>088606719</Office></DirectoryEntry><DirectoryEntry><Name>הרשקוביץ יוסף</Name><Office>025372056</Office></DirectoryEntry><DirectoryEntry><Name>הרשקוביץ יוסף יהודה</Name><Mobile>0533157044</Mobile><Office>035704475</Office></DirectoryEntry><DirectoryEntry><Name>הרשקוביץ יוסף שרגא</Name><Office>0583220779</Office></DirectoryEntry><DirectoryEntry><Name>הרשקוביץ יעקב אלימלך</Name><Mobile>0533122383</Mobile><Office>025322383</Office></DirectoryEntry><DirectoryEntry><Name>הרשקוביץ יצחק</Name><Mobile>0583200006</Mobile><Office>0504152039</Office></DirectoryEntry><DirectoryEntry><Name>הרשקוביץ יצחק</Name><Mobile>0533115966</Mobile><Office>025376719</Office></DirectoryEntry><DirectoryEntry><Name>הרשקוביץ ישעיהו</Name><Mobile>0527696655</Mobile><Office>0773515455</Office></DirectoryEntry><DirectoryEntry><Name>הרשקוביץ ישראל</Name><Mobile>0527610857</Mobile><Office>088522658</Office></DirectoryEntry><DirectoryEntry><Name>הרשקוביץ ישראל</Name><Mobile>0533195474</Mobile><Office>046800570</Office></DirectoryEntry><DirectoryEntry><Name>הרשקוביץ ישראל</Name><Office>025021689</Office></DirectoryEntry><DirectoryEntry><Name>הרשקוביץ ישראל</Name><Mobile>0548479956</Mobile><Office>089979956</Office></DirectoryEntry><DirectoryEntry><Name>הרשקוביץ מאיר זאב</Name><Mobile>0527621844</Mobile><Office>0527633844</Office></DirectoryEntry><DirectoryEntry><Name>הרשקוביץ מאיר יוסף</Name><Mobile>0527616571</Mobile><Office>089958571</Office></DirectoryEntry><DirectoryEntry><Name>הרשקוביץ מנחם מנדל</Name><Office>035701423</Office></DirectoryEntry><DirectoryEntry><Name>הרשקוביץ מנשה</Name><Mobile>0527618388</Mobile><Office>046936407</Office></DirectoryEntry><DirectoryEntry><Name>הרשקוביץ מרדכי</Name><Mobile>0533181279</Mobile><Office>035782820</Office></DirectoryEntry><DirectoryEntry><Name>הרשקוביץ מרדכי יוסף</Name><Mobile>0527691616</Mobile><Office>088042028</Office></DirectoryEntry><DirectoryEntry><Name>הרשקוביץ מרדכי ירחמיאל</Name><Office>088020128</Office></DirectoryEntry><DirectoryEntry><Name>הרשקוביץ משה</Name><Mobile>0583221545</Mobile><Office>0583272622</Office></DirectoryEntry><DirectoryEntry><Name>הרשקוביץ משה</Name><Office>0583280677</Office></DirectoryEntry><DirectoryEntry><Name>הרשקוביץ משה</Name><Mobile>0527687759</Mobile></DirectoryEntry><DirectoryEntry><Name>הרשקוביץ נפתלי צבי</Name><Mobile>0548449243</Mobile><Office>036191655</Office></DirectoryEntry><DirectoryEntry><Name>הרשקוביץ פנחס מנחם</Name><Mobile>0583299595</Mobile><Office>0583250543</Office></DirectoryEntry><DirectoryEntry><Name>הרשקוביץ פנחס מנחם מאיר</Name><Office>0533127668</Office></DirectoryEntry><DirectoryEntry><Name>הרשקוביץ קיילא יוטא</Name><Mobile>0527652044</Mobile><Office>036167153</Office></DirectoryEntry><DirectoryEntry><Name>הרשקוביץ שאול</Name><Mobile>0548519779</Mobile><Office>0527676494</Office></DirectoryEntry><DirectoryEntry><Name>הרשקוביץ שלום מנחם</Name><Mobile>0527109933</Mobile></DirectoryEntry><DirectoryEntry><Name>הרשקוביץ שלמה</Name><Mobile>0504120633</Mobile><Office>036165526</Office></DirectoryEntry><DirectoryEntry><Name>הרשקוביץ שלמה אברהם</Name><Office>551189361373</Office></DirectoryEntry><DirectoryEntry><Name>הרשקוביץ שמחה בונם</Name><Mobile>0556764992</Mobile><Office>0556772808</Office></DirectoryEntry><DirectoryEntry><Name>הרשקוביץ שמחה בונם</Name><Office>025370535</Office></DirectoryEntry><DirectoryEntry><Name>הרשקוביץ שמחה בונם</Name><Office>0583276268</Office></DirectoryEntry><DirectoryEntry><Name>הרשקוביץ שמחה בונם</Name><Office>088001270</Office></DirectoryEntry><DirectoryEntry><Name>הרשקוביץ שמעון</Name><Office>0527108639</Office></DirectoryEntry><DirectoryEntry><Name>הרשקוביץ שמעון אהרן</Name><Mobile>0533172775</Mobile><Office>0556735705</Office></DirectoryEntry><DirectoryEntry><Name>הרשקוביץ שמעון אהרן</Name><Office>0548597916</Office></DirectoryEntry><DirectoryEntry><Name>הרשקוביץ שמעון אהרן</Name><Mobile>0527637637</Mobile><Office>046935371</Office></DirectoryEntry><DirectoryEntry><Name>הרשקוביץ שמעון אהרן</Name><Mobile>0583233081</Mobile><Office>088033081</Office></DirectoryEntry></YealinkIPPhoneDirectory>