<?xml version='1.0' encoding='utf-8'?>
<YealinkIPPhoneDirectory><Title>ספר טלפונים – ח</Title><DirectoryEntry><Name>חברוני אברהם משה</Name><Mobile>0548448888</Mobile><Office>035791845</Office></DirectoryEntry><DirectoryEntry><Name>חברוני אלחנן יצחק</Name><Mobile>0533150082</Mobile><Office>025004105</Office></DirectoryEntry><DirectoryEntry><Name>חברוני יהודה אריה לייב</Name><Mobile>0556724673</Mobile></DirectoryEntry><DirectoryEntry><Name>חברוני ישראל</Name><Office>029924250</Office></DirectoryEntry><DirectoryEntry><Name>חברוני פייגה</Name><Office>025000080</Office></DirectoryEntry><DirectoryEntry><Name>חורז'בסקי אריה לייב</Name><Mobile>0504128781</Mobile><Office>036189826</Office></DirectoryEntry><DirectoryEntry><Name>חורז'בסקי חיים</Name><Office>088658678</Office></DirectoryEntry><DirectoryEntry><Name>חייטובסקי חזקיהו</Name><Office>0533109063</Office></DirectoryEntry><DirectoryEntry><Name>חייטובסקי יעקב ישראל</Name><Mobile>0533193619</Mobile><Office>088646051</Office></DirectoryEntry><DirectoryEntry><Name>חייטובסקי יצחק בנימין</Name><Mobile>0527116830</Mobile><Office>088647998</Office></DirectoryEntry><DirectoryEntry><Name>חייטובסקי ישעיהו</Name><Office>0556730164</Office></DirectoryEntry><DirectoryEntry><Name>חייטובסקי ישראל</Name><Office>088031333</Office></DirectoryEntry><DirectoryEntry><Name>חייטובסקי שמחה בונם</Name><Office>048001018</Office></DirectoryEntry><DirectoryEntry><Name>חיים שלום</Name><Office>025909645</Office></DirectoryEntry><DirectoryEntry><Name>חינקיס אברהם מנא</Name><Mobile>0548467518</Mobile><Office>036181829</Office></DirectoryEntry><DirectoryEntry><Name>חינקיס יהודה אריה</Name><Mobile>0548450352</Mobile><Office>035790022</Office></DirectoryEntry><DirectoryEntry><Name>חינקיס יהודית</Name><Office>036199885</Office></DirectoryEntry><DirectoryEntry><Name>חינקיס מרים מרגלית</Name><Office>036180013</Office></DirectoryEntry><DirectoryEntry><Name>חלמינסקי אליהו יצחק</Name><Office>0527189309</Office></DirectoryEntry><DirectoryEntry><Name>חלמינסקי דוד יעקב</Name><Mobile>0533151487</Mobile><Office>026514860</Office></DirectoryEntry><DirectoryEntry><Name>חלמינסקי יהודה</Name><Mobile>0527142888</Mobile><Office>0779242525</Office></DirectoryEntry><DirectoryEntry><Name>חלמינסקי ישראל</Name><Mobile>0527605530</Mobile><Office>0773535006</Office></DirectoryEntry><DirectoryEntry><Name>חלמינסקי פנחס מנחם</Name><Office>0504140426</Office></DirectoryEntry><DirectoryEntry><Name>חלמינסקי שמחה בונם</Name><Mobile>0548593902</Mobile><Office>0548460732</Office></DirectoryEntry><DirectoryEntry><Name>חלמיש צבי</Name><Mobile>0533132595</Mobile><Office>025802595</Office></DirectoryEntry><DirectoryEntry><Name>חמניצקי אברהם יעקב מרדכי</Name><Mobile>0527160998</Mobile><Office>088001057</Office></DirectoryEntry><DirectoryEntry><Name>חמניצקי אליעזר מאיר</Name><Mobile>0527685289</Mobile><Office>0774422224</Office></DirectoryEntry><DirectoryEntry><Name>חמניצקי פינחס מנחם מנדל</Name><Mobile>0533181531</Mobile><Office>0556781531</Office></DirectoryEntry><DirectoryEntry><Name>חמניצקי שמחה בונם</Name><Mobile>0527640964</Mobile><Office>088001077</Office></DirectoryEntry><DirectoryEntry><Name>חמניצקי שרה</Name><Mobile>0527637577</Mobile><Office>0774488011</Office></DirectoryEntry><DirectoryEntry><Name>חן יעקב</Name><Office>046902624</Office></DirectoryEntry><DirectoryEntry><Name>חנס חיים יהודה לייב</Name><Mobile>0548448844</Mobile><Office>036497756</Office></DirectoryEntry><DirectoryEntry><Name>חסיד אליהו לייב</Name><Mobile>0533124945</Mobile><Office>035798517</Office></DirectoryEntry><DirectoryEntry><Name>חסיד אליהו לייב</Name><Office>036192371</Office></DirectoryEntry><DirectoryEntry><Name>חסיד אליהו לייב</Name><Office>0533166466</Office></DirectoryEntry><DirectoryEntry><Name>חסיד אליהו לייב</Name><Mobile>0548572425</Mobile><Office>0556722149</Office></DirectoryEntry><DirectoryEntry><Name>חסיד אלימלך</Name><Mobile>0583213299</Mobile></DirectoryEntry><DirectoryEntry><Name>חסיד בן ציון</Name><Mobile>0527606416</Mobile><Office>088520614</Office></DirectoryEntry><DirectoryEntry><Name>חסיד ברוך</Name><Mobile>0533111266</Mobile><Office>088662768</Office></DirectoryEntry><DirectoryEntry><Name>חסיד יוסף דוד</Name><Mobile>0504111736</Mobile><Office>088645610</Office></DirectoryEntry><DirectoryEntry><Name>חסיד יעקב</Name><Office>0527112905</Office></DirectoryEntry><DirectoryEntry><Name>חסיד יצחק</Name><Mobile>0533120841</Mobile><Office>036492027</Office></DirectoryEntry><DirectoryEntry><Name>חסיד ישראל</Name><Office>088535059</Office></DirectoryEntry><DirectoryEntry><Name>חסיד ישראל</Name><Office>0527620879</Office></DirectoryEntry><DirectoryEntry><Name>חסיד ישראל</Name><Office>028020012</Office></DirectoryEntry><DirectoryEntry><Name>חסיד ישראל</Name><Office>036183704</Office></DirectoryEntry><DirectoryEntry><Name>חסיד ישראל</Name><Office>035742406</Office></DirectoryEntry><DirectoryEntry><Name>חסיד ישראל</Name><Office>036484520</Office></DirectoryEntry><DirectoryEntry><Name>חסיד ישראל יעקב</Name><Mobile>0533190285</Mobile><Office>029990285</Office></DirectoryEntry><DirectoryEntry><Name>חסיד מרדכי אברהם</Name><Mobile>0548415019</Mobile><Office>088558457</Office></DirectoryEntry><DirectoryEntry><Name>חסיד משה</Name><Mobile>0533194560</Mobile><Office>0534164408</Office></DirectoryEntry><DirectoryEntry><Name>חסיד משה חיים</Name><Mobile>0548538823</Mobile><Office>0527170825</Office></DirectoryEntry><DirectoryEntry><Name>חסיד נחום</Name><Mobile>0504162497</Mobile><Office>036191488</Office></DirectoryEntry><DirectoryEntry><Name>חסיד נתן</Name><Office>035788559</Office></DirectoryEntry><DirectoryEntry><Name>חסיד פנחס מנחם</Name><Mobile>0583250490</Mobile><Office>0583290285</Office></DirectoryEntry><DirectoryEntry><Name>חסיד צבי זלמן</Name><Mobile>0533113250</Mobile><Office>036160617</Office></DirectoryEntry><DirectoryEntry><Name>חסיד צביה</Name><Office>039311389</Office></DirectoryEntry><DirectoryEntry><Name>חסידה אברהם מרדכי</Name><Mobile>0503364000</Mobile><Office>025716181</Office></DirectoryEntry><DirectoryEntry><Name>חסידה אברהם מרדכי</Name><Office>0583235344</Office></DirectoryEntry><DirectoryEntry><Name>חסידה אלימלך</Name><Office>035787227</Office></DirectoryEntry><DirectoryEntry><Name>חסידה זאב</Name><Office>089971135</Office></DirectoryEntry><DirectoryEntry><Name>חסידה יעקב שלום</Name><Mobile>0533138944</Mobile><Office>088650831</Office></DirectoryEntry><DirectoryEntry><Name>חסידה ישראל אהרן</Name><Mobile>0548596435</Mobile></DirectoryEntry><DirectoryEntry><Name>חסידה מאיר גרשון</Name><Mobile>0533160900</Mobile><Office>088646183</Office></DirectoryEntry><DirectoryEntry><Name>חסידה מנחם יונתן</Name><Mobile>0533126140</Mobile><Office>086880452</Office></DirectoryEntry><DirectoryEntry><Name>חסידה פינחס אלימלך</Name><Mobile>0548578597</Mobile></DirectoryEntry><DirectoryEntry><Name>חסידה פנחס מנחם</Name><Office>048044221</Office></DirectoryEntry><DirectoryEntry><Name>חסידה רבקה</Name><Office>025389819</Office></DirectoryEntry><DirectoryEntry><Name>חסידה רבקה ינטע</Name><Office>089456941</Office></DirectoryEntry><DirectoryEntry><Name>חסידה שולמית</Name><Office>025386489</Office></DirectoryEntry><DirectoryEntry><Name>חסידה שמחה בונם</Name><Office>0527179118</Office></DirectoryEntry><DirectoryEntry><Name>חסידה שמחה בונם</Name><Office>088000353</Office></DirectoryEntry><DirectoryEntry><Name>חסקלסון אברהם מרדכי</Name><Mobile>0533102335</Mobile><Office>048645326</Office></DirectoryEntry><DirectoryEntry><Name>חסקלסון יצחק</Name><Mobile>0527684125</Mobile><Office>088645966</Office></DirectoryEntry><DirectoryEntry><Name>חסקלסון ישראל</Name><Office>025377494</Office></DirectoryEntry><DirectoryEntry><Name>חסקלסון שמואל העניך</Name><Mobile>0527173318</Mobile><Office>088655683</Office></DirectoryEntry><DirectoryEntry><Name>חריף (אוסטרי) חוה</Name><Office>025001779</Office></DirectoryEntry><DirectoryEntry><Name>חרש אברהם אליעזר</Name><Mobile>0527636835</Mobile><Office>088553779</Office></DirectoryEntry><DirectoryEntry><Name>חרש אברהם מרדכי</Name><Mobile>0527681303</Mobile><Office>088557218</Office></DirectoryEntry><DirectoryEntry><Name>חרש גבריאל</Name><Mobile>0533134002</Mobile><Office>026730043</Office></DirectoryEntry><DirectoryEntry><Name>חרש יוסף מאיר</Name><Mobile>0527193398</Mobile><Office>088039191</Office></DirectoryEntry><DirectoryEntry><Name>חרש יחיאל</Name><Mobile>0548492236</Mobile><Office>026480828</Office></DirectoryEntry><DirectoryEntry><Name>חרש ישראל</Name><Office>0527685831</Office></DirectoryEntry><DirectoryEntry><Name>חרש ישראל משה</Name><Mobile>0548498650</Mobile><Office>036496586</Office></DirectoryEntry><DirectoryEntry><Name>חרש משה</Name><Office>088042222</Office></DirectoryEntry><DirectoryEntry><Name>חרש משה יעקב</Name><Mobile>0527632030</Mobile><Office>048650692</Office></DirectoryEntry><DirectoryEntry><Name>חרש נעמה</Name><Office>038050030</Office></DirectoryEntry><DirectoryEntry><Name>חרש פנחס דוד</Name><Mobile>0533101601</Mobile><Office>035708046</Office></DirectoryEntry><DirectoryEntry><Name>חרש צבי</Name><Mobile>0548449928</Mobile><Office>036496739</Office></DirectoryEntry><DirectoryEntry><Name>חרש שמואל הלל</Name><Office>0556707500</Office></DirectoryEntry><DirectoryEntry><Name>חרש שמחה בונם</Name><Office>0583288831</Office></DirectoryEntry><DirectoryEntry><Name>חרש שמחה בונם</Name><Office>088001161</Office></DirectoryEntry></YealinkIPPhoneDirectory>