<?xml version='1.0' encoding='utf-8'?>
<YealinkIPPhoneDirectory><Title>אינדקס – ספר טלפונים</Title><Menu Name="א" URL="./alef.xml" /><Menu Name="ב" URL="./bet.xml" /><Menu Name="ג" URL="./gimel.xml" /><Menu Name="ד" URL="./dalet.xml" /><Menu Name="ה" URL="./he.xml" /><Menu Name="ו" URL="./vav.xml" /><Menu Name="ז" URL="./zayin.xml" /><Menu Name="ח" URL="./het.xml" /><Menu Name="ט" URL="./tet.xml" /><Menu Name="י" URL="./yod.xml" /><Menu Name="כ" URL="./kaf.xml" /><Menu Name="ל" URL="./lamed.xml" /><Menu Name="מ" URL="./mem.xml" /><Menu Name="נ" URL="./nun.xml" /><Menu Name="ס" URL="./samekh.xml" /><Menu Name="ע" URL="./ayin.xml" /><Menu Name="פ" URL="./pe.xml" /><Menu Name="צ" URL="./tsadi.xml" /><Menu Name="ק" URL="./qof.xml" /><Menu Name="ר" URL="./resh.xml" /><Menu Name="ש" URL="./shin.xml" /><Menu Name="ת" URL="./tav.xml" /></YealinkIPPhoneDirectory>