<?xml version='1.0' encoding='utf-8'?>
<YealinkIPPhoneDirectory><Title>ספר טלפונים – כ</Title><DirectoryEntry><Name>כהן אבי עזרי זליג</Name><Mobile>0548454545</Mobile></DirectoryEntry><DirectoryEntry><Name>כהן אביגדור</Name><Mobile>0527195881</Mobile></DirectoryEntry><DirectoryEntry><Name>כהן אביגדור</Name><Mobile>0533158447</Mobile><Office>0527158447</Office></DirectoryEntry><DirectoryEntry><Name>כהן אביגדור</Name><Mobile>0533101066</Mobile><Office>089953274</Office></DirectoryEntry><DirectoryEntry><Name>כהן אברהם</Name><Mobile>0533199188</Mobile><Office>088663241</Office></DirectoryEntry><DirectoryEntry><Name>כהן אברהם</Name><Office>089971562</Office></DirectoryEntry><DirectoryEntry><Name>כהן אברהם</Name><Mobile>0533132611</Mobile><Office>036487452</Office></DirectoryEntry><DirectoryEntry><Name>כהן אברהם לייב</Name><Mobile>0527628534</Mobile><Office>088556931</Office></DirectoryEntry><DirectoryEntry><Name>כהן אברהם מנחם</Name><Mobile>0533107370</Mobile></DirectoryEntry><DirectoryEntry><Name>כהן אברהם מרדכי</Name><Office>0504185145</Office></DirectoryEntry><DirectoryEntry><Name>כהן אברהם מרדכי</Name><Mobile>0533169077</Mobile><Office>048665016</Office></DirectoryEntry><DirectoryEntry><Name>כהן אברהם מרדכי</Name><Mobile>0533111666</Mobile><Office>089953274</Office></DirectoryEntry><DirectoryEntry><Name>כהן אברהם מרדכי</Name><Office>036499859</Office></DirectoryEntry><DirectoryEntry><Name>כהן אברהם צבי</Name><Mobile>0533140170</Mobile><Office>088653183</Office></DirectoryEntry><DirectoryEntry><Name>כהן אלחנן דב</Name><Office>036187535</Office></DirectoryEntry><DirectoryEntry><Name>כהן אליהו יצחק</Name><Office>0548534433</Office></DirectoryEntry><DirectoryEntry><Name>כהן אליעזר</Name><Mobile>0533174463</Mobile><Office>0534169691</Office></DirectoryEntry><DirectoryEntry><Name>כהן אליעזר</Name><Office>0583206510</Office></DirectoryEntry><DirectoryEntry><Name>כהן אליעזר</Name><Office>0556729646</Office></DirectoryEntry><DirectoryEntry><Name>כהן אליעזר מנחם</Name><Mobile>0533146518</Mobile><Office>088033226</Office></DirectoryEntry><DirectoryEntry><Name>כהן אריה</Name><Mobile>0527131840</Mobile><Office>088644912</Office></DirectoryEntry><DirectoryEntry><Name>כהן אריה לייב</Name><Mobile>0527644447</Mobile><Office>025023236</Office></DirectoryEntry><DirectoryEntry><Name>כהן בנימין</Name><Office>088657994</Office></DirectoryEntry><DirectoryEntry><Name>כהן ברוך</Name><Office>036185927</Office></DirectoryEntry><DirectoryEntry><Name>כהן ברוך</Name><Office>025326072</Office></DirectoryEntry><DirectoryEntry><Name>כהן דוד</Name><Office>0556744039</Office></DirectoryEntry><DirectoryEntry><Name>כהן הנדל צפורה</Name><Mobile>0527618067</Mobile><Office>036180676</Office></DirectoryEntry><DirectoryEntry><Name>כהן זכריה</Name><Mobile>0533144018</Mobile><Office>036186497</Office></DirectoryEntry><DirectoryEntry><Name>כהן חיים אריה</Name><Mobile>0548438095</Mobile><Office>026518096</Office></DirectoryEntry><DirectoryEntry><Name>כהן חיים דב</Name><Office>0533107102</Office></DirectoryEntry><DirectoryEntry><Name>כהן חיים יהודה</Name><Mobile>0504140240</Mobile><Office>036768301</Office></DirectoryEntry><DirectoryEntry><Name>כהן חיים יצחק</Name><Mobile>0533110273</Mobile><Office>025380128</Office></DirectoryEntry><DirectoryEntry><Name>כהן חיים מאיר</Name><Mobile>0504177721</Mobile><Office>039092136</Office></DirectoryEntry><DirectoryEntry><Name>כהן חיים מנחם מנדל</Name><Mobile>0533111393</Mobile></DirectoryEntry><DirectoryEntry><Name>כהן חיים נח</Name><Mobile>0527627266</Mobile><Office>025000584</Office></DirectoryEntry><DirectoryEntry><Name>כהן חיים סיני</Name><Mobile>0504106016</Mobile><Office>036762345</Office></DirectoryEntry><DirectoryEntry><Name>כהן יהודה</Name><Mobile>0504140160</Mobile><Office>029999133</Office></DirectoryEntry><DirectoryEntry><Name>כהן יהודה</Name><Office>036165085</Office></DirectoryEntry><DirectoryEntry><Name>כהן יהודה</Name><Mobile>0527629520</Mobile><Office>025000802</Office></DirectoryEntry><DirectoryEntry><Name>כהן יהודה אריה</Name><Mobile>0527636758</Mobile><Office>046931073</Office></DirectoryEntry><DirectoryEntry><Name>כהן יהודה אריה</Name><Mobile>0533101033</Mobile><Office>025710752</Office></DirectoryEntry><DirectoryEntry><Name>כהן יהודה אריה לייב</Name><Mobile>0527645865</Mobile><Office>088645865</Office></DirectoryEntry><DirectoryEntry><Name>כהן יהודה לייב</Name><Office>088650735</Office></DirectoryEntry><DirectoryEntry><Name>כהן יהושע</Name><Office>025000915</Office></DirectoryEntry><DirectoryEntry><Name>כהן יוכבד</Name><Mobile>0527628709</Mobile><Office>035706085</Office></DirectoryEntry><DirectoryEntry><Name>כהן יוסף שרגא</Name><Mobile>0527105341</Mobile></DirectoryEntry><DirectoryEntry><Name>כהן יחזקאל</Name><Office>035792774</Office></DirectoryEntry><DirectoryEntry><Name>כהן יחיאל משה</Name><Office>9926025</Office></DirectoryEntry><DirectoryEntry><Name>כהן יעקב</Name><Mobile>0527633803</Mobile><Office>088650534</Office></DirectoryEntry><DirectoryEntry><Name>כהן יעקב אהרן</Name><Mobile>0504140150</Mobile><Office>035703788</Office></DirectoryEntry><DirectoryEntry><Name>כהן יעקב יהודה</Name><Mobile>0527638687</Mobile><Office>048643568</Office></DirectoryEntry><DirectoryEntry><Name>כהן יעקב יהושע</Name><Office>0533141507</Office></DirectoryEntry><DirectoryEntry><Name>כהן יצחק</Name><Mobile>0548453105</Mobile><Office>088675990</Office></DirectoryEntry><DirectoryEntry><Name>כהן יצחק</Name><Mobile>0527696719</Mobile><Office>028010040</Office></DirectoryEntry><DirectoryEntry><Name>כהן יצחק אהרן</Name><Mobile>0533101011</Mobile><Office>035615149</Office></DirectoryEntry><DirectoryEntry><Name>כהן יצחק דב</Name><Office>035745556</Office></DirectoryEntry><DirectoryEntry><Name>כהן יצחק יהודה</Name><Office>025023827</Office></DirectoryEntry><DirectoryEntry><Name>כהן יצחק מאיר</Name><Mobile>0527686767</Mobile><Office>029991357</Office></DirectoryEntry><DirectoryEntry><Name>כהן יצחק מאיר אליעזר</Name><Office>0534120300</Office></DirectoryEntry><DirectoryEntry><Name>כהן ישראל</Name><Office>0527170669</Office></DirectoryEntry><DirectoryEntry><Name>כהן ישראל</Name><Office>0534163283</Office></DirectoryEntry><DirectoryEntry><Name>כהן ישראל</Name><Mobile>0533119978</Mobile><Office>029997842</Office></DirectoryEntry><DirectoryEntry><Name>כהן ישראל</Name><Mobile>0527149000</Mobile><Office>029916325</Office></DirectoryEntry><DirectoryEntry><Name>כהן ישראל</Name><Mobile>0533101044</Mobile><Office>025815565</Office></DirectoryEntry><DirectoryEntry><Name>כהן ישראל</Name><Mobile>0504140169</Mobile><Office>025371939</Office></DirectoryEntry><DirectoryEntry><Name>כהן ישראל יעקב</Name><Mobile>0527167883</Mobile><Office>088001244</Office></DirectoryEntry><DirectoryEntry><Name>כהן ישראל יעקב</Name><Office>088554083</Office></DirectoryEntry><DirectoryEntry><Name>כהן ישראל יצחק</Name><Mobile>0504161850</Mobile><Office>038050092</Office></DirectoryEntry><DirectoryEntry><Name>כהן ישראל יצחק</Name><Office>088001170</Office></DirectoryEntry><DirectoryEntry><Name>כהן ישראל מאיר</Name><Mobile>0548422342</Mobile><Office>029926469</Office></DirectoryEntry><DirectoryEntry><Name>כהן מאיר</Name><Mobile>0527645552</Mobile><Office>036192568</Office></DirectoryEntry><DirectoryEntry><Name>כהן מאיר</Name><Mobile>0504132132</Mobile><Office>036783446</Office></DirectoryEntry><DirectoryEntry><Name>כהן מאיר אליעזר</Name><Mobile>0533144009</Mobile><Office>039093252</Office></DirectoryEntry><DirectoryEntry><Name>כהן מאיר דב</Name><Mobile>0533163415</Mobile><Office>088540659</Office></DirectoryEntry><DirectoryEntry><Name>כהן מנחם</Name><Mobile>0583273636</Mobile><Office>025796226</Office></DirectoryEntry><DirectoryEntry><Name>כהן מנחם מנדל</Name><Mobile>0527150820</Mobile><Office>0774012494</Office></DirectoryEntry><DirectoryEntry><Name>כהן מרדכי מנחם</Name><Mobile>0504177724</Mobile><Office>036182978</Office></DirectoryEntry><DirectoryEntry><Name>כהן מרדכי שלמה</Name><Mobile>0533120339</Mobile><Office>088043037</Office></DirectoryEntry><DirectoryEntry><Name>כהן משה</Name><Office>0556751003</Office></DirectoryEntry><DirectoryEntry><Name>כהן משה</Name><Office>035707202</Office></DirectoryEntry><DirectoryEntry><Name>כהן משה</Name><Mobile>0533163575</Mobile><Office>035783575</Office></DirectoryEntry><DirectoryEntry><Name>כהן משה</Name><Office>035444288</Office></DirectoryEntry><DirectoryEntry><Name>כהן משה אברהם מרדכי</Name><Mobile>0504106020</Mobile><Office>036786879</Office></DirectoryEntry><DirectoryEntry><Name>כהן משה חיים</Name><Mobile>0533193060</Mobile><Office>035605984</Office></DirectoryEntry><DirectoryEntry><Name>כהן משה שמואל</Name><Mobile>0527687941</Mobile><Office>025380084</Office></DirectoryEntry><DirectoryEntry><Name>כהן עוזיאל</Name><Office>025371967</Office></DirectoryEntry><DirectoryEntry><Name>כהן עזרא</Name><Office>035703323</Office></DirectoryEntry><DirectoryEntry><Name>כהן פנחס</Name><Mobile>0504158581</Mobile><Office>025834697</Office></DirectoryEntry><DirectoryEntry><Name>כהן פנחס מנחם</Name><Mobile>0548599255</Mobile><Office>086112010</Office></DirectoryEntry><DirectoryEntry><Name>כהן פנחס מנחם</Name><Office>0556737662</Office></DirectoryEntry><DirectoryEntry><Name>כהן פנחס מנחם</Name><Mobile>0533134849</Mobile><Office>038081212</Office></DirectoryEntry><DirectoryEntry><Name>כהן פנחס מנחם</Name><Office>0583202047</Office></DirectoryEntry><DirectoryEntry><Name>כהן פנחס מנחם</Name><Mobile>0533187198</Mobile><Office>0548413242</Office></DirectoryEntry><DirectoryEntry><Name>כהן פנחס מנחם</Name><Office>0556732611</Office></DirectoryEntry><DirectoryEntry><Name>כהן פנחס מנחם</Name><Office>0556766212</Office></DirectoryEntry><DirectoryEntry><Name>כהן צבי ישראל</Name><Mobile>0548456004</Mobile></DirectoryEntry><DirectoryEntry><Name>כהן צילה</Name><Office>035049354</Office></DirectoryEntry><DirectoryEntry><Name>כהן שאול</Name><Mobile>0504140170</Mobile><Office>038073030</Office></DirectoryEntry><DirectoryEntry><Name>כהן שלום צבי</Name><Office>0548560300</Office></DirectoryEntry><DirectoryEntry><Name>כהן שלמה</Name><Mobile>0527172030</Mobile><Office>0775050550</Office></DirectoryEntry><DirectoryEntry><Name>כהן שמואל</Name><Office>088669310</Office></DirectoryEntry><DirectoryEntry><Name>כהן שמואל</Name><Mobile>0528895801</Mobile></DirectoryEntry><DirectoryEntry><Name>כהן שמואל אלחנן</Name><Mobile>0534188111</Mobile><Office>0583234508</Office></DirectoryEntry><DirectoryEntry><Name>כהן שמואל אלימלך</Name><Mobile>0533101022</Mobile><Office>035795310</Office></DirectoryEntry><DirectoryEntry><Name>כהן שמואל אליקום</Name><Office>088001126</Office></DirectoryEntry><DirectoryEntry><Name>כהן שמחה בונם</Name><Office>0548524886</Office></DirectoryEntry><DirectoryEntry><Name>כהן שמחה בונם</Name><Office>086104647</Office></DirectoryEntry><DirectoryEntry><Name>כהן שמחה בונם</Name><Office>028000277</Office></DirectoryEntry><DirectoryEntry><Name>כהן שמחה בונם</Name><Office>0556731195</Office></DirectoryEntry><DirectoryEntry><Name>כהן שמחה בונם</Name><Mobile>0533108371</Mobile><Office>088001195</Office></DirectoryEntry><DirectoryEntry><Name>כהן שמחה בונם</Name><Mobile>0583200189</Mobile><Office>088000189</Office></DirectoryEntry><DirectoryEntry><Name>כהן שמחה בונם</Name><Office>088001223</Office></DirectoryEntry><DirectoryEntry><Name>כהן שמחה בונם</Name><Office>0504144995</Office></DirectoryEntry><DirectoryEntry><Name>כהן שמעון</Name><Mobile>0533147200</Mobile><Office>026235923</Office></DirectoryEntry><DirectoryEntry><Name>כהן שמעון משה</Name><Mobile>0548590890</Mobile><Office>035703788</Office></DirectoryEntry><DirectoryEntry><Name>כהנא אהרן</Name><Mobile>0548449804</Mobile><Office>025376902</Office></DirectoryEntry><DirectoryEntry><Name>כהנא בנימין יצחק</Name><Office>036162272</Office></DirectoryEntry><DirectoryEntry><Name>כהנא דב</Name><Office>025387542</Office></DirectoryEntry><DirectoryEntry><Name>כהנא דוד</Name><Mobile>0548431102</Mobile><Office>0583298299</Office></DirectoryEntry><DirectoryEntry><Name>כהנא יחיאל ישראל</Name><Office>0504169313</Office></DirectoryEntry><DirectoryEntry><Name>כהנא יעקב ישראל</Name><Office>0775615103</Office></DirectoryEntry><DirectoryEntry><Name>כהנא ישראל אהרן</Name><Mobile>0527653122</Mobile><Office>025387077</Office></DirectoryEntry><DirectoryEntry><Name>כהנא משה אליעזר</Name><Mobile>0533106086</Mobile><Office>088645990</Office></DirectoryEntry><DirectoryEntry><Name>כהנא משה נחמיה</Name><Office>025386869</Office></DirectoryEntry><DirectoryEntry><Name>כהנא צבי</Name><Mobile>0527127900</Mobile><Office>086887506</Office></DirectoryEntry><DirectoryEntry><Name>כהנא שמחה בונם</Name><Office>0556787313</Office></DirectoryEntry><DirectoryEntry><Name>כהנשטאם יוסף חיים אריה</Name><Mobile>0527150188</Mobile><Office>088667503</Office></DirectoryEntry><DirectoryEntry><Name>כהנשטאם שמואל דב</Name><Office>0583221920</Office></DirectoryEntry><DirectoryEntry><Name>כי טוב שושנה</Name><Office>026536938</Office></DirectoryEntry><DirectoryEntry><Name>כץ nan</Name><Office>036183681</Office></DirectoryEntry><DirectoryEntry><Name>כץ אברהם אריה</Name><Mobile>0527610044</Mobile><Office>088645619</Office></DirectoryEntry><DirectoryEntry><Name>כץ אברהם אריה</Name><Mobile>0504122312</Mobile><Office>088649348</Office></DirectoryEntry><DirectoryEntry><Name>כץ אברהם אריה</Name><Office>086490919</Office></DirectoryEntry><DirectoryEntry><Name>כץ אברהם אריה</Name><Mobile>0527628958</Mobile><Office>088660630</Office></DirectoryEntry><DirectoryEntry><Name>כץ אברהם אריה</Name><Mobile>0527124417</Mobile></DirectoryEntry><DirectoryEntry><Name>כץ אברהם יוסף</Name><Mobile>0527688830</Mobile><Office>088524638</Office></DirectoryEntry><DirectoryEntry><Name>כץ אברהם שמואל</Name><Office>0527657866</Office></DirectoryEntry><DirectoryEntry><Name>כץ אברהם שמואל</Name><Office>028010024</Office></DirectoryEntry><DirectoryEntry><Name>כץ אהרן שמואל</Name><Mobile>0527112266</Mobile><Office>036198429</Office></DirectoryEntry><DirectoryEntry><Name>כץ אלימלך יצחק</Name><Mobile>0504160438</Mobile><Office>088660438</Office></DirectoryEntry><DirectoryEntry><Name>כץ אליעזר צבי</Name><Office>088646739</Office></DirectoryEntry><DirectoryEntry><Name>כץ אפרים שרגא</Name><Office>025400099</Office></DirectoryEntry><DirectoryEntry><Name>כץ אשר</Name><Mobile>0533101134</Mobile></DirectoryEntry><DirectoryEntry><Name>כץ אשר אנשיל ברוך</Name><Office>0527137728</Office></DirectoryEntry><DirectoryEntry><Name>כץ אשר אנשיל ברוך</Name><Office>038058014</Office></DirectoryEntry><DirectoryEntry><Name>כץ בלומה מלכה</Name><Mobile>0527693133</Mobile><Office>025868633</Office></DirectoryEntry><DirectoryEntry><Name>כץ בן ציון</Name><Mobile>0504166992</Mobile><Office>088652800</Office></DirectoryEntry><DirectoryEntry><Name>כץ בנימין חיים</Name><Office>035707804</Office></DirectoryEntry><DirectoryEntry><Name>כץ גרשון</Name><Office>048642717</Office></DirectoryEntry><DirectoryEntry><Name>כץ דב יונה</Name><Office>0556755260</Office></DirectoryEntry><DirectoryEntry><Name>כץ דוד</Name><Mobile>0556775386</Mobile><Office>0534190018</Office></DirectoryEntry><DirectoryEntry><Name>כץ דוד</Name><Mobile>0533186391</Mobile><Office>035603502</Office></DirectoryEntry><DirectoryEntry><Name>כץ זאב</Name><Office>025820582</Office></DirectoryEntry><DirectoryEntry><Name>כץ זאב ברוך</Name><Mobile>0504151454</Mobile><Office>088660898</Office></DirectoryEntry><DirectoryEntry><Name>כץ חיים</Name><Mobile>0533186552</Mobile><Office>088655260</Office></DirectoryEntry><DirectoryEntry><Name>כץ חיים בנימין</Name><Mobile>0527133331</Mobile><Office>088652465</Office></DirectoryEntry><DirectoryEntry><Name>כץ חיים בנימין</Name><Mobile>0527166169</Mobile><Office>046930838</Office></DirectoryEntry><DirectoryEntry><Name>כץ חנוך צבי</Name><Office>038050043</Office></DirectoryEntry><DirectoryEntry><Name>כץ יהודה</Name><Office>028010031</Office></DirectoryEntry><DirectoryEntry><Name>כץ יהודה אריה לייב</Name><Office>038060061</Office></DirectoryEntry><DirectoryEntry><Name>כץ יוחנן חיים</Name><Mobile>0527179028</Mobile><Office>089560869</Office></DirectoryEntry><DirectoryEntry><Name>כץ יוסף שמואל</Name><Office>086326824</Office></DirectoryEntry><DirectoryEntry><Name>כץ יעקב דוד</Name><Office>026420023</Office></DirectoryEntry><DirectoryEntry><Name>כץ יעקב זונדל</Name><Mobile>0548413304</Mobile><Office>036496180</Office></DirectoryEntry><DirectoryEntry><Name>כץ יצחק</Name><Mobile>0548448100</Mobile><Office>036956589</Office></DirectoryEntry><DirectoryEntry><Name>כץ ישעיה</Name><Office>025021994</Office></DirectoryEntry><DirectoryEntry><Name>כץ ישעיהו מאיר</Name><Mobile>0527161717</Mobile><Office>026508856</Office></DirectoryEntry><DirectoryEntry><Name>כץ ישראל</Name><Office>0556782626</Office></DirectoryEntry><DirectoryEntry><Name>כץ ישראל</Name><Mobile>0583201010</Mobile><Office>088001011</Office></DirectoryEntry><DirectoryEntry><Name>כץ ישראל אליעזר</Name><Office>035708536</Office></DirectoryEntry><DirectoryEntry><Name>כץ ישראל אלעזר</Name><Mobile>0548448102</Mobile><Office>025388701</Office></DirectoryEntry><DirectoryEntry><Name>כץ ישראל נתן נטע</Name><Mobile>0527607920</Mobile><Office>036195253</Office></DirectoryEntry><DirectoryEntry><Name>כץ לוי</Name><Mobile>0504115550</Mobile><Office>035796687</Office></DirectoryEntry><DirectoryEntry><Name>כץ לוי</Name><Office>026221645</Office></DirectoryEntry><DirectoryEntry><Name>כץ מאיר</Name><Office>048663064</Office></DirectoryEntry><DirectoryEntry><Name>כץ מנחם מנדל</Name><Mobile>0527142100</Mobile><Office>036165797</Office></DirectoryEntry><DirectoryEntry><Name>כץ מנחם מנדל</Name><Mobile>0527638989</Mobile><Office>025389473</Office></DirectoryEntry><DirectoryEntry><Name>כץ מנחם מנדל</Name><Office>0583276547</Office></DirectoryEntry><DirectoryEntry><Name>כץ מרדכי יהודה</Name><Office>0556735303</Office></DirectoryEntry><DirectoryEntry><Name>כץ משה</Name><Mobile>0504177146</Mobile><Office>035782066</Office></DirectoryEntry><DirectoryEntry><Name>כץ משה גדליה</Name><Mobile>0527642266</Mobile><Office>086811260</Office></DirectoryEntry><DirectoryEntry><Name>כץ משה דב</Name><Office>029924837</Office></DirectoryEntry><DirectoryEntry><Name>כץ משה דוד</Name><Office>0527175939</Office></DirectoryEntry><DirectoryEntry><Name>כץ משה שמואל</Name><Mobile>0533123150</Mobile><Office>025021057</Office></DirectoryEntry><DirectoryEntry><Name>כץ נפתלי הרץ</Name><Mobile>0527120008</Mobile><Office>088663456</Office></DirectoryEntry><DirectoryEntry><Name>כץ נפתלי יוסף</Name><Mobile>0504114584</Mobile><Office>088648615</Office></DirectoryEntry><DirectoryEntry><Name>כץ פינחס</Name><Office>0527640317</Office></DirectoryEntry><DirectoryEntry><Name>כץ פינחס מנחם</Name><Office>0556721270</Office></DirectoryEntry><DirectoryEntry><Name>כץ פינחס מנחם</Name><Mobile>0504116793</Mobile><Office>088033404</Office></DirectoryEntry><DirectoryEntry><Name>כץ צבי</Name><Office>025630206</Office></DirectoryEntry><DirectoryEntry><Name>כץ ראובן</Name><Mobile>0527600766</Mobile><Office>048660601</Office></DirectoryEntry><DirectoryEntry><Name>כץ רפאל דוד</Name><Mobile>0548509038</Mobile><Office>088022426</Office></DirectoryEntry><DirectoryEntry><Name>כץ שבתי</Name><Mobile>0533156400</Mobile><Office>088651329</Office></DirectoryEntry><DirectoryEntry><Name>כץ שלמה זאב</Name><Office>0548597605</Office></DirectoryEntry><DirectoryEntry><Name>כץ שמואל הלל</Name><Mobile>0533135300</Mobile><Office>088522614</Office></DirectoryEntry><DirectoryEntry><Name>כץ שמחה בונם</Name><Office>0533131833</Office></DirectoryEntry><DirectoryEntry><Name>כץ שמחה בונם</Name><Office>0533103460</Office></DirectoryEntry><DirectoryEntry><Name>כץ שמחה בונם</Name><Mobile>0533186555</Mobile><Office>088001271</Office></DirectoryEntry><DirectoryEntry><Name>כץ שמעון אפרים</Name><Office>0533105374</Office></DirectoryEntry><DirectoryEntry><Name>כרמי nan</Name><Office>036181732</Office></DirectoryEntry><DirectoryEntry><Name>כרמל אברהם חיים</Name><Office>025375053</Office></DirectoryEntry><DirectoryEntry><Name>כרמל אברהם מרדכי</Name><Mobile>0533180115</Mobile><Office>025380114</Office></DirectoryEntry><DirectoryEntry><Name>כרמל אברהם מרדכי זאב</Name><Office>036199721</Office></DirectoryEntry><DirectoryEntry><Name>כרמל אליהו אליעזר</Name><Mobile>0556774748</Mobile><Office>046935571</Office></DirectoryEntry><DirectoryEntry><Name>כרמל דוד יהודה</Name><Office>025372718</Office></DirectoryEntry><DirectoryEntry><Name>כרמל חיים</Name><Office>0527111331</Office></DirectoryEntry><DirectoryEntry><Name>כרמל יהודה אריה לייב</Name><Office>0583254031</Office></DirectoryEntry><DirectoryEntry><Name>כרמל יוסף אליהו</Name><Mobile>0533169212</Mobile><Office>025385483</Office></DirectoryEntry><DirectoryEntry><Name>כרמל יחזקאל אליעזר</Name><Office>0548464011</Office></DirectoryEntry><DirectoryEntry><Name>כרמל יצחק מאיר</Name><Mobile>0533143321</Mobile><Office>036473202</Office></DirectoryEntry><DirectoryEntry><Name>כרמל ישראל</Name><Office>086880070</Office></DirectoryEntry><DirectoryEntry><Name>כרמל ישראל</Name><Mobile>0548496163</Mobile><Office>0772400490</Office></DirectoryEntry><DirectoryEntry><Name>כרמל ישראל</Name><Office>036446505</Office></DirectoryEntry><DirectoryEntry><Name>כרמל משה שמעון</Name><Mobile>0527677289</Mobile><Office>048020137</Office></DirectoryEntry><DirectoryEntry><Name>כרמל שלום</Name><Office>025022575</Office></DirectoryEntry><DirectoryEntry><Name>כרמל שמואל מרדכי מאיר</Name><Mobile>0583286770</Mobile><Office>088677013</Office></DirectoryEntry><DirectoryEntry><Name>כרמל שמחה בונם</Name><Mobile>0583223463</Mobile><Office>088042575</Office></DirectoryEntry><DirectoryEntry><Name>כשר פנינה</Name><Office>025380836</Office></DirectoryEntry></YealinkIPPhoneDirectory>