<?xml version='1.0' encoding='utf-8'?>
<YealinkIPPhoneDirectory><Title>ספר טלפונים – מ</Title><DirectoryEntry><Name>מאיר אברהם מרדכי</Name><Mobile>0527687045</Mobile><Office>088667045</Office></DirectoryEntry><DirectoryEntry><Name>מאיר אברהם צבי</Name><Mobile>0533131000</Mobile><Office>088542571</Office></DirectoryEntry><DirectoryEntry><Name>מאיר אפרים אליעזר</Name><Mobile>0533180058</Mobile><Office>086889472</Office></DirectoryEntry><DirectoryEntry><Name>מאיר אריה לייב</Name><Mobile>0556731389</Mobile></DirectoryEntry><DirectoryEntry><Name>מאיר דוד ברוך</Name><Mobile>0548429241</Mobile><Office>088033065</Office></DirectoryEntry><DirectoryEntry><Name>מאיר חיה</Name><Mobile>0527616220</Mobile><Office>035782381</Office></DirectoryEntry><DirectoryEntry><Name>מאיר יהודה</Name><Office>036189161</Office></DirectoryEntry><DirectoryEntry><Name>מאיר יהושע</Name><Mobile>0527609425</Mobile><Office>025862573</Office></DirectoryEntry><DirectoryEntry><Name>מאיר יעקב יצחק</Name><Office>0533140620</Office></DirectoryEntry><DirectoryEntry><Name>מאיר ישראל</Name><Mobile>0548438485</Mobile><Office>036189939</Office></DirectoryEntry><DirectoryEntry><Name>מאיר ישראל זאב</Name><Mobile>0548415502</Mobile><Office>088649263</Office></DirectoryEntry><DirectoryEntry><Name>מאיר ישראל צבי אריה</Name><Mobile>0504153806</Mobile><Office>029923126</Office></DirectoryEntry><DirectoryEntry><Name>מאיר משה</Name><Office>038000061</Office></DirectoryEntry><DirectoryEntry><Name>מאיר משה פנחס מנחם</Name><Mobile>0548446009</Mobile><Office>088033064</Office></DirectoryEntry><DirectoryEntry><Name>מאיר עקיבא</Name><Mobile>0527650745</Mobile><Office>036198788</Office></DirectoryEntry><DirectoryEntry><Name>מאיר צבי נחמן</Name><Mobile>0533170031</Mobile><Office>035708501</Office></DirectoryEntry><DirectoryEntry><Name>מאיר צבי נחמן</Name><Office>088035023</Office></DirectoryEntry><DirectoryEntry><Name>מאיר שלום</Name><Office>088033015</Office></DirectoryEntry><DirectoryEntry><Name>מאיר שמעון</Name><Mobile>0527116916</Mobile><Office>086484213</Office></DirectoryEntry><DirectoryEntry><Name>מאירוביץ אברהם יצחק</Name><Mobile>0556764295</Mobile><Office>0556780941</Office></DirectoryEntry><DirectoryEntry><Name>מאירוביץ בנימין זאב</Name><Mobile>0527619808</Mobile><Office>025863120</Office></DirectoryEntry><DirectoryEntry><Name>מאירוביץ חיים גרשון</Name><Mobile>0556749932</Mobile><Office>0556750633</Office></DirectoryEntry><DirectoryEntry><Name>מאירוביץ יוסף דוד</Name><Office>0527623355</Office></DirectoryEntry><DirectoryEntry><Name>מאירוביץ משה</Name><Office>0583249444</Office></DirectoryEntry><DirectoryEntry><Name>מאירוביץ פנחס מנחם</Name><Mobile>0583255998</Mobile></DirectoryEntry><DirectoryEntry><Name>מאלר דוד דב</Name><Office>0583270304</Office></DirectoryEntry><DirectoryEntry><Name>מאלר יעקב</Name><Mobile>0548447890</Mobile><Office>029915514</Office></DirectoryEntry><DirectoryEntry><Name>מאלר יצחק שלמה</Name><Office>0583296060</Office></DirectoryEntry><DirectoryEntry><Name>מאנדל ישראל</Name><Mobile>0533131336</Mobile><Office>089959881</Office></DirectoryEntry><DirectoryEntry><Name>מאצנר אברהם יהודה</Name><Office>0527180261</Office></DirectoryEntry><DirectoryEntry><Name>מאצנר אלחנן פינחס</Name><Office>029993650</Office></DirectoryEntry><DirectoryEntry><Name>מאצנר ישראל משה</Name><Office>036166685</Office></DirectoryEntry><DirectoryEntry><Name>מאצנר מרדכי זאב</Name><Mobile>0527687075</Mobile><Office>025823271</Office></DirectoryEntry><DirectoryEntry><Name>מאצנר שמואל</Name><Office>026247951</Office></DirectoryEntry><DirectoryEntry><Name>מאקווא גאב"ד</Name><Office>048440942</Office></DirectoryEntry><DirectoryEntry><Name>מארק לאה</Name><Mobile>0533133873</Mobile><Office>088629822</Office></DirectoryEntry><DirectoryEntry><Name>מגיד אהרן</Name><Office>035795754</Office></DirectoryEntry><DirectoryEntry><Name>מגיד דוד צבי</Name><Office>0556741035</Office></DirectoryEntry><DirectoryEntry><Name>מגיד הרשל</Name><Office>4167856096</Office></DirectoryEntry><DirectoryEntry><Name>מגיד יצחק בנימין</Name><Mobile>0527161375</Mobile><Office>088642765</Office></DirectoryEntry><DirectoryEntry><Name>מגיד מרדכי דוד</Name><Office>035707515</Office></DirectoryEntry><DirectoryEntry><Name>מגיד שלמה יצחק</Name><Mobile>0548478668</Mobile><Office>038060510</Office></DirectoryEntry><DirectoryEntry><Name>מגיד שמחה בונם</Name><Office>0527117808</Office></DirectoryEntry><DirectoryEntry><Name>מדלוב אברהם מרדכי</Name><Mobile>0533175928</Mobile><Office>0533143633</Office></DirectoryEntry><DirectoryEntry><Name>מדלוב אריאל שלמה</Name><Mobile>0533108909</Mobile><Office>088677466</Office></DirectoryEntry><DirectoryEntry><Name>מדלוב הלל</Name><Office>026519285</Office></DirectoryEntry><DirectoryEntry><Name>מדלוב יוסף נתן</Name><Office>088000104</Office></DirectoryEntry><DirectoryEntry><Name>מדלוב יעקב דוד</Name><Office>088020066</Office></DirectoryEntry><DirectoryEntry><Name>מדלוב ישראל</Name><Mobile>0583258322</Mobile><Office>088656202</Office></DirectoryEntry><DirectoryEntry><Name>מדלוב מנחם מנדל</Name><Office>088039007</Office></DirectoryEntry><DirectoryEntry><Name>מדלוב פינחס</Name><Mobile>0533194428</Mobile><Office>0534111428</Office></DirectoryEntry><DirectoryEntry><Name>מדלוב שמחה בונם</Name><Mobile>0548486113</Mobile><Office>088001339</Office></DirectoryEntry><DirectoryEntry><Name>מוזס אברהם מנחם</Name><Mobile>0583264271</Mobile><Office>0583242110</Office></DirectoryEntry><DirectoryEntry><Name>מוזס אפרים פישל</Name><Mobile>0504115517</Mobile><Office>089952108</Office></DirectoryEntry><DirectoryEntry><Name>מוזס דוד</Name><Mobile>0533172000</Mobile><Office>088550588</Office></DirectoryEntry><DirectoryEntry><Name>מוזס יצחק מאיר יחיאל</Name><Mobile>0527693029</Mobile><Office>088035028</Office></DirectoryEntry><DirectoryEntry><Name>מוזס ישראל</Name><Mobile>0533170069</Mobile><Office>029924835</Office></DirectoryEntry><DirectoryEntry><Name>מוזס שמחה בונם</Name><Office>0534156786</Office></DirectoryEntry><DirectoryEntry><Name>מוזסון אבא שלום</Name><Mobile>0527180198</Mobile><Office>088043047</Office></DirectoryEntry><DirectoryEntry><Name>מוזסון אברהם</Name><Office>0556768160</Office></DirectoryEntry><DirectoryEntry><Name>מוזסון אברהם ברוך שמעון</Name><Office>0583219605</Office></DirectoryEntry><DirectoryEntry><Name>מוזסון אהרן</Name><Mobile>0527131340</Mobile><Office>089971437</Office></DirectoryEntry><DirectoryEntry><Name>מוזסון אלחנן</Name><Mobile>0533133133</Mobile><Office>088667806</Office></DirectoryEntry><DirectoryEntry><Name>מוזסון אלעזר</Name><Mobile>0527699917</Mobile><Office>088541653</Office></DirectoryEntry><DirectoryEntry><Name>מוזסון אפרים משה</Name><Mobile>0527117664</Mobile><Office>025863541</Office></DirectoryEntry><DirectoryEntry><Name>מוזסון חיים חנוך</Name><Office>0556783970</Office></DirectoryEntry><DirectoryEntry><Name>מוזסון חיים משה דב בער</Name><Mobile>0527622636</Mobile></DirectoryEntry><DirectoryEntry><Name>מוזסון יוסף</Name><Mobile>0527683843</Mobile><Office>088550843</Office></DirectoryEntry><DirectoryEntry><Name>מוזסון יוסף</Name><Mobile>0533167051</Mobile><Office>036167051</Office></DirectoryEntry><DirectoryEntry><Name>מוזסון יעקב</Name><Office>0583225659</Office></DirectoryEntry><DirectoryEntry><Name>מוזסון יעקב שלמה</Name><Mobile>0504138414</Mobile><Office>088663549</Office></DirectoryEntry><DirectoryEntry><Name>מוזסון יעקב שלמה</Name><Office>088646497</Office></DirectoryEntry><DirectoryEntry><Name>מוזסון יעקב שלמה</Name><Office>025871816</Office></DirectoryEntry><DirectoryEntry><Name>מוזסון יצחק</Name><Office>0548488707</Office></DirectoryEntry><DirectoryEntry><Name>מוזסון יצחק שמחה</Name><Mobile>0548434185</Mobile></DirectoryEntry><DirectoryEntry><Name>מוזסון ישעיהו</Name><Office>088035115</Office></DirectoryEntry><DirectoryEntry><Name>מוזסון ישראל</Name><Mobile>0583250369</Mobile><Office>046800250</Office></DirectoryEntry><DirectoryEntry><Name>מוזסון ישראל</Name><Mobile>0504116768</Mobile><Office>088042006</Office></DirectoryEntry><DirectoryEntry><Name>מוזסון ישראל משה</Name><Mobile>0527600141</Mobile><Office>029923371</Office></DirectoryEntry><DirectoryEntry><Name>מוזסון מנחם</Name><Mobile>0527111016</Mobile></DirectoryEntry><DirectoryEntry><Name>מוזסון מרדכי</Name><Office>0533154737</Office></DirectoryEntry><DirectoryEntry><Name>מוזסון מרדכי</Name><Mobile>0504123730</Mobile><Office>029993978</Office></DirectoryEntry><DirectoryEntry><Name>מוזסון מרים</Name><Office>088646607</Office></DirectoryEntry><DirectoryEntry><Name>מוזסון משה דב בער</Name><Mobile>0548460535</Mobile><Office>028020038</Office></DirectoryEntry><DirectoryEntry><Name>מוזסון משה דב בער</Name><Office>088043014</Office></DirectoryEntry><DirectoryEntry><Name>מוזסון נפתלי</Name><Mobile>0533197068</Mobile><Office>029997068</Office></DirectoryEntry><DirectoryEntry><Name>מוזסון צבי</Name><Office>088035012</Office></DirectoryEntry><DirectoryEntry><Name>מוזסון צדוק</Name><Mobile>0548442776</Mobile><Office>086884660</Office></DirectoryEntry><DirectoryEntry><Name>מוזסון שלמה</Name><Office>088020402</Office></DirectoryEntry><DirectoryEntry><Name>מוזסון שמואל</Name><Mobile>0533157001</Mobile><Office>025376966</Office></DirectoryEntry><DirectoryEntry><Name>מוזסון שמואל ראובן</Name><Mobile>0533100472</Mobile><Office>088020071</Office></DirectoryEntry><DirectoryEntry><Name>מוזסון שמחה בונם</Name><Mobile>0504117674</Mobile><Office>0548486232</Office></DirectoryEntry><DirectoryEntry><Name>מוזסון שמחה בונם</Name><Mobile>0583212526</Mobile><Office>0548420330</Office></DirectoryEntry><DirectoryEntry><Name>מונדרוביץ אברהם שרגא</Name><Mobile>0543488179</Mobile><Office>026250099</Office></DirectoryEntry><DirectoryEntry><Name>מונדרוביץ ישעיה משה</Name><Mobile>0529536888</Mobile><Office>0527149888</Office></DirectoryEntry><DirectoryEntry><Name>מונדרוביץ ישראל דוד</Name><Mobile>0533111095</Mobile><Office>0777030166</Office></DirectoryEntry><DirectoryEntry><Name>מונדרוביץ שרה</Name><Mobile>0533171293</Mobile><Office>088651293</Office></DirectoryEntry><DirectoryEntry><Name>מונדרי אברהם</Name><Mobile>0583200282</Mobile><Office>088001282</Office></DirectoryEntry><DirectoryEntry><Name>מונדרי אברהם דב בער</Name><Mobile>0533124967</Mobile><Office>088035049</Office></DirectoryEntry><DirectoryEntry><Name>מונדרי אברהם חיים</Name><Office>088001264</Office></DirectoryEntry><DirectoryEntry><Name>מונדרי אברהם יצחק</Name><Office>0583209364</Office></DirectoryEntry><DirectoryEntry><Name>מונדרי אברהם יצחק</Name><Office>088020146</Office></DirectoryEntry><DirectoryEntry><Name>מונדרי אברהם ישעיה</Name><Mobile>0533176249</Mobile><Office>0527632133</Office></DirectoryEntry><DirectoryEntry><Name>מונדרי אהרן לייב</Name><Office>0527180979</Office></DirectoryEntry><DirectoryEntry><Name>מונדרי דב</Name><Office>088001019</Office></DirectoryEntry><DirectoryEntry><Name>מונדרי דוד דב</Name><Mobile>0533157035</Mobile><Office>036168715</Office></DirectoryEntry><DirectoryEntry><Name>מונדרי דוד משה</Name><Office>088033042</Office></DirectoryEntry><DirectoryEntry><Name>מונדרי חיים אברהם יצחק</Name><Office>0533191902</Office></DirectoryEntry><DirectoryEntry><Name>מונדרי חיים אלחנן</Name><Mobile>0533126681</Mobile><Office>088026262</Office></DirectoryEntry><DirectoryEntry><Name>מונדרי חיים יצחק יעקב</Name><Mobile>0556743099</Mobile><Office>088033099</Office></DirectoryEntry><DirectoryEntry><Name>מונדרי יהודה אריה</Name><Mobile>0504100806</Mobile><Office>088665286</Office></DirectoryEntry><DirectoryEntry><Name>מונדרי יהודה אריה לייב</Name><Office>088022233</Office></DirectoryEntry><DirectoryEntry><Name>מונדרי יהודה חיים</Name><Mobile>0533169360</Mobile><Office>088033025</Office></DirectoryEntry><DirectoryEntry><Name>מונדרי יהושע יצחק</Name><Office>088665288</Office></DirectoryEntry><DirectoryEntry><Name>מונדרי יוסף</Name><Office>089952875</Office></DirectoryEntry><DirectoryEntry><Name>מונדרי יוסף יהושע</Name><Mobile>0527139898</Mobile><Office>046934459</Office></DirectoryEntry><DirectoryEntry><Name>מונדרי יוסף מנחם מנדל</Name><Mobile>0533192202</Mobile><Office>025400360</Office></DirectoryEntry><DirectoryEntry><Name>מונדרי יעקב מאיר</Name><Office>035321204</Office></DirectoryEntry><DirectoryEntry><Name>מונדרי יצחק</Name><Office>046936071</Office></DirectoryEntry><DirectoryEntry><Name>מונדרי ישעיה</Name><Office>088039019</Office></DirectoryEntry><DirectoryEntry><Name>מונדרי ישעיה יוסף</Name><Mobile>0548550370</Mobile><Office>088031717</Office></DirectoryEntry><DirectoryEntry><Name>מונדרי ישעיהו</Name><Mobile>0533111255</Mobile><Office>088529996</Office></DirectoryEntry><DirectoryEntry><Name>מונדרי ישעיהו</Name><Office>036774694</Office></DirectoryEntry><DirectoryEntry><Name>מונדרי ישעיהו</Name><Mobile>0527639481</Mobile><Office>025370536</Office></DirectoryEntry><DirectoryEntry><Name>מונדרי ישעיהו</Name><Office>088000190</Office></DirectoryEntry><DirectoryEntry><Name>מונדרי ישעיהו מאיר</Name><Mobile>0548590215</Mobile><Office>089955763</Office></DirectoryEntry><DirectoryEntry><Name>מונדרי ישראל</Name><Office>039087602</Office></DirectoryEntry><DirectoryEntry><Name>מונדרי ישראל מרדכי</Name><Office>046938543</Office></DirectoryEntry><DirectoryEntry><Name>מונדרי מרדכי יוסף</Name><Mobile>0527136020</Mobile><Office>046800553</Office></DirectoryEntry><DirectoryEntry><Name>מונדרי משה</Name><Office>035702411</Office></DirectoryEntry><DirectoryEntry><Name>מונדרי משה בצלאל</Name><Mobile>0527642573</Mobile><Office>088543453</Office></DirectoryEntry><DirectoryEntry><Name>מונדרי נח</Name><Office>0533112380</Office></DirectoryEntry><DirectoryEntry><Name>מונדרי נחום פנחס</Name><Mobile>0504132541</Mobile><Office>088653667</Office></DirectoryEntry><DirectoryEntry><Name>מונדרי נפתלי צבי</Name><Mobile>0527649680</Mobile><Office>025860538</Office></DirectoryEntry><DirectoryEntry><Name>מונדרי נפתלי שמואל</Name><Office>048671079</Office></DirectoryEntry><DirectoryEntry><Name>מונדרי פנחס</Name><Office>088671841</Office></DirectoryEntry><DirectoryEntry><Name>מונדרי פנחס</Name><Mobile>0534103787</Mobile><Office>0534103898</Office></DirectoryEntry><DirectoryEntry><Name>מונדרי פנחס יצחק מאיר</Name><Mobile>0527612570</Mobile><Office>088542570</Office></DirectoryEntry><DirectoryEntry><Name>מונדרי פנחס מנחם</Name><Office>0533165979</Office></DirectoryEntry><DirectoryEntry><Name>מונדרי פנחס מנחם</Name><Office>0583278970</Office></DirectoryEntry><DirectoryEntry><Name>מונדרי פנחס מנחם</Name><Office>0533187990</Office></DirectoryEntry><DirectoryEntry><Name>מונדרי פנחס מנחם</Name><Mobile>0533126680</Mobile><Office>036495641</Office></DirectoryEntry><DirectoryEntry><Name>מונדרי רחל לאה</Name><Office>035705542</Office></DirectoryEntry><DirectoryEntry><Name>מונדרי שושנה</Name><Mobile>0533189275</Mobile><Office>036188261</Office></DirectoryEntry><DirectoryEntry><Name>מונדרי שלום זעליג</Name><Mobile>0533158708</Mobile><Office>025869130</Office></DirectoryEntry><DirectoryEntry><Name>מונדרי שלמה</Name><Mobile>0533192275</Mobile><Office>036484055</Office></DirectoryEntry><DirectoryEntry><Name>מונדרי שמחה בונם</Name><Office>0548428714</Office></DirectoryEntry><DirectoryEntry><Name>מונדרי שמחה בונם</Name><Office>088030777</Office></DirectoryEntry><DirectoryEntry><Name>מונדרי שמחה בונם</Name><Office>038000112</Office></DirectoryEntry><DirectoryEntry><Name>מונדרי שמחה בונם</Name><Mobile>0527636918</Mobile></DirectoryEntry><DirectoryEntry><Name>מונדרי שמחה בונם</Name><Office>0583244597</Office></DirectoryEntry><DirectoryEntry><Name>מונדרי שמחה בונם</Name><Office>088001028</Office></DirectoryEntry><DirectoryEntry><Name>מונהייט מנדל</Name><Mobile>0533133873</Mobile><Office>088629822</Office></DirectoryEntry><DirectoryEntry><Name>מונהייט שמחה בונם</Name><Office>028001486</Office></DirectoryEntry><DirectoryEntry><Name>מונטג אברהם</Name><Office>025818713</Office></DirectoryEntry><DirectoryEntry><Name>מונטג אברהם אליהו</Name><Mobile>0504111758</Mobile><Office>088550979</Office></DirectoryEntry><DirectoryEntry><Name>מונטג אסתר</Name><Mobile>0527645423</Mobile><Office>086602606</Office></DirectoryEntry><DirectoryEntry><Name>מונטג ברוך</Name><Mobile>0527176842</Mobile></DirectoryEntry><DirectoryEntry><Name>מונטג חיה</Name><Mobile>0533118050</Mobile><Office>035705795</Office></DirectoryEntry><DirectoryEntry><Name>מונטג טוביה</Name><Mobile>0527612524</Mobile><Office>036187385</Office></DirectoryEntry><DirectoryEntry><Name>מונטג ישראל</Name><Mobile>0527122957</Mobile><Office>088657489</Office></DirectoryEntry><DirectoryEntry><Name>מונטג ישראל</Name><Mobile>0533199910</Mobile><Office>029910214</Office></DirectoryEntry><DirectoryEntry><Name>מונטג ישראל יוסף</Name><Mobile>0527636732</Mobile><Office>088648678</Office></DirectoryEntry><DirectoryEntry><Name>מונטג מרדכי חיים</Name><Office>036489228</Office></DirectoryEntry><DirectoryEntry><Name>מונטג נתן מאיר</Name><Office>0775051425</Office></DirectoryEntry><DirectoryEntry><Name>מונטג פינחס מנחם</Name><Office>0527677219</Office></DirectoryEntry><DirectoryEntry><Name>מונטג רפאל</Name><Mobile>0504193293</Mobile><Office>036192843</Office></DirectoryEntry><DirectoryEntry><Name>מונטג שולמית</Name><Mobile>0548410752</Mobile><Office>026512713</Office></DirectoryEntry><DirectoryEntry><Name>מונטג שמחה בונם</Name><Office>0534130698</Office></DirectoryEntry><DirectoryEntry><Name>מונטג שמעון בן ציון</Name><Office>0556780052</Office></DirectoryEntry><DirectoryEntry><Name>מוניץ חיים דוד</Name><Mobile>0527659011</Mobile><Office>088678238</Office></DirectoryEntry><DirectoryEntry><Name>מוניץ חנוך העניך</Name><Office>088020105</Office></DirectoryEntry><DirectoryEntry><Name>מוניץ ישראל צבי</Name><Mobile>0533135140</Mobile><Office>036186081</Office></DirectoryEntry><DirectoryEntry><Name>מונשיין אלחנן דוד</Name><Mobile>0505338684</Mobile><Office>026252578</Office></DirectoryEntry><DirectoryEntry><Name>מונשיין יחיאל</Name><Mobile>0504164000</Mobile><Office>048663090</Office></DirectoryEntry><DirectoryEntry><Name>מונשיין ישראל יהודה אריה</Name><Mobile>0527650311</Mobile><Office>036778643</Office></DirectoryEntry><DirectoryEntry><Name>מונשיין מרדכי</Name><Mobile>0527123777</Mobile></DirectoryEntry><DirectoryEntry><Name>מונשיין רוחמה</Name><Mobile>0527678310</Mobile><Office>035700310</Office></DirectoryEntry><DirectoryEntry><Name>מוסבאכר אברהם שלמה</Name><Mobile>0527624466</Mobile><Office>088660931</Office></DirectoryEntry><DirectoryEntry><Name>מוסבאכר אברהם שלמה</Name><Mobile>0533127266</Mobile><Office>025327266</Office></DirectoryEntry><DirectoryEntry><Name>מוסבאכר אברהם שלמה</Name><Office>086601185</Office></DirectoryEntry><DirectoryEntry><Name>מוסבאכר אהרן</Name><Mobile>0533150222</Mobile><Office>088659546</Office></DirectoryEntry><DirectoryEntry><Name>מוסבאכר אלעזר</Name><Office>088640627</Office></DirectoryEntry><DirectoryEntry><Name>מוסבאכר בנימין</Name><Mobile>0533151710</Mobile><Office>025322523</Office></DirectoryEntry><DirectoryEntry><Name>מוסבאכר דוד</Name><Mobile>0533112106</Mobile><Office>025001352</Office></DirectoryEntry><DirectoryEntry><Name>מוסבאכר דוד חיים</Name><Office>088046024</Office></DirectoryEntry><DirectoryEntry><Name>מוסבאכר חיים יהודה</Name><Mobile>0586760000</Mobile><Office>025023728</Office></DirectoryEntry><DirectoryEntry><Name>מוסבאכר חנוך העניך</Name><Mobile>0527112615</Mobile></DirectoryEntry><DirectoryEntry><Name>מוסבאכר יהודה אריה לייב</Name><Office>0527120004</Office></DirectoryEntry><DirectoryEntry><Name>מוסבאכר יהודה משה</Name><Mobile>0527645918</Mobile></DirectoryEntry><DirectoryEntry><Name>מוסבאכר יוסף</Name><Mobile>0533144040</Mobile><Office>0774332720</Office></DirectoryEntry><DirectoryEntry><Name>מוסבאכר יעקב צבי</Name><Mobile>0533145300</Mobile><Office>029923940</Office></DirectoryEntry><DirectoryEntry><Name>מוסבאכר יצחק אריה</Name><Office>029952194</Office></DirectoryEntry><DirectoryEntry><Name>מוסבאכר יצחק אריה</Name><Mobile>0548421418</Mobile><Office>035704003</Office></DirectoryEntry><DirectoryEntry><Name>מוסבאכר יצחק אריה</Name><Office>088001127</Office></DirectoryEntry><DirectoryEntry><Name>מוסבאכר ישראל</Name><Office>088647030</Office></DirectoryEntry><DirectoryEntry><Name>מוסבאכר ישראל</Name><Office>088650894</Office></DirectoryEntry><DirectoryEntry><Name>מוסבאכר ישראל</Name><Office>088003001</Office></DirectoryEntry><DirectoryEntry><Name>מוסבאכר ישראל</Name><Mobile>0533141030</Mobile><Office>088556665</Office></DirectoryEntry><DirectoryEntry><Name>מוסבאכר מרדכי שמואל</Name><Office>088001151</Office></DirectoryEntry><DirectoryEntry><Name>מוסבאכר פינחס מנחם</Name><Mobile>0583297172</Mobile><Office>0527668922</Office></DirectoryEntry><DirectoryEntry><Name>מוסבאכר פנחס</Name><Mobile>0527652150</Mobile><Office>089971571</Office></DirectoryEntry><DirectoryEntry><Name>מוסבאכר פנחס מנחם</Name><Office>0556766859</Office></DirectoryEntry><DirectoryEntry><Name>מוסבאכר פנחס מנחם</Name><Office>0583244523</Office></DirectoryEntry><DirectoryEntry><Name>מוסבכר יהודה משה</Name><Office>0527645918</Office></DirectoryEntry><DirectoryEntry><Name>מוסטוביץ אליעזר יצחק</Name><Office>025662535</Office></DirectoryEntry><DirectoryEntry><Name>מורגנבסר אהרן</Name><Office>025386028</Office></DirectoryEntry><DirectoryEntry><Name>מורגנבסר יחזקאל</Name><Mobile>0527617057</Mobile><Office>025387057</Office></DirectoryEntry><DirectoryEntry><Name>מורגנבסר ישראל</Name><Mobile>0527137127</Mobile></DirectoryEntry><DirectoryEntry><Name>מורגנשטרן nan</Name><Office>025821995</Office></DirectoryEntry><DirectoryEntry><Name>מורגנשטרן אביגדור ישעיה</Name><Mobile>0533157052</Mobile><Office>036162315</Office></DirectoryEntry><DirectoryEntry><Name>מורגנשטרן אברהם</Name><Mobile>0527138784</Mobile><Office>088668184</Office></DirectoryEntry><DirectoryEntry><Name>מורגנשטרן אברהם מרדכי</Name><Mobile>0527698300</Mobile><Office>036185517</Office></DirectoryEntry><DirectoryEntry><Name>מורגנשטרן אברהם שמואל</Name><Mobile>0583287781</Mobile><Office>088550790</Office></DirectoryEntry><DirectoryEntry><Name>מורגנשטרן אלעזר אהרן</Name><Mobile>0583231680</Mobile><Office>0583231620</Office></DirectoryEntry><DirectoryEntry><Name>מורגנשטרן אפרים</Name><Mobile>0527148888</Mobile><Office>035786675</Office></DirectoryEntry><DirectoryEntry><Name>מורגנשטרן אפרים הלל</Name><Office>0534169111</Office></DirectoryEntry><DirectoryEntry><Name>מורגנשטרן אפרים מאיר</Name><Office>088648634</Office></DirectoryEntry><DirectoryEntry><Name>מורגנשטרן גד</Name><Mobile>0504172797</Mobile><Office>088535227</Office></DirectoryEntry><DirectoryEntry><Name>מורגנשטרן דב בער</Name><Mobile>0527166656</Mobile><Office>025001060</Office></DirectoryEntry><DirectoryEntry><Name>מורגנשטרן דב בעריש</Name><Office>0556730916</Office></DirectoryEntry><DirectoryEntry><Name>מורגנשטרן דוד</Name><Mobile>0533116610</Mobile><Office>035701084</Office></DirectoryEntry><DirectoryEntry><Name>מורגנשטרן חנוך העניך</Name><Mobile>0548597939</Mobile><Office>088555829</Office></DirectoryEntry><DirectoryEntry><Name>מורגנשטרן יהודה אלטר</Name><Mobile>0548444000</Mobile><Office>0774203040</Office></DirectoryEntry><DirectoryEntry><Name>מורגנשטרן יהודה אריה</Name><Office>0583255714</Office></DirectoryEntry><DirectoryEntry><Name>מורגנשטרן יהודה אריה לייב</Name><Mobile>0504123708</Mobile><Office>088676820</Office></DirectoryEntry><DirectoryEntry><Name>מורגנשטרן יוסף</Name><Office>0527641233</Office></DirectoryEntry><DirectoryEntry><Name>מורגנשטרן יצחק זליג</Name><Mobile>0527641288</Mobile><Office>036188235</Office></DirectoryEntry><DirectoryEntry><Name>מורגנשטרן יצחק זעליג</Name><Office>0527167784</Office></DirectoryEntry><DirectoryEntry><Name>מורגנשטרן יצחק יהודה</Name><Office>0583274044</Office></DirectoryEntry><DirectoryEntry><Name>מורגנשטרן יצחק מאיר</Name><Office>0773232602</Office></DirectoryEntry><DirectoryEntry><Name>מורגנשטרן יצחק מאיר</Name><Office>0556773744</Office></DirectoryEntry><DirectoryEntry><Name>מורגנשטרן ישראל</Name><Office>088661351</Office></DirectoryEntry><DirectoryEntry><Name>מורגנשטרן ישראל</Name><Office>088552447</Office></DirectoryEntry><DirectoryEntry><Name>מורגנשטרן ישראל</Name><Mobile>0527617785</Mobile><Office>088645459</Office></DirectoryEntry><DirectoryEntry><Name>מורגנשטרן ישראל</Name><Mobile>0548562996</Mobile><Office>036542961</Office></DirectoryEntry><DirectoryEntry><Name>מורגנשטרן ישראל יצחק</Name><Mobile>0533102442</Mobile><Office>035705053</Office></DirectoryEntry><DirectoryEntry><Name>מורגנשטרן מאיר</Name><Office>036190908</Office></DirectoryEntry><DirectoryEntry><Name>מורגנשטרן מרדכי אריה</Name><Office>025821995</Office></DirectoryEntry><DirectoryEntry><Name>מורגנשטרן מרדכי יוסף</Name><Mobile>0527636752</Mobile><Office>046936410</Office></DirectoryEntry><DirectoryEntry><Name>מורגנשטרן משה</Name><Mobile>0548506012</Mobile></DirectoryEntry><DirectoryEntry><Name>מורגנשטרן משה</Name><Mobile>0527175000</Mobile><Office>039092937</Office></DirectoryEntry><DirectoryEntry><Name>מורגנשטרן משה דוד שמואל</Name><Office>088602022</Office></DirectoryEntry><DirectoryEntry><Name>מורגנשטרן משה מנחם</Name><Mobile>0527603603</Mobile><Office>029929092</Office></DirectoryEntry><DirectoryEntry><Name>מורגנשטרן נפתלי מרדכי</Name><Office>025387024</Office></DirectoryEntry><DirectoryEntry><Name>מורגנשטרן נתן צבי</Name><Office>035785538</Office></DirectoryEntry><DirectoryEntry><Name>מורגנשטרן פינחס</Name><Office>0548574757</Office></DirectoryEntry><DirectoryEntry><Name>מורגנשטרן פינחס מנחם</Name><Office>0583218325</Office></DirectoryEntry><DirectoryEntry><Name>מורגנשטרן פנחס מנחם</Name><Mobile>0533179363</Mobile></DirectoryEntry><DirectoryEntry><Name>מורגנשטרן פסח מרדכי</Name><Mobile>0533111490</Mobile><Office>048665047</Office></DirectoryEntry><DirectoryEntry><Name>מורגנשטרן צבי זאב</Name><Office>035796586</Office></DirectoryEntry><DirectoryEntry><Name>מורגנשטרן צבי זאב</Name><Office>0583263613</Office></DirectoryEntry><DirectoryEntry><Name>מורגנשטרן שאול יהושע</Name><Mobile>0527166007</Mobile><Office>088648364</Office></DirectoryEntry><DirectoryEntry><Name>מורגנשטרן שאול יהושע העשיל</Name><Office>028001515</Office></DirectoryEntry><DirectoryEntry><Name>מורגנשטרן שמחה</Name><Mobile>0527676510</Mobile><Office>025387024</Office></DirectoryEntry><DirectoryEntry><Name>מורגנשטרן שמחה בונם</Name><Mobile>0548407361</Mobile><Office>088001269</Office></DirectoryEntry><DirectoryEntry><Name>מורגנשטרן שמחה בונם</Name><Mobile>0556740441</Mobile></DirectoryEntry><DirectoryEntry><Name>מורגנשטרן שמחה בונם</Name><Office>038060029</Office></DirectoryEntry><DirectoryEntry><Name>מורגנשטרן שמחה בונם</Name><Office>028000139</Office></DirectoryEntry><DirectoryEntry><Name>מורגנשטרן שמחה בונם</Name><Office>0583263583</Office></DirectoryEntry><DirectoryEntry><Name>מורגנשטרן תרצה</Name><Mobile>0533102177</Mobile><Office>088679713</Office></DirectoryEntry><DirectoryEntry><Name>מוריה (הוכרמן) פנחס מרדכי</Name><Office>035796676</Office></DirectoryEntry><DirectoryEntry><Name>מושל שמריהו</Name><Office>098339932</Office></DirectoryEntry><DirectoryEntry><Name>מושקוביץ אברהם</Name><Office>029917787</Office></DirectoryEntry><DirectoryEntry><Name>מושקוביץ אברהם שלום</Name><Mobile>0548590670</Mobile><Office>025819459</Office></DirectoryEntry><DirectoryEntry><Name>מושקוביץ אברהם שמואל</Name><Mobile>0527675520</Mobile><Office>026526623</Office></DirectoryEntry><DirectoryEntry><Name>מושקוביץ אליהו אריה</Name><Office>025382349</Office></DirectoryEntry><DirectoryEntry><Name>מושקוביץ אלכסנדר אשר</Name><Mobile>0548486809</Mobile></DirectoryEntry><DirectoryEntry><Name>מושקוביץ דב אריה</Name><Mobile>0527169555</Mobile><Office>088039041</Office></DirectoryEntry><DirectoryEntry><Name>מושקוביץ דוד יהודה</Name><Mobile>0533101460</Mobile><Office>039093417</Office></DirectoryEntry><DirectoryEntry><Name>מושקוביץ חיים אליהו</Name><Mobile>0527170499</Mobile><Office>029925653</Office></DirectoryEntry><DirectoryEntry><Name>מושקוביץ חיים דוד</Name><Office>025022292</Office></DirectoryEntry><DirectoryEntry><Name>מושקוביץ יחיאל</Name><Office>046931393</Office></DirectoryEntry><DirectoryEntry><Name>מושקוביץ יחיאל זאב</Name><Mobile>0533103905</Mobile><Office>0772400442</Office></DirectoryEntry><DirectoryEntry><Name>מושקוביץ יצחק מאיר</Name><Office>088043051</Office></DirectoryEntry><DirectoryEntry><Name>מושקוביץ ירחמיאל ישראל יצחק</Name><Office>088524875</Office></DirectoryEntry><DirectoryEntry><Name>מושקוביץ ישעיהו דניאל</Name><Mobile>0533157067</Mobile><Office>036476532</Office></DirectoryEntry><DirectoryEntry><Name>מושקוביץ ישראל</Name><Office>088011131</Office></DirectoryEntry><DirectoryEntry><Name>מושקוביץ מירטה</Name><Mobile>0533169950</Mobile><Office>088669953</Office></DirectoryEntry><DirectoryEntry><Name>מושקוביץ מרדכי</Name><Mobile>0504101735</Mobile><Office>088560206</Office></DirectoryEntry><DirectoryEntry><Name>מושקוביץ משה אליעזר</Name><Office>038058002</Office></DirectoryEntry><DirectoryEntry><Name>מושקוביץ משה צבי</Name><Office>0548427125</Office></DirectoryEntry><DirectoryEntry><Name>מושקוביץ פנחס מנחם</Name><Mobile>0533196060</Mobile><Office>0533196067</Office></DirectoryEntry><DirectoryEntry><Name>מושקוביץ שמעון</Name><Mobile>0527669980</Mobile><Office>026541307</Office></DirectoryEntry><DirectoryEntry><Name>מושקוביץ שמעון נפתלי</Name><Office>088645953</Office></DirectoryEntry><DirectoryEntry><Name>מושקוביץ שמעון נפתלי</Name><Office>026540488</Office></DirectoryEntry><DirectoryEntry><Name>מיודובניק אריה לייב פייר</Name><Mobile>0524313706</Mobile></DirectoryEntry><DirectoryEntry><Name>מיטלמן מלכה</Name><Office>026421169</Office></DirectoryEntry><DirectoryEntry><Name>מייזליק יואל שלמה</Name><Office>025877715</Office></DirectoryEntry><DirectoryEntry><Name>מייערס עזרא עמנואל</Name><Office>025001682</Office></DirectoryEntry><DirectoryEntry><Name>מיירנץ אלעזר</Name><Mobile>0556722485</Mobile><Office>0556774511</Office></DirectoryEntry><DirectoryEntry><Name>מיירנץ אריה לייב</Name><Mobile>0504101628</Mobile><Office>088020010</Office></DirectoryEntry><DirectoryEntry><Name>מיירנץ יחיאל מאיר</Name><Office>029922606</Office></DirectoryEntry><DirectoryEntry><Name>מיירנץ יעקב</Name><Office>025003421</Office></DirectoryEntry><DirectoryEntry><Name>מיירנץ ישראל יהודה</Name><Office>025370580</Office></DirectoryEntry><DirectoryEntry><Name>מיירנץ צבי</Name><Mobile>0527696649</Mobile><Office>9922172</Office></DirectoryEntry><DirectoryEntry><Name>מיירנץ צבי</Name><Mobile>0504178123</Mobile><Office>028075000</Office></DirectoryEntry><DirectoryEntry><Name>מילגרום מרדכי</Name><Mobile>0527616491</Mobile><Office>036492786</Office></DirectoryEntry><DirectoryEntry><Name>מילר אברהם מרדכי</Name><Mobile>0533188185</Mobile><Office>036478635</Office></DirectoryEntry><DirectoryEntry><Name>מילר אפרים</Name><Office>0534164230</Office></DirectoryEntry><DirectoryEntry><Name>מילר חיה יהודית</Name><Office>035707166</Office></DirectoryEntry><DirectoryEntry><Name>מילר חיים בצלאל</Name><Office>025619239</Office></DirectoryEntry><DirectoryEntry><Name>מילר יהודה אריה לייב</Name><Office>0722988088</Office></DirectoryEntry><DirectoryEntry><Name>מילר יהודה אריה לייב</Name><Mobile>0533190256</Mobile><Office>025389278</Office></DirectoryEntry><DirectoryEntry><Name>מילר יוסף צבי</Name><Office>088039036</Office></DirectoryEntry><DirectoryEntry><Name>מילר ישראל</Name><Mobile>0527699735</Mobile><Office>088559883</Office></DirectoryEntry><DirectoryEntry><Name>מילר ישראל</Name><Mobile>0527693259</Mobile></DirectoryEntry><DirectoryEntry><Name>מילר ישראל</Name><Mobile>0548474884</Mobile><Office>029924845</Office></DirectoryEntry><DirectoryEntry><Name>מילר מרדכי</Name><Office>0548569999</Office></DirectoryEntry><DirectoryEntry><Name>מילר מרדכי</Name><Office>036496554</Office></DirectoryEntry><DirectoryEntry><Name>מילר משה אהרן</Name><Office>088562651</Office></DirectoryEntry><DirectoryEntry><Name>מילר משה בנימין</Name><Mobile>0548448142</Mobile><Office>088655670</Office></DirectoryEntry><DirectoryEntry><Name>מילר משה דוד</Name><Office>0772161226</Office></DirectoryEntry><DirectoryEntry><Name>מילר נפתלי הרץ</Name><Mobile>0504165314</Mobile><Office>088641160</Office></DirectoryEntry><DirectoryEntry><Name>מילר פינחס מנחם</Name><Office>0504154350</Office></DirectoryEntry><DirectoryEntry><Name>מילר צבי אריה</Name><Office>088035070</Office></DirectoryEntry><DirectoryEntry><Name>מילר שמואל חיים</Name><Mobile>0548448308</Mobile><Office>036766066</Office></DirectoryEntry><DirectoryEntry><Name>מילר שמחה בונם</Name><Office>0533151586</Office></DirectoryEntry><DirectoryEntry><Name>מילר שרה</Name><Office>025824076</Office></DirectoryEntry><DirectoryEntry><Name>מילשטיין אברהם אלתר</Name><Mobile>0533141339</Mobile><Office>089959376</Office></DirectoryEntry><DirectoryEntry><Name>מילשטיין אברהם יצחק</Name><Mobile>0504128418</Mobile><Office>035794668</Office></DirectoryEntry><DirectoryEntry><Name>מילשטיין אברהם מרדכי</Name><Mobile>0533134434</Mobile><Office>0777080175</Office></DirectoryEntry><DirectoryEntry><Name>מילשטיין אברהם מרדכי</Name><Office>088035029</Office></DirectoryEntry><DirectoryEntry><Name>מילשטיין אברהם נתן נטע</Name><Mobile>0543094166</Mobile><Office>036745588</Office></DirectoryEntry><DirectoryEntry><Name>מילשטיין אילה</Name><Office>036741520</Office></DirectoryEntry><DirectoryEntry><Name>מילשטיין אליהו</Name><Mobile>0527139996</Mobile><Office>088649367</Office></DirectoryEntry><DirectoryEntry><Name>מילשטיין אליהו</Name><Mobile>0504159116</Mobile><Office>025868922</Office></DirectoryEntry><DirectoryEntry><Name>מילשטיין אריה מרדכי</Name><Mobile>0533161960</Mobile><Office>036196017</Office></DirectoryEntry><DirectoryEntry><Name>מילשטיין בן ציון</Name><Mobile>0583285721</Mobile><Office>0583285720</Office></DirectoryEntry><DirectoryEntry><Name>מילשטיין הדסה רבקה</Name><Office>0775383551</Office></DirectoryEntry><DirectoryEntry><Name>מילשטיין חיים אהרן</Name><Office>0548596196</Office></DirectoryEntry><DirectoryEntry><Name>מילשטיין חיים זאב</Name><Mobile>0527169140</Mobile><Office>089953490</Office></DirectoryEntry><DirectoryEntry><Name>מילשטיין יהודה אריה לייב</Name><Office>0533175350</Office></DirectoryEntry><DirectoryEntry><Name>מילשטיין יהושע שלמה</Name><Mobile>0533199177</Mobile><Office>025869418</Office></DirectoryEntry><DirectoryEntry><Name>מילשטיין יחזקאל אליעזר</Name><Mobile>0548448866</Mobile><Office>029997836</Office></DirectoryEntry><DirectoryEntry><Name>מילשטיין יחזקאל אליעזר</Name><Mobile>0504128144</Mobile><Office>0533193061</Office></DirectoryEntry><DirectoryEntry><Name>מילשטיין יחזקאל אליעזר</Name><Mobile>0527670936</Mobile><Office>039092667</Office></DirectoryEntry><DirectoryEntry><Name>מילשטיין יחזקאל אליעזר</Name><Mobile>0527649973</Mobile><Office>0773309973</Office></DirectoryEntry><DirectoryEntry><Name>מילשטיין יעקב דב</Name><Mobile>0527627413</Mobile><Office>088660146</Office></DirectoryEntry><DirectoryEntry><Name>מילשטיין יעקב דב ברכיה</Name><Office>0548519180</Office></DirectoryEntry><DirectoryEntry><Name>מילשטיין יעקב יוסף</Name><Mobile>0504145373</Mobile><Office>025371711</Office></DirectoryEntry><DirectoryEntry><Name>מילשטיין ישראל</Name><Office>029914304</Office></DirectoryEntry><DirectoryEntry><Name>מילשטיין ישראל</Name><Mobile>0533103815</Mobile><Office>029921310</Office></DirectoryEntry><DirectoryEntry><Name>מילשטיין ישראל</Name><Mobile>0504158331</Mobile></DirectoryEntry><DirectoryEntry><Name>מילשטיין מאיר</Name><Mobile>0533118347</Mobile><Office>088532436</Office></DirectoryEntry><DirectoryEntry><Name>מילשטיין מנחם מנדל</Name><Mobile>0548483699</Mobile><Office>088566219</Office></DirectoryEntry><DirectoryEntry><Name>מילשטיין מרדכי</Name><Office>0583258694</Office></DirectoryEntry><DirectoryEntry><Name>מילשטיין מרדכי</Name><Mobile>0527626270</Mobile><Office>0777094287</Office></DirectoryEntry><DirectoryEntry><Name>מילשטיין ראובן יחיאל</Name><Office>028020055</Office></DirectoryEntry><DirectoryEntry><Name>מילשטיין שמחה אלימלך</Name><Office>038050105</Office></DirectoryEntry><DirectoryEntry><Name>מילשטיין שמחה בונם</Name><Office>0737320729</Office></DirectoryEntry><DirectoryEntry><Name>מילשטיין שמחה בונם</Name><Mobile>0527134264</Mobile><Office>0527661143</Office></DirectoryEntry><DirectoryEntry><Name>מילשטיין שמחה בונם</Name><Mobile>0533126900</Mobile><Office>0527660132</Office></DirectoryEntry><DirectoryEntry><Name>מילשטיין שמחה בונם</Name><Office>0556722171</Office></DirectoryEntry><DirectoryEntry><Name>מילשטיין שמחה שמואל</Name><Office>048010009</Office></DirectoryEntry><DirectoryEntry><Name>מילשטיין שרה</Name><Mobile>0504138082</Mobile><Office>025383551</Office></DirectoryEntry><DirectoryEntry><Name>מינץ אברהם</Name><Office>0556776016</Office></DirectoryEntry><DirectoryEntry><Name>מינץ אברהם מרדכי</Name><Mobile>0527600162</Mobile><Office>039323519</Office></DirectoryEntry><DirectoryEntry><Name>מינץ אפרים אליעזר</Name><Mobile>0527605716</Mobile><Office>035783099</Office></DirectoryEntry><DirectoryEntry><Name>מינץ חיה רבקה</Name><Office>035743477</Office></DirectoryEntry><DirectoryEntry><Name>מינץ חנוך העניך</Name><Office>0527175805</Office></DirectoryEntry><DirectoryEntry><Name>מינץ יהודה אריה לייב</Name><Mobile>0548437223</Mobile><Office>0777067618</Office></DirectoryEntry><DirectoryEntry><Name>מינץ יהודה אריה לייב</Name><Office>038083001</Office></DirectoryEntry><DirectoryEntry><Name>מינץ יהושע מאיר</Name><Mobile>0527612063</Mobile><Office>088663786</Office></DirectoryEntry><DirectoryEntry><Name>מינץ יוסף</Name><Mobile>0533129093</Mobile><Office>0777059093</Office></DirectoryEntry><DirectoryEntry><Name>מינץ יחיאל מיכל</Name><Mobile>0527129111</Mobile><Office>088650775</Office></DirectoryEntry><DirectoryEntry><Name>מינץ יעקב</Name><Mobile>0504135717</Mobile><Office>026245720</Office></DirectoryEntry><DirectoryEntry><Name>מינץ יעקב אריה</Name><Mobile>0527646141</Mobile><Office>035701627</Office></DirectoryEntry><DirectoryEntry><Name>מינץ ישראל</Name><Mobile>0527639476</Mobile><Office>029919476</Office></DirectoryEntry><DirectoryEntry><Name>מינץ משה בונים</Name><Mobile>0527612062</Mobile><Office>088640532</Office></DirectoryEntry><DirectoryEntry><Name>מינץ פנחס זאב</Name><Mobile>0533123449</Mobile><Office>036187149</Office></DirectoryEntry><DirectoryEntry><Name>מינץ שלמה</Name><Mobile>0527123006</Mobile><Office>088651119</Office></DirectoryEntry><DirectoryEntry><Name>מינץ שלמה</Name><Mobile>0527665833</Mobile></DirectoryEntry><DirectoryEntry><Name>מינץ שמואל</Name><Office>0777647414</Office></DirectoryEntry><DirectoryEntry><Name>מינקה אביגדור ראובן</Name><Mobile>0533146999</Mobile><Office>025323389</Office></DirectoryEntry><DirectoryEntry><Name>מינקה אברהם פנחס</Name><Mobile>0533108005</Mobile><Office>029990221</Office></DirectoryEntry><DirectoryEntry><Name>מינקה דוד יואל</Name><Office>0527616226</Office></DirectoryEntry><DirectoryEntry><Name>מינקה יוסף</Name><Mobile>0533181788</Mobile><Office>036181788</Office></DirectoryEntry><DirectoryEntry><Name>מינקה משה יצחק</Name><Mobile>0527640982</Mobile><Office>088665006</Office></DirectoryEntry><DirectoryEntry><Name>מינקה נחום ישראל</Name><Mobile>0504155533</Mobile><Office>025371110</Office></DirectoryEntry><DirectoryEntry><Name>מינקה פינחס מנחם</Name><Mobile>0548543993</Mobile><Office>0533128571</Office></DirectoryEntry><DirectoryEntry><Name>מינקה רזיאל</Name><Mobile>0533107789</Mobile><Office>035707789</Office></DirectoryEntry><DirectoryEntry><Name>מינקה רפאל מנחם</Name><Office>0527107107</Office></DirectoryEntry><DirectoryEntry><Name>מינקה שמחה</Name><Mobile>0527674289</Mobile><Office>025384249</Office></DirectoryEntry><DirectoryEntry><Name>מינקה שמעון</Name><Office>028000292</Office></DirectoryEntry><DirectoryEntry><Name>מינקה שמעון צדוק</Name><Mobile>0527123320</Mobile><Office>048001200</Office></DirectoryEntry><DirectoryEntry><Name>מירון שושנה</Name><Office>036961867</Office></DirectoryEntry><DirectoryEntry><Name>מכהן אהרן</Name><Mobile>0527604483</Mobile><Office>046935529</Office></DirectoryEntry><DirectoryEntry><Name>מלאך אברהם אלכסנדר זיסקינ</Name><Office>0533104905</Office></DirectoryEntry><DirectoryEntry><Name>מלאך אברהם יהושע השיל</Name><Mobile>0533161353</Mobile><Office>089561911</Office></DirectoryEntry><DirectoryEntry><Name>מלאך אברהם מרדכי</Name><Mobile>0533141940</Mobile><Office>088647310</Office></DirectoryEntry><DirectoryEntry><Name>מלאך בן ציון</Name><Office>0543313268</Office></DirectoryEntry><DirectoryEntry><Name>מלאך גד</Name><Mobile>0548458096</Mobile><Office>088660475</Office></DirectoryEntry><DirectoryEntry><Name>מלאך דבורה</Name><Office>025389640</Office></DirectoryEntry><DirectoryEntry><Name>מלאך חזקיהו</Name><Office>0583258533</Office></DirectoryEntry><DirectoryEntry><Name>מלאך חיים זאב</Name><Mobile>0504101450</Mobile><Office>088640408</Office></DirectoryEntry><DirectoryEntry><Name>מלאך חיים יחזקאל</Name><Office>025863635</Office></DirectoryEntry><DirectoryEntry><Name>מלאך יהודה אריה</Name><Mobile>0504163230</Mobile></DirectoryEntry><DirectoryEntry><Name>מלאך יהודה אריה לייב</Name><Office>035703206</Office></DirectoryEntry><DirectoryEntry><Name>מלאך יהודה אריה לייב</Name><Mobile>0527110350</Mobile><Office>026451135</Office></DirectoryEntry><DirectoryEntry><Name>מלאך יעקב</Name><Mobile>0583274432</Mobile><Office>028000484</Office></DirectoryEntry><DirectoryEntry><Name>מלאך יעקב ישראל</Name><Mobile>0527676035</Mobile><Office>088039015</Office></DirectoryEntry><DirectoryEntry><Name>מלאך יצחק ירחמיאל</Name><Office>088001828</Office></DirectoryEntry><DirectoryEntry><Name>מלאך ישראל</Name><Mobile>0527659599</Mobile><Office>0773010411</Office></DirectoryEntry><DirectoryEntry><Name>מלאך ישראל</Name><Mobile>0527156418</Mobile><Office>025003291</Office></DirectoryEntry><DirectoryEntry><Name>מלאך ישראל</Name><Mobile>0504121159</Mobile><Office>088008820</Office></DirectoryEntry><DirectoryEntry><Name>מלאך ישראל</Name><Mobile>0527134847</Mobile><Office>088033020</Office></DirectoryEntry><DirectoryEntry><Name>מלאך ישראל יעקב</Name><Mobile>0548413140</Mobile><Office>088653559</Office></DirectoryEntry><DirectoryEntry><Name>מלאך משה יהודה</Name><Mobile>0533133797</Mobile><Office>025813796</Office></DirectoryEntry><DirectoryEntry><Name>מלאך משה צבי</Name><Mobile>7189728013</Mobile><Office>7188544408</Office></DirectoryEntry><DirectoryEntry><Name>מלאך שמחה בונם</Name><Office>089317677</Office></DirectoryEntry><DirectoryEntry><Name>מלאך שמחה בונם</Name><Office>0583296641</Office></DirectoryEntry><DirectoryEntry><Name>מלאך שמחה בונם</Name><Office>088020106</Office></DirectoryEntry><DirectoryEntry><Name>מלאך שמחה בונם</Name><Mobile>0527161422</Mobile></DirectoryEntry><DirectoryEntry><Name>מלאך שמחה בונם</Name><Mobile>0504115477</Mobile><Office>025004214</Office></DirectoryEntry><DirectoryEntry><Name>מלבסקי nan</Name><Office>035789185</Office></DirectoryEntry><DirectoryEntry><Name>מלבסקי אברהם יהושע</Name><Mobile>0533171612</Mobile><Office>028030006</Office></DirectoryEntry><DirectoryEntry><Name>מלבסקי אברהם מרדכי</Name><Office>0533153800</Office></DirectoryEntry><DirectoryEntry><Name>מלבסקי אברהם מרדכי</Name><Mobile>0548448081</Mobile><Office>035707635</Office></DirectoryEntry><DirectoryEntry><Name>מלבסקי חנוך העניך</Name><Office>088020044</Office></DirectoryEntry><DirectoryEntry><Name>מלבסקי יהודה אריה לייב</Name><Office>0583242487</Office></DirectoryEntry><DirectoryEntry><Name>מלבסקי יעקב</Name><Mobile>0548400840</Mobile><Office>088663351</Office></DirectoryEntry><DirectoryEntry><Name>מלבסקי יעקב זלמן</Name><Office>088042030</Office></DirectoryEntry><DirectoryEntry><Name>מלבסקי יצחק</Name><Mobile>0533153886</Mobile><Office>025374230</Office></DirectoryEntry><DirectoryEntry><Name>מלבסקי ישראל</Name><Mobile>0527149955</Mobile><Office>088641520</Office></DirectoryEntry><DirectoryEntry><Name>מלבסקי ישראל</Name><Office>036194082</Office></DirectoryEntry><DirectoryEntry><Name>מלבסקי מרדכי</Name><Mobile>0583274080</Mobile><Office>0583228692</Office></DirectoryEntry><DirectoryEntry><Name>מלבסקי נחמן דוד</Name><Mobile>0533141848</Mobile><Office>088641848</Office></DirectoryEntry><DirectoryEntry><Name>מלבסקי נחמן דוד</Name><Office>0533181033</Office></DirectoryEntry><DirectoryEntry><Name>מלבסקי פינחס מנחם</Name><Office>0527157607</Office></DirectoryEntry><DirectoryEntry><Name>מלבסקי ראובן</Name><Mobile>0504150477</Mobile><Office>088043039</Office></DirectoryEntry><DirectoryEntry><Name>מלבסקי שמואל מרדכי</Name><Mobile>0533186476</Mobile><Office>088020820</Office></DirectoryEntry><DirectoryEntry><Name>מלבסקי שמחה בונם</Name><Office>088001278</Office></DirectoryEntry><DirectoryEntry><Name>מלבסקי שרה</Name><Office>035789185</Office></DirectoryEntry><DirectoryEntry><Name>מלמן לאה</Name><Mobile>0543970715</Mobile><Office>088665493</Office></DirectoryEntry><DirectoryEntry><Name>מלמן מנחם</Name><Mobile>0543455146</Mobile><Office>039309170</Office></DirectoryEntry><DirectoryEntry><Name>מלמן משה</Name><Mobile>0533179401</Mobile><Office>088642566</Office></DirectoryEntry><DirectoryEntry><Name>מלניק יצחק</Name><Mobile>0527646182</Mobile><Office>036161829</Office></DirectoryEntry><DirectoryEntry><Name>מלניק שמחה בונם</Name><Mobile>0527179626</Mobile><Office>0533154681</Office></DirectoryEntry><DirectoryEntry><Name>מלץ אפרים</Name><Mobile>0527660178</Mobile><Office>035791912</Office></DirectoryEntry><DirectoryEntry><Name>מלץ יוסף</Name><Mobile>0527675028</Mobile><Office>086493599</Office></DirectoryEntry><DirectoryEntry><Name>מלצר חיים זלמן</Name><Mobile>0527145830</Mobile><Office>088605760</Office></DirectoryEntry><DirectoryEntry><Name>מלצר ישעיה נתן</Name><Office>025003622</Office></DirectoryEntry><DirectoryEntry><Name>מלצר משה שלום</Name><Office>0772092011</Office></DirectoryEntry><DirectoryEntry><Name>מלצר שמואל אברהם</Name><Office>025402561</Office></DirectoryEntry><DirectoryEntry><Name>מנדל אסתר</Name><Office>036185895</Office></DirectoryEntry><DirectoryEntry><Name>מנדל דב בעריש</Name><Mobile>0504187898</Mobile><Office>088642550</Office></DirectoryEntry><DirectoryEntry><Name>מנדל דוד</Name><Office>035705197</Office></DirectoryEntry><DirectoryEntry><Name>מנדל יהודה אריה לייב</Name><Mobile>0548445795</Mobile><Office>088565795</Office></DirectoryEntry><DirectoryEntry><Name>מנדל יוסף שלמה</Name><Office>0737249997</Office></DirectoryEntry><DirectoryEntry><Name>מנדל יעקב זלמן</Name><Mobile>0533174100</Mobile><Office>048666547</Office></DirectoryEntry><DirectoryEntry><Name>מנדל יעקב יחיאל</Name><Mobile>0583296027</Mobile><Office>0556763719</Office></DirectoryEntry><DirectoryEntry><Name>מנדל יפה</Name><Office>088564715</Office></DirectoryEntry><DirectoryEntry><Name>מנדל ישראל גדליה</Name><Mobile>0533120091</Mobile><Office>035705197</Office></DirectoryEntry><DirectoryEntry><Name>מנדל משה אהרן מנחם</Name><Office>0533111690</Office></DirectoryEntry><DirectoryEntry><Name>מנדל נחמיה</Name><Mobile>0533124680</Mobile><Office>088566582</Office></DirectoryEntry><DirectoryEntry><Name>מנדל נחמיה</Name><Office>038000126</Office></DirectoryEntry><DirectoryEntry><Name>מנדל רות</Name><Office>025376276</Office></DirectoryEntry><DirectoryEntry><Name>מנדל שמחה בונם</Name><Mobile>0533119221</Mobile></DirectoryEntry><DirectoryEntry><Name>מנדל שמחה בונם</Name><Office>0527606927</Office></DirectoryEntry><DirectoryEntry><Name>מנדלבוים אברהם יצחק</Name><Mobile>0527674254</Mobile><Office>025374250</Office></DirectoryEntry><DirectoryEntry><Name>מנדלבוים בנימין</Name><Office>035781946</Office></DirectoryEntry><DirectoryEntry><Name>מנדלבוים דוד אברהם</Name><Mobile>0533110057</Mobile><Office>035705437</Office></DirectoryEntry><DirectoryEntry><Name>מנדלבוים יחיאל ראובן</Name><Office>025820127</Office></DirectoryEntry><DirectoryEntry><Name>מנדלבוים ישראל</Name><Mobile>0527610506</Mobile><Office>088533000</Office></DirectoryEntry><DirectoryEntry><Name>מנדלוביץ יצחק אייזיק</Name><Office>025869764</Office></DirectoryEntry><DirectoryEntry><Name>מנדלזון אביגדור יצחק</Name><Mobile>0548480147</Mobile><Office>086814748</Office></DirectoryEntry><DirectoryEntry><Name>מנדלזון אברהם מרדכי</Name><Office>088659057</Office></DirectoryEntry><DirectoryEntry><Name>מנדלזון אברהם מרדכי</Name><Mobile>0533110589</Mobile><Office>088544293</Office></DirectoryEntry><DirectoryEntry><Name>מנדלזון אהרן</Name><Office>025867036</Office></DirectoryEntry><DirectoryEntry><Name>מנדלזון אריה לייב</Name><Office>0533135350</Office></DirectoryEntry><DirectoryEntry><Name>מנדלזון בנימין</Name><Office>088020266</Office></DirectoryEntry><DirectoryEntry><Name>מנדלזון בנימין</Name><Mobile>0548470697</Mobile><Office>025370697</Office></DirectoryEntry><DirectoryEntry><Name>מנדלזון בנימין</Name><Mobile>0504134056</Mobile></DirectoryEntry><DirectoryEntry><Name>מנדלזון יוסף מאיר</Name><Office>0533127460</Office></DirectoryEntry><DirectoryEntry><Name>מנדלזון יעקב יוסף</Name><Office>0533109135</Office></DirectoryEntry><DirectoryEntry><Name>מנדלזון ישי אברהם צבי</Name><Mobile>0548592280</Mobile><Office>036745630</Office></DirectoryEntry><DirectoryEntry><Name>מנדלזון ישראל</Name><Mobile>0504198875</Mobile><Office>025377844</Office></DirectoryEntry><DirectoryEntry><Name>מנדלזון ישראל יצחק</Name><Office>025383673</Office></DirectoryEntry><DirectoryEntry><Name>מנדלזון משה יוסף מאיר</Name><Mobile>0527646835</Mobile><Office>026513572</Office></DirectoryEntry><DirectoryEntry><Name>מנדלזון משה נתן נטע</Name><Office>038077014</Office></DirectoryEntry><DirectoryEntry><Name>מנדלזון פנחס</Name><Office>0533122941</Office></DirectoryEntry><DirectoryEntry><Name>מנדלזון שמחה בנימין</Name><Mobile>0548494088</Mobile><Office>025797211</Office></DirectoryEntry><DirectoryEntry><Name>מנדלסון אברהם גד</Name><Mobile>0504113070</Mobile><Office>088551253</Office></DirectoryEntry><DirectoryEntry><Name>מנדלסון אברהם מרדכי</Name><Mobile>0504190094</Mobile><Office>036169470</Office></DirectoryEntry><DirectoryEntry><Name>מנדלסון בצלאל חיים</Name><Mobile>0533103020</Mobile><Office>088540552</Office></DirectoryEntry><DirectoryEntry><Name>מנדלסון יצחק דב</Name><Office>025711879</Office></DirectoryEntry><DirectoryEntry><Name>מנדלסון ישעיה אשר</Name><Office>088668601</Office></DirectoryEntry><DirectoryEntry><Name>מנדלסון ישראל</Name><Mobile>0533123088</Mobile></DirectoryEntry><DirectoryEntry><Name>מנדלסון ישראל</Name><Office>025671810</Office></DirectoryEntry><DirectoryEntry><Name>מנדלסון מאיר</Name><Mobile>0527182822</Mobile><Office>0527625502</Office></DirectoryEntry><DirectoryEntry><Name>מנדלסון מאיר</Name><Office>025717276</Office></DirectoryEntry><DirectoryEntry><Name>מנדלסון מנחם</Name><Mobile>0527635522</Mobile><Office>088679862</Office></DirectoryEntry><DirectoryEntry><Name>מנדלסון משה בנימין זאב</Name><Office>0527117017</Office></DirectoryEntry><DirectoryEntry><Name>מנדלסון משה יוסף</Name><Mobile>0527622018</Mobile><Office>088670794</Office></DirectoryEntry><DirectoryEntry><Name>מנדלסון פישל בונים</Name><Mobile>0527117017</Mobile><Office>086600551</Office></DirectoryEntry><DirectoryEntry><Name>מנדלסון צבי</Name><Mobile>0533100285</Mobile><Office>0773497795</Office></DirectoryEntry><DirectoryEntry><Name>מנדלסון קלמן</Name><Mobile>0548499349</Mobile><Office>025875059</Office></DirectoryEntry><DirectoryEntry><Name>מנדלסון שמואל אהרן</Name><Mobile>0504139892</Mobile></DirectoryEntry><DirectoryEntry><Name>מנדלקורן אהרן</Name><Office>026505005</Office></DirectoryEntry><DirectoryEntry><Name>מנדלקורן יהודית</Name><Office>025374813</Office></DirectoryEntry><DirectoryEntry><Name>מנדלקורן יוסף</Name><Mobile>0533100025</Mobile><Office>0773003196</Office></DirectoryEntry><DirectoryEntry><Name>מנדלקורן יצחק</Name><Mobile>0504111973</Mobile><Office>035706445</Office></DirectoryEntry><DirectoryEntry><Name>מנדלקורן שפרה צפורה</Name><Mobile>0533112634</Mobile><Office>035706553</Office></DirectoryEntry><DirectoryEntry><Name>מנדרזיצקי אברהם יעקב</Name><Mobile>0533138090</Mobile><Office>086815483</Office></DirectoryEntry><DirectoryEntry><Name>מנדרזיצקי אהרן</Name><Office>025375180</Office></DirectoryEntry><DirectoryEntry><Name>מנדרזיצקי דוד</Name><Mobile>0504141118</Mobile></DirectoryEntry><DirectoryEntry><Name>מנדרזיצקי יהודה אריה</Name><Mobile>0504190052</Mobile><Office>035781858</Office></DirectoryEntry><DirectoryEntry><Name>מנדרזיצקי ישראל</Name><Mobile>0504132025</Mobile><Office>029911755</Office></DirectoryEntry><DirectoryEntry><Name>מנדרזיצקי מרדכי יוסף</Name><Mobile>0527157001</Mobile><Office>035793517</Office></DirectoryEntry><DirectoryEntry><Name>מנדרזיצקי שלמה יהודה</Name><Mobile>0504132022</Mobile><Office>025371864</Office></DirectoryEntry><DirectoryEntry><Name>מנדרזיצקי שמחה בונם</Name><Mobile>0548525910</Mobile><Office>026243534</Office></DirectoryEntry><DirectoryEntry><Name>מנהיימר אברהם ישראל</Name><Mobile>0524761181</Mobile><Office>036164298</Office></DirectoryEntry><DirectoryEntry><Name>מנהיימר יוסף</Name><Mobile>0548440451</Mobile><Office>086818766</Office></DirectoryEntry><DirectoryEntry><Name>מנהיימר רבקה</Name><Office>036195478</Office></DirectoryEntry><DirectoryEntry><Name>מנהיימר שמעון שמואל</Name><Mobile>0547521065</Mobile></DirectoryEntry><DirectoryEntry><Name>מנלה אברהם</Name><Mobile>0583286140</Mobile><Office>046860627</Office></DirectoryEntry><DirectoryEntry><Name>מנלה אברהם דוד</Name><Office>088035005</Office></DirectoryEntry><DirectoryEntry><Name>מנלה אברהם דוד</Name><Mobile>0527687970</Mobile><Office>088033091</Office></DirectoryEntry><DirectoryEntry><Name>מנלה אברהם יוסף</Name><Mobile>0533111233</Mobile><Office>088033007</Office></DirectoryEntry><DirectoryEntry><Name>מנלה אברהם מאיר</Name><Office>036160386</Office></DirectoryEntry><DirectoryEntry><Name>מנלה אברהם מרדכי</Name><Mobile>0527630044</Mobile><Office>035603776</Office></DirectoryEntry><DirectoryEntry><Name>מנלה אהרן</Name><Mobile>0548413648</Mobile><Office>025375492</Office></DirectoryEntry><DirectoryEntry><Name>מנלה זאב שמעון</Name><Office>028040444</Office></DirectoryEntry><DirectoryEntry><Name>מנלה חיים אליעזר</Name><Mobile>0533100800</Mobile><Office>089955468</Office></DirectoryEntry><DirectoryEntry><Name>מנלה חיים צבי</Name><Mobile>0527171593</Mobile><Office>088553225</Office></DirectoryEntry><DirectoryEntry><Name>מנלה חנוך העניך</Name><Mobile>0548444815</Mobile></DirectoryEntry><DirectoryEntry><Name>מנלה יהודה אריה לייב</Name><Mobile>0548444816</Mobile><Office>036185781</Office></DirectoryEntry><DirectoryEntry><Name>מנלה יהודה אריה לייב</Name><Office>088569573</Office></DirectoryEntry><DirectoryEntry><Name>מנלה יואל</Name><Mobile>0548470187</Mobile><Office>039474626</Office></DirectoryEntry><DirectoryEntry><Name>מנלה יונה</Name><Mobile>0533109941</Mobile><Office>035703941</Office></DirectoryEntry><DirectoryEntry><Name>מנלה יונה</Name><Mobile>0533199876</Mobile><Office>089957837</Office></DirectoryEntry><DirectoryEntry><Name>מנלה יוסף</Name><Mobile>0504162986</Mobile><Office>089477731</Office></DirectoryEntry><DirectoryEntry><Name>מנלה יחיאל</Name><Office>088001455</Office></DirectoryEntry><DirectoryEntry><Name>מנלה יעקב אריה לייב</Name><Office>089216606</Office></DirectoryEntry><DirectoryEntry><Name>מנלה יצחק</Name><Mobile>0548497006</Mobile><Office>0527650300</Office></DirectoryEntry><DirectoryEntry><Name>מנלה יצחק</Name><Mobile>0533114978</Mobile><Office>026514978</Office></DirectoryEntry><DirectoryEntry><Name>מנלה יצחק דב</Name><Mobile>0527641407</Mobile><Office>036161959</Office></DirectoryEntry><DirectoryEntry><Name>מנלה יצחק דב</Name><Office>0504106906</Office></DirectoryEntry><DirectoryEntry><Name>מנלה יצחק מאיר</Name><Mobile>0527112355</Mobile><Office>0773366443</Office></DirectoryEntry><DirectoryEntry><Name>מנלה יצחק מרדכי</Name><Mobile>0533158477</Mobile><Office>036185471</Office></DirectoryEntry><DirectoryEntry><Name>מנלה ישראל</Name><Mobile>0533146931</Mobile><Office>088646931</Office></DirectoryEntry><DirectoryEntry><Name>מנלה ישראל</Name><Office>088677396</Office></DirectoryEntry><DirectoryEntry><Name>מנלה ישראל</Name><Mobile>0533158479</Mobile><Office>035787550</Office></DirectoryEntry><DirectoryEntry><Name>מנלה ישראל</Name><Mobile>0527173808</Mobile></DirectoryEntry><DirectoryEntry><Name>מנלה ישראל</Name><Mobile>0504181722</Mobile><Office>088043036</Office></DirectoryEntry><DirectoryEntry><Name>מנלה ישראל דוד</Name><Office>0722986147</Office></DirectoryEntry><DirectoryEntry><Name>מנלה מאיר שמואל</Name><Mobile>0527148087</Mobile><Office>038000150</Office></DirectoryEntry><DirectoryEntry><Name>מנלה מרדכי</Name><Mobile>0527130086</Mobile><Office>088647860</Office></DirectoryEntry><DirectoryEntry><Name>מנלה מרדכי אלימלך</Name><Mobile>0527624073</Mobile><Office>086601561</Office></DirectoryEntry><DirectoryEntry><Name>מנלה מרדכי יוסף</Name><Mobile>0533134400</Mobile><Office>088543839</Office></DirectoryEntry><DirectoryEntry><Name>מנלה מרדכי מאיר</Name><Office>088020077</Office></DirectoryEntry><DirectoryEntry><Name>מנלה משה</Name><Office>088043980</Office></DirectoryEntry><DirectoryEntry><Name>מנלה משה</Name><Mobile>0504128734</Mobile><Office>089952392</Office></DirectoryEntry><DirectoryEntry><Name>מנלה משה דוד</Name><Mobile>0533196833</Mobile><Office>029996833</Office></DirectoryEntry><DirectoryEntry><Name>מנלה משה חיים</Name><Mobile>0548419398</Mobile><Office>0527162950</Office></DirectoryEntry><DirectoryEntry><Name>מנלה נחום שמחה בונם</Name><Mobile>0533121747</Mobile><Office>028020047</Office></DirectoryEntry><DirectoryEntry><Name>מנלה נחמיה</Name><Mobile>0556740400</Mobile><Office>088040400</Office></DirectoryEntry><DirectoryEntry><Name>מנלה פנחס מנחם</Name><Mobile>0534153250</Mobile><Office>0556781575</Office></DirectoryEntry><DirectoryEntry><Name>מנלה פנחס מנחם</Name><Office>0504176621</Office></DirectoryEntry><DirectoryEntry><Name>מנלה פנחס מנחם</Name><Office>0556783101</Office></DirectoryEntry><DirectoryEntry><Name>מנלה פנחס מנחם מנדל</Name><Office>0583241014</Office></DirectoryEntry><DirectoryEntry><Name>מנלה שלמה שמאי</Name><Office>089955517</Office></DirectoryEntry><DirectoryEntry><Name>מנלה שמואל הלל</Name><Mobile>0556793057</Mobile><Office>0583230950</Office></DirectoryEntry><DirectoryEntry><Name>מנלה שמחה בונם</Name><Office>086419306</Office></DirectoryEntry><DirectoryEntry><Name>מנלה שמחה בונם</Name><Mobile>0533118771</Mobile></DirectoryEntry><DirectoryEntry><Name>מנלה שמחה בונם</Name><Office>0533149949</Office></DirectoryEntry><DirectoryEntry><Name>מנלה שמחה בונם</Name><Office>0504187187</Office></DirectoryEntry><DirectoryEntry><Name>מנלה שמחה בונם</Name><Office>088001052</Office></DirectoryEntry><DirectoryEntry><Name>מנלה שמחה בונם</Name><Mobile>0583295557</Mobile><Office>088009557</Office></DirectoryEntry><DirectoryEntry><Name>מנציק אברהם מרדכי</Name><Office>038080026</Office></DirectoryEntry><DirectoryEntry><Name>מנציק אהרן</Name><Mobile>0548494693</Mobile><Office>036161748</Office></DirectoryEntry><DirectoryEntry><Name>מנציק יוסף צבי</Name><Office>048621693</Office></DirectoryEntry><DirectoryEntry><Name>מנציק ישראל יהושע</Name><Office>088604089</Office></DirectoryEntry><DirectoryEntry><Name>מנציק מנחם</Name><Mobile>0548467906</Mobile><Office>036494588</Office></DirectoryEntry><DirectoryEntry><Name>מנציק מרדכי</Name><Mobile>0533123446</Mobile><Office>048679169</Office></DirectoryEntry><DirectoryEntry><Name>מנציק שמחה בונם</Name><Office>0527660061</Office></DirectoryEntry><DirectoryEntry><Name>מסלו יהודה מרדכי</Name><Office>0556741721</Office></DirectoryEntry><DirectoryEntry><Name>מסלו ישראל</Name><Mobile>0533192298</Mobile><Office>029992298</Office></DirectoryEntry><DirectoryEntry><Name>מסלו ניסן דוד</Name><Mobile>0533103583</Mobile><Office>029995572</Office></DirectoryEntry><DirectoryEntry><Name>מסלו נפתלי עזריה</Name><Mobile>0527136640</Mobile><Office>036704769</Office></DirectoryEntry><DirectoryEntry><Name>מסלו צבי מאיר</Name><Mobile>0533158610</Mobile><Office>025860493</Office></DirectoryEntry><DirectoryEntry><Name>מעט אפרים מאיר</Name><Mobile>0533195314</Mobile><Office>025002757</Office></DirectoryEntry><DirectoryEntry><Name>מעט יעקב מרדכי</Name><Office>0583208803</Office></DirectoryEntry><DirectoryEntry><Name>מעט יעקב מרדכי</Name><Office>026504835</Office></DirectoryEntry><DirectoryEntry><Name>מעט פנחס מנחם</Name><Mobile>0527131920</Mobile><Office>0534169063</Office></DirectoryEntry><DirectoryEntry><Name>מפה צבי</Name><Office>039613449</Office></DirectoryEntry><DirectoryEntry><Name>מפר אברהם משה</Name><Office>0533151532</Office></DirectoryEntry><DirectoryEntry><Name>מפר דוד</Name><Mobile>0548430806</Mobile><Office>025328540</Office></DirectoryEntry><DirectoryEntry><Name>מפר שמחה חיים</Name><Mobile>0504104504</Mobile><Office>088667996</Office></DirectoryEntry><DirectoryEntry><Name>מצגר אברהם צבי</Name><Office>025815218</Office></DirectoryEntry><DirectoryEntry><Name>מצגר אפרים</Name><Mobile>0527182943</Mobile><Office>088001277</Office></DirectoryEntry><DirectoryEntry><Name>מצגר יצחק מאיר</Name><Office>088565636</Office></DirectoryEntry><DirectoryEntry><Name>מצגר ישראל</Name><Mobile>0527630344</Mobile><Office>046934890</Office></DirectoryEntry><DirectoryEntry><Name>מצגר רבקה באשה</Name><Mobile>0533192905</Mobile><Office>036192904</Office></DirectoryEntry><DirectoryEntry><Name>מצנר שמעון</Name><Mobile>0533187456</Mobile><Office>0777800704</Office></DirectoryEntry><DirectoryEntry><Name>מרגליות אליעזר</Name><Mobile>0527628033</Mobile><Office>025388323</Office></DirectoryEntry><DirectoryEntry><Name>מרגליות אפרים זלמן</Name><Mobile>0583209182</Mobile><Office>0583202533</Office></DirectoryEntry><DirectoryEntry><Name>מרגליות אפרים זלמן</Name><Office>0583218282</Office></DirectoryEntry><DirectoryEntry><Name>מרגליות אפרים זלמן</Name><Mobile>0504168512</Mobile><Office>026512844</Office></DirectoryEntry><DirectoryEntry><Name>מרגליות אפרים שרגא</Name><Office>0556726255</Office></DirectoryEntry><DirectoryEntry><Name>מרגליות בנימין שלמה</Name><Office>088666282</Office></DirectoryEntry><DirectoryEntry><Name>מרגליות בצלאל</Name><Office>0583221333</Office></DirectoryEntry><DirectoryEntry><Name>מרגליות דוד יהודה</Name><Office>025388458</Office></DirectoryEntry><DirectoryEntry><Name>מרגליות יחזקאל שרגא זאב</Name><Office>0556790640</Office></DirectoryEntry><DirectoryEntry><Name>מרגליות יעקב נחום</Name><Mobile>0548440584</Mobile><Office>086817023</Office></DirectoryEntry><DirectoryEntry><Name>מרגליות ישראל</Name><Office>086766450</Office></DirectoryEntry><DirectoryEntry><Name>מרגליות ישראל</Name><Mobile>0548462622</Mobile><Office>088642266</Office></DirectoryEntry><DirectoryEntry><Name>מרגליות ישראל אריה</Name><Mobile>0527627754</Mobile><Office>0777570592</Office></DirectoryEntry><DirectoryEntry><Name>מרגליות מאיר</Name><Mobile>0533117301</Mobile><Office>086817301</Office></DirectoryEntry><DirectoryEntry><Name>מרגליות מנחם מנדל</Name><Office>025001923</Office></DirectoryEntry><DirectoryEntry><Name>מרגליות מנשה</Name><Office>038058030</Office></DirectoryEntry><DirectoryEntry><Name>מרגליות מרדכי חיים</Name><Mobile>0527153885</Mobile><Office>026503265</Office></DirectoryEntry><DirectoryEntry><Name>מרגליות צבי משה</Name><Office>026246445</Office></DirectoryEntry><DirectoryEntry><Name>מרגליות רפאל</Name><Mobile>0527627755</Mobile><Office>025002984</Office></DirectoryEntry><DirectoryEntry><Name>מרגליות שמואל בן ציון</Name><Office>025371154</Office></DirectoryEntry><DirectoryEntry><Name>מרגליות שמחה בונם</Name><Office>0583281215</Office></DirectoryEntry><DirectoryEntry><Name>מרגלית אברהם אליהו</Name><Mobile>0533160584</Mobile><Office>088660584</Office></DirectoryEntry><DirectoryEntry><Name>מרגלית אברהם מרדכי</Name><Mobile>0527158400</Mobile><Office>088043333</Office></DirectoryEntry><DirectoryEntry><Name>מרגלית אברהם מרדכי</Name><Office>0583233820</Office></DirectoryEntry><DirectoryEntry><Name>מרגלית אברהם נתן</Name><Mobile>0527171280</Mobile></DirectoryEntry><DirectoryEntry><Name>מרגלית אהרן נחום</Name><Mobile>0533131339</Mobile><Office>036496388</Office></DirectoryEntry><DirectoryEntry><Name>מרגלית אטה</Name><Mobile>0533173604</Mobile><Office>036160506</Office></DirectoryEntry><DirectoryEntry><Name>מרגלית אלעזר</Name><Mobile>0527651600</Mobile><Office>088648680</Office></DirectoryEntry><DirectoryEntry><Name>מרגלית אפרים שרגא</Name><Office>088002100</Office></DirectoryEntry><DirectoryEntry><Name>מרגלית דניאל חיים</Name><Mobile>0504165401</Mobile><Office>088667654</Office></DirectoryEntry><DirectoryEntry><Name>מרגלית חיה שרה</Name><Office>036199501</Office></DirectoryEntry><DirectoryEntry><Name>מרגלית יהודה נתן</Name><Mobile>0504190190</Mobile><Office>036185204</Office></DirectoryEntry><DirectoryEntry><Name>מרגלית יהושע יצחק</Name><Office>0504153728</Office></DirectoryEntry><DirectoryEntry><Name>מרגלית יהושע יצחק</Name><Office>088001317</Office></DirectoryEntry><DirectoryEntry><Name>מרגלית יהושע יצחק</Name><Mobile>0533196388</Mobile><Office>028000107</Office></DirectoryEntry><DirectoryEntry><Name>מרגלית יהושע יצחק</Name><Office>0534113731</Office></DirectoryEntry><DirectoryEntry><Name>מרגלית יהושע יצחק</Name><Office>088001415</Office></DirectoryEntry><DirectoryEntry><Name>מרגלית יהושע יצחק</Name><Mobile>0504162162</Mobile><Office>086883326</Office></DirectoryEntry><DirectoryEntry><Name>מרגלית יוסף דוד</Name><Mobile>0527147000</Mobile><Office>036192977</Office></DirectoryEntry><DirectoryEntry><Name>מרגלית יעקב משה</Name><Office>088000860</Office></DirectoryEntry><DirectoryEntry><Name>מרגלית יצחק פנחס</Name><Office>088035052</Office></DirectoryEntry><DirectoryEntry><Name>מרגלית ישראל יעקב</Name><Mobile>0504100703</Mobile><Office>088554808</Office></DirectoryEntry><DirectoryEntry><Name>מרגלית ישראל עמרם</Name><Mobile>0504111165</Mobile><Office>025380314</Office></DirectoryEntry><DirectoryEntry><Name>מרגלית יששכר</Name><Mobile>0533118299</Mobile></DirectoryEntry><DirectoryEntry><Name>מרגלית משה</Name><Mobile>0527635075</Mobile><Office>026511815</Office></DirectoryEntry><DirectoryEntry><Name>מרגלית משה</Name><Office>0583213569</Office></DirectoryEntry><DirectoryEntry><Name>מרגלית נחמן יעקב</Name><Mobile>0504150150</Mobile><Office>026566447</Office></DirectoryEntry><DirectoryEntry><Name>מרגלית עקיבא מאיר</Name><Mobile>0533131397</Mobile><Office>029924019</Office></DirectoryEntry><DirectoryEntry><Name>מרגלית פייגי</Name><Office>026527623</Office></DirectoryEntry><DirectoryEntry><Name>מרגלית פנחס מנחם</Name><Mobile>0548550350</Mobile><Office>0533161595</Office></DirectoryEntry><DirectoryEntry><Name>מרגלית פנחס מנחם</Name><Mobile>0533162717</Mobile><Office>0556771663</Office></DirectoryEntry><DirectoryEntry><Name>מרגלית פנחס מנחם</Name><Office>0548482834</Office></DirectoryEntry><DirectoryEntry><Name>מרגלית צבי נפתלי</Name><Mobile>0504110110</Mobile><Office>035707083</Office></DirectoryEntry><DirectoryEntry><Name>מרגלית שלמה חיים</Name><Mobile>0504180180</Mobile><Office>088646218</Office></DirectoryEntry><DirectoryEntry><Name>מרגלית שמחה בונם</Name><Mobile>0527173717</Mobile></DirectoryEntry><DirectoryEntry><Name>מרגלית שמחה בונם</Name><Office>088001017</Office></DirectoryEntry><DirectoryEntry><Name>מרגלית שמחה בונם</Name><Office>088011144</Office></DirectoryEntry><DirectoryEntry><Name>מרגלית שמחה בונם</Name><Office>0533150599</Office></DirectoryEntry><DirectoryEntry><Name>מרגלית שמעון יצחק</Name><Mobile>0583250150</Mobile><Office>0583248500</Office></DirectoryEntry><DirectoryEntry><Name>מרוקו בנימין</Name><Mobile>0548451860</Mobile><Office>035708528</Office></DirectoryEntry><DirectoryEntry><Name>מרוקו גיטה</Name><Office>036185527</Office></DirectoryEntry><DirectoryEntry><Name>מרזל אליהו</Name><Office>035740443</Office></DirectoryEntry><DirectoryEntry><Name>מרמרוש אליעזר שלמה</Name><Mobile>0548479339</Mobile><Office>088651108</Office></DirectoryEntry><DirectoryEntry><Name>מרמרוש דוד</Name><Office>028030010</Office></DirectoryEntry><DirectoryEntry><Name>מרמרוש ישראל</Name><Mobile>0504198743</Mobile><Office>029998743</Office></DirectoryEntry><DirectoryEntry><Name>מרמרוש צבי</Name><Mobile>0527639854</Mobile><Office>025381854</Office></DirectoryEntry><DirectoryEntry><Name>מרמרוש רפאל</Name><Office>025374312</Office></DirectoryEntry><DirectoryEntry><Name>מרמרוש שמואל</Name><Office>0548548518</Office></DirectoryEntry><DirectoryEntry><Name>מרנשטיין אברהם מרדכי</Name><Mobile>0583231302</Mobile><Office>0775030107</Office></DirectoryEntry><DirectoryEntry><Name>מרנשטיין אליהו זלמן</Name><Mobile>0527140023</Mobile><Office>035787959</Office></DirectoryEntry><DirectoryEntry><Name>מרנשטיין אסתר</Name><Mobile>0533155637</Mobile><Office>039080496</Office></DirectoryEntry><DirectoryEntry><Name>מרנשטיין יהודה אריה לייב</Name><Mobile>0583282822</Mobile><Office>0556722034</Office></DirectoryEntry><DirectoryEntry><Name>מרנשטיין יהונתן שלמה</Name><Mobile>0527688905</Mobile><Office>0775008527</Office></DirectoryEntry><DirectoryEntry><Name>מרנשטיין יהושע יחזקאל</Name><Mobile>0548449690</Mobile><Office>036195875</Office></DirectoryEntry><DirectoryEntry><Name>מרנשטיין יעקב אפרים</Name><Mobile>0533191124</Mobile><Office>036191124</Office></DirectoryEntry><DirectoryEntry><Name>מרנשטיין יצחק שמואל</Name><Office>048645983</Office></DirectoryEntry><DirectoryEntry><Name>מרנשטיין ישראל</Name><Mobile>0527627750</Mobile><Office>025370789</Office></DirectoryEntry><DirectoryEntry><Name>מרנשטיין מנחם</Name><Office>0583204005</Office></DirectoryEntry><DirectoryEntry><Name>מרנשטיין מנחם</Name><Office>028000147</Office></DirectoryEntry><DirectoryEntry><Name>מרנשטיין שמחה בונם</Name><Office>0527163903</Office></DirectoryEntry><DirectoryEntry><Name>מרקוביץ אברהם מנחם</Name><Mobile>0533180600</Mobile><Office>048669267</Office></DirectoryEntry><DirectoryEntry><Name>מרקוביץ אליהו</Name><Office>026514988</Office></DirectoryEntry><DirectoryEntry><Name>מרקוביץ אליהו</Name><Mobile>0548531545</Mobile><Office>086602545</Office></DirectoryEntry><DirectoryEntry><Name>מרקוביץ ברוך מרדכי</Name><Office>0527614429</Office></DirectoryEntry><DirectoryEntry><Name>מרקוביץ ישראל</Name><Mobile>05731743003</Mobile><Office>026235562</Office></DirectoryEntry><DirectoryEntry><Name>מרקוביץ ישראל</Name><Mobile>0527618227</Mobile><Office>0777508889</Office></DirectoryEntry><DirectoryEntry><Name>מרקוביץ משה גדליהו</Name><Office>086719931</Office></DirectoryEntry><DirectoryEntry><Name>מרקוביץ משה גדליהו</Name><Office>088675870</Office></DirectoryEntry><DirectoryEntry><Name>מרקוביץ משה גדליהו</Name><Mobile>0527198368</Mobile><Office>0533120593</Office></DirectoryEntry><DirectoryEntry><Name>מרקוביץ משה חיים גדליה</Name><Office>0548574698</Office></DirectoryEntry><DirectoryEntry><Name>מרקוביץ פנחס</Name><Office>0533167166</Office></DirectoryEntry><DirectoryEntry><Name>מרקוביץ פנחס אליעזר</Name><Mobile>0533180601</Mobile><Office>039325779</Office></DirectoryEntry><DirectoryEntry><Name>מרקוביץ פנחס אליעזר</Name><Office>088039070</Office></DirectoryEntry><DirectoryEntry><Name>מרקוביץ צבי יחזקאל</Name><Mobile>0533178978</Mobile><Office>025861974</Office></DirectoryEntry><DirectoryEntry><Name>מרקוביץ שמואל יעקב</Name><Office>088039048</Office></DirectoryEntry><DirectoryEntry><Name>מרקוביץ שמחה בונם</Name><Mobile>0527132899</Mobile></DirectoryEntry><DirectoryEntry><Name>מרקוביץ שמחה בונם</Name><Office>0533180492</Office></DirectoryEntry><DirectoryEntry><Name>מרקוס יצחק בן ציון</Name><Office>025380950</Office></DirectoryEntry><DirectoryEntry><Name>מרקס אהרן</Name><Office>088666285</Office></DirectoryEntry><DirectoryEntry><Name>מרקס בנימין</Name><Office>025384679</Office></DirectoryEntry><DirectoryEntry><Name>מרקס יוסף דב</Name><Mobile>0548539109</Mobile><Office>088020109</Office></DirectoryEntry><DirectoryEntry><Name>מרקס משה יצחק</Name><Mobile>0548420950</Mobile><Office>088043434</Office></DirectoryEntry><DirectoryEntry><Name>מרקס רפאל יהודה</Name><Mobile>0533103314</Mobile><Office>036477821</Office></DirectoryEntry><DirectoryEntry><Name>מרקס שמחה בונם</Name><Mobile>0548593550</Mobile></DirectoryEntry><DirectoryEntry><Name>מרקסון אברהם מרדכי יוסף</Name><Mobile>0504134034</Mobile><Office>088665895</Office></DirectoryEntry><DirectoryEntry><Name>מרקסון אליעזר אביגדור</Name><Mobile>0527640141</Mobile><Office>046800757</Office></DirectoryEntry><DirectoryEntry><Name>מרקסון גיטל חנה</Name><Mobile>0533143739</Mobile><Office>088543739</Office></DirectoryEntry><DirectoryEntry><Name>מרקסון זאב</Name><Office>0556722851</Office></DirectoryEntry><DirectoryEntry><Name>מרקסון חנוך גד</Name><Mobile>0533138075</Mobile><Office>046938075</Office></DirectoryEntry><DirectoryEntry><Name>מרקסון יהודה אריה לייב</Name><Mobile>0533164011</Mobile><Office>029914011</Office></DirectoryEntry><DirectoryEntry><Name>מרקסון יחיאל</Name><Mobile>0533122798</Mobile><Office>0533152690</Office></DirectoryEntry><DirectoryEntry><Name>מרקסון ישראל</Name><Mobile>0504150054</Mobile><Office>028000608</Office></DirectoryEntry><DirectoryEntry><Name>מרקסון ישראל שמעון</Name><Office>028067066</Office></DirectoryEntry><DirectoryEntry><Name>מרקסון פנחס</Name><Mobile>0527659516</Mobile><Office>0533113207</Office></DirectoryEntry><DirectoryEntry><Name>מרקסון פנחס מנחם</Name><Mobile>0527170885</Mobile><Office>088641262</Office></DirectoryEntry><DirectoryEntry><Name>מרקסון פנחס מנחם</Name><Mobile>0583266311</Mobile><Office>029951434</Office></DirectoryEntry><DirectoryEntry><Name>מרקסון שמחה בונם</Name><Office>0548590418</Office></DirectoryEntry><DirectoryEntry><Name>מרקסון שמחה בונם</Name><Mobile>0533130344</Mobile><Office>088004141</Office></DirectoryEntry><DirectoryEntry><Name>משיח יעקב</Name><Office>035798947</Office></DirectoryEntry></YealinkIPPhoneDirectory>