<?xml version='1.0' encoding='utf-8'?>
<YealinkIPPhoneDirectory><Title>ספר טלפונים – נ</Title><DirectoryEntry><Name>נאגל אלחנן יחיאל</Name><Office>025386760</Office></DirectoryEntry><DirectoryEntry><Name>נאגל אליעזר</Name><Office>029993068</Office></DirectoryEntry><DirectoryEntry><Name>נאגל חיים יוסף</Name><Mobile>0534110979</Mobile><Office>029917031</Office></DirectoryEntry><DirectoryEntry><Name>נאגל חיים יעקב</Name><Mobile>0527653229</Mobile><Office>088657224</Office></DirectoryEntry><DirectoryEntry><Name>נאגל ישראל</Name><Mobile>0533190250</Mobile><Office>025380352</Office></DirectoryEntry><DirectoryEntry><Name>נאגל ישראל</Name><Office>0527133914</Office></DirectoryEntry><DirectoryEntry><Name>נאגל משה מרדכי</Name><Mobile>0527167455</Mobile><Office>088675500</Office></DirectoryEntry><DirectoryEntry><Name>נאגל שמחה בונם</Name><Mobile>0583211377</Mobile></DirectoryEntry><DirectoryEntry><Name>נאדל ישכר בעריש</Name><Mobile>0533170150</Mobile><Office>088666119</Office></DirectoryEntry><DirectoryEntry><Name>נאדל ישראל</Name><Mobile>0527665251</Mobile><Office>088020097</Office></DirectoryEntry><DirectoryEntry><Name>נאדל שלמה מנחם</Name><Mobile>0527694596</Mobile><Office>0777953212</Office></DirectoryEntry><DirectoryEntry><Name>נאדל שמחה בונם</Name><Office>0556731725</Office></DirectoryEntry><DirectoryEntry><Name>נבנצל אלידע</Name><Office>025371432</Office></DirectoryEntry><DirectoryEntry><Name>נבנצל בניה</Name><Office>026518434</Office></DirectoryEntry><DirectoryEntry><Name>נוגלבלט אברהם מרדכי</Name><Mobile>0504125225</Mobile><Office>088540820</Office></DirectoryEntry><DirectoryEntry><Name>נוגלבלט חיים מאיר</Name><Mobile>0504160714</Mobile><Office>036186011</Office></DirectoryEntry><DirectoryEntry><Name>נוגלבלט יהודה</Name><Office>0583253969</Office></DirectoryEntry><DirectoryEntry><Name>נוגלבלט יחיאל מיכל</Name><Office>0527191456</Office></DirectoryEntry><DirectoryEntry><Name>נוגלבלט יעקב מנחם</Name><Mobile>0527180999</Mobile><Office>0772012787</Office></DirectoryEntry><DirectoryEntry><Name>נוגלבלט ישראל אריה</Name><Mobile>0527163585</Mobile><Office>0583214404</Office></DirectoryEntry><DirectoryEntry><Name>נוגלבלט ראובן יוסף</Name><Mobile>0527687772</Mobile><Office>0534110284</Office></DirectoryEntry><DirectoryEntry><Name>נוגלבלט רחל</Name><Mobile>0533100092</Mobile><Office>048626430</Office></DirectoryEntry><DirectoryEntry><Name>נוגלבלט רפאל יהושע</Name><Mobile>0527631992</Mobile><Office>036181348</Office></DirectoryEntry><DirectoryEntry><Name>נוגלבלט שמחה בונם</Name><Office>0548432478</Office></DirectoryEntry><DirectoryEntry><Name>נוטוביץ שאול</Name><Office>098622889</Office></DirectoryEntry><DirectoryEntry><Name>נויבירט ברוך יהודה אריה</Name><Office>038000777</Office></DirectoryEntry><DirectoryEntry><Name>נויבירט ראובן יוסף</Name><Mobile>0527649898</Mobile><Office>026518936</Office></DirectoryEntry><DirectoryEntry><Name>נוימן אפרים</Name><Mobile>0527186914</Mobile><Office>035709560</Office></DirectoryEntry><DirectoryEntry><Name>נוימן זאב וולף</Name><Office>0504158007</Office></DirectoryEntry><DirectoryEntry><Name>נוימן חיים יצחק</Name><Mobile>0527645409</Mobile><Office>035705876</Office></DirectoryEntry><DirectoryEntry><Name>נוימן יוסף חיים</Name><Office>0527127915</Office></DirectoryEntry><DirectoryEntry><Name>נוימן יצחק מאיר</Name><Mobile>0527633588</Mobile><Office>036185121</Office></DirectoryEntry><DirectoryEntry><Name>נוימן פנחס אלימלך</Name><Mobile>0527145860</Mobile><Office>025860389</Office></DirectoryEntry><DirectoryEntry><Name>נוימן שמחה בונם</Name><Mobile>0504159189</Mobile><Office>0583270271</Office></DirectoryEntry><DirectoryEntry><Name>נויפלד יהודה אריה לייב</Name><Mobile>0548593850</Mobile><Office>086347676</Office></DirectoryEntry><DirectoryEntry><Name>נויפלד ישעיה</Name><Office>035262822</Office></DirectoryEntry><DirectoryEntry><Name>נויפלד מילה</Name><Mobile>0544306506</Mobile><Office>039306425</Office></DirectoryEntry><DirectoryEntry><Name>נויפלד שלמה זלמן</Name><Mobile>0548464012</Mobile><Office>088648821</Office></DirectoryEntry><DirectoryEntry><Name>נוישטט אברהם מרדכי</Name><Office>088531919</Office></DirectoryEntry><DirectoryEntry><Name>נוישטט זאב</Name><Mobile>0548478337</Mobile><Office>088544546</Office></DirectoryEntry><DirectoryEntry><Name>נוישטט יהודה אריה לייב</Name><Mobile>0527650273</Mobile><Office>0527162099</Office></DirectoryEntry><DirectoryEntry><Name>נוישטט יוסף</Name><Mobile>0527126883</Mobile><Office>046935853</Office></DirectoryEntry><DirectoryEntry><Name>נוישטט ישראל נח</Name><Office>026254067</Office></DirectoryEntry><DirectoryEntry><Name>נוסבוים אברהם אבא</Name><Mobile>0504156632</Mobile><Office>036194137</Office></DirectoryEntry><DirectoryEntry><Name>נוסבוים אברהם יהושע</Name><Mobile>0527115588</Mobile><Office>088663403</Office></DirectoryEntry><DirectoryEntry><Name>נוסבוים אברהם יהושע</Name><Mobile>0533175168</Mobile><Office>035794794</Office></DirectoryEntry><DirectoryEntry><Name>נוסבוים אברהם יהושע העשיל</Name><Office>088043100</Office></DirectoryEntry><DirectoryEntry><Name>נוסבוים אברהם מרדכי</Name><Office>0527610099</Office></DirectoryEntry><DirectoryEntry><Name>נוסבוים אברהם מרדכי</Name><Mobile>0548435994</Mobile><Office>025828271</Office></DirectoryEntry><DirectoryEntry><Name>נוסבוים אהרן יהושע</Name><Mobile>0527173860</Mobile><Office>088540667</Office></DirectoryEntry><DirectoryEntry><Name>נוסבוים אהרן יצחק</Name><Office>036192246</Office></DirectoryEntry><DirectoryEntry><Name>נוסבוים אליהו דוד שלמה</Name><Office>0775241854</Office></DirectoryEntry><DirectoryEntry><Name>נוסבוים אליעזר</Name><Office>0527686231</Office></DirectoryEntry><DirectoryEntry><Name>נוסבוים אפרים</Name><Mobile>0523021377</Mobile><Office>036852325</Office></DirectoryEntry><DirectoryEntry><Name>נוסבוים אפרים</Name><Office>088039032</Office></DirectoryEntry><DirectoryEntry><Name>נוסבוים אפרים</Name><Mobile>0533180080</Mobile><Office>086815925</Office></DirectoryEntry><DirectoryEntry><Name>נוסבוים בצלאל יהודה אריה ליי</Name><Office>038078887</Office></DirectoryEntry><DirectoryEntry><Name>נוסבוים ברוך</Name><Office>088042444</Office></DirectoryEntry><DirectoryEntry><Name>נוסבוים ברוך מנחם מנדל</Name><Mobile>0527669097</Mobile><Office>088606734</Office></DirectoryEntry><DirectoryEntry><Name>נוסבוים דוד</Name><Office>0527686309</Office></DirectoryEntry><DirectoryEntry><Name>נוסבוים דוד</Name><Office>088001165</Office></DirectoryEntry><DirectoryEntry><Name>נוסבוים דוד חיים</Name><Office>0527667936</Office></DirectoryEntry><DirectoryEntry><Name>נוסבוים חיים אלחנן</Name><Mobile>0527149594</Mobile><Office>088529594</Office></DirectoryEntry><DirectoryEntry><Name>נוסבוים חיים אלחנן</Name><Mobile>0527616821</Mobile><Office>036168205</Office></DirectoryEntry><DirectoryEntry><Name>נוסבוים חיים אלחנן</Name><Office>036488718</Office></DirectoryEntry><DirectoryEntry><Name>נוסבוים חיים שמואל</Name><Mobile>0527622395</Mobile></DirectoryEntry><DirectoryEntry><Name>נוסבוים יהודה</Name><Office>0533135386</Office></DirectoryEntry><DirectoryEntry><Name>נוסבוים יהודה אריה</Name><Office>038000034</Office></DirectoryEntry><DirectoryEntry><Name>נוסבוים יהודה אריה</Name><Mobile>0533126112</Mobile><Office>088003332</Office></DirectoryEntry><DirectoryEntry><Name>נוסבוים יהודה אריה</Name><Mobile>0548448983</Mobile><Office>036499154</Office></DirectoryEntry><DirectoryEntry><Name>נוסבוים יהודה לייב</Name><Mobile>0583262868</Mobile><Office>088662868</Office></DirectoryEntry><DirectoryEntry><Name>נוסבוים יהונתן יצחק</Name><Mobile>0533108205</Mobile><Office>048673329</Office></DirectoryEntry><DirectoryEntry><Name>נוסבוים יהושע</Name><Mobile>0533168014</Mobile><Office>086481292</Office></DirectoryEntry><DirectoryEntry><Name>נוסבוים יהושע</Name><Mobile>0527176716</Mobile><Office>088660612</Office></DirectoryEntry><DirectoryEntry><Name>נוסבוים יהושע העשיל חנוך</Name><Mobile>0533191755</Mobile><Office>036188256</Office></DirectoryEntry><DirectoryEntry><Name>נוסבוים יהושע יחזקאל</Name><Office>088671609</Office></DirectoryEntry><DirectoryEntry><Name>נוסבוים יום טוב ליפמן</Name><Mobile>0527616370</Mobile><Office>088667658</Office></DirectoryEntry><DirectoryEntry><Name>נוסבוים יונתן שלמה</Name><Office>025004050</Office></DirectoryEntry><DirectoryEntry><Name>נוסבוים יוסף אלטר</Name><Mobile>0533188055</Mobile><Office>035703217</Office></DirectoryEntry><DirectoryEntry><Name>נוסבוים יוסף חיים</Name><Mobile>0548469158</Mobile><Office>036166663</Office></DirectoryEntry><DirectoryEntry><Name>נוסבוים יעקב</Name><Mobile>0527627070</Mobile><Office>029916115</Office></DirectoryEntry><DirectoryEntry><Name>נוסבוים יעקב</Name><Office>028020076</Office></DirectoryEntry><DirectoryEntry><Name>נוסבוים יעקב דוד</Name><Mobile>0533145962</Mobile><Office>088645962</Office></DirectoryEntry><DirectoryEntry><Name>נוסבוים יצחק אליעזר</Name><Mobile>0527605303</Mobile><Office>039095419</Office></DirectoryEntry><DirectoryEntry><Name>נוסבוים יצחק דוד</Name><Office>0527119691</Office></DirectoryEntry><DirectoryEntry><Name>נוסבוים יצחק מאיר</Name><Office>0534188660</Office></DirectoryEntry><DirectoryEntry><Name>נוסבוים יצחק מאיר</Name><Office>036167272</Office></DirectoryEntry><DirectoryEntry><Name>נוסבוים ישראל</Name><Mobile>0527624749</Mobile><Office>088644749</Office></DirectoryEntry><DirectoryEntry><Name>נוסבוים ישראל</Name><Office>029996388</Office></DirectoryEntry><DirectoryEntry><Name>נוסבוים ישראל</Name><Mobile>0533191700</Mobile><Office>029910272</Office></DirectoryEntry><DirectoryEntry><Name>נוסבוים ישראל</Name><Office>029923252</Office></DirectoryEntry><DirectoryEntry><Name>נוסבוים ישראל</Name><Office>036161892</Office></DirectoryEntry><DirectoryEntry><Name>נוסבוים ישראל</Name><Office>025371359</Office></DirectoryEntry><DirectoryEntry><Name>נוסבוים ישראל</Name><Mobile>0583201428</Mobile><Office>025001428</Office></DirectoryEntry><DirectoryEntry><Name>נוסבוים מאיר</Name><Mobile>0527654341</Mobile><Office>089560680</Office></DirectoryEntry><DirectoryEntry><Name>נוסבוים מאיר מנחם</Name><Mobile>0504111523</Mobile><Office>025376808</Office></DirectoryEntry><DirectoryEntry><Name>נוסבוים מנחם אנשיל</Name><Mobile>0548470872</Mobile><Office>036192036</Office></DirectoryEntry><DirectoryEntry><Name>נוסבוים מנחם משה</Name><Office>026502914</Office></DirectoryEntry><DirectoryEntry><Name>נוסבוים מרדכי יוסף</Name><Office>029923462</Office></DirectoryEntry><DirectoryEntry><Name>נוסבוים מרדכי ישעיהו</Name><Mobile>0533135639</Mobile><Office>036195343</Office></DirectoryEntry><DirectoryEntry><Name>נוסבוים מרדכי פנחס</Name><Mobile>0583222726</Mobile></DirectoryEntry><DirectoryEntry><Name>נוסבוים משה</Name><Office>0548402404</Office></DirectoryEntry><DirectoryEntry><Name>נוסבוים משה</Name><Mobile>0527618620</Mobile><Office>029998627</Office></DirectoryEntry><DirectoryEntry><Name>נוסבוים משה</Name><Office>036184446</Office></DirectoryEntry><DirectoryEntry><Name>נוסבוים משה יוסף</Name><Mobile>0533191333</Mobile><Office>029991334</Office></DirectoryEntry><DirectoryEntry><Name>נוסבוים נח</Name><Office>0772345856</Office></DirectoryEntry><DirectoryEntry><Name>נוסבוים נח</Name><Mobile>0504131990</Mobile><Office>0775005004</Office></DirectoryEntry><DirectoryEntry><Name>נוסבוים נח</Name><Office>028020001</Office></DirectoryEntry><DirectoryEntry><Name>נוסבוים נחמיה</Name><Office>0583248627</Office></DirectoryEntry><DirectoryEntry><Name>נוסבוים נפתלי</Name><Office>025820758</Office></DirectoryEntry><DirectoryEntry><Name>נוסבוים נתן אהרן</Name><Mobile>0548449580</Mobile><Office>025023662</Office></DirectoryEntry><DirectoryEntry><Name>נוסבוים פינחס מנחם</Name><Mobile>0534137913</Mobile></DirectoryEntry><DirectoryEntry><Name>נוסבוים פינחס מנחם</Name><Office>0583264050</Office></DirectoryEntry><DirectoryEntry><Name>נוסבוים פינחס מנחם</Name><Office>0583280009</Office></DirectoryEntry><DirectoryEntry><Name>נוסבוים פינחס מנחם</Name><Office>0556705571</Office></DirectoryEntry><DirectoryEntry><Name>נוסבוים פנחס מנחם</Name><Mobile>0527167668</Mobile></DirectoryEntry><DirectoryEntry><Name>נוסבוים פנחס מנחם</Name><Office>0548500696</Office></DirectoryEntry><DirectoryEntry><Name>נוסבוים פנחס מנחם</Name><Office>025664480</Office></DirectoryEntry><DirectoryEntry><Name>נוסבוים פנחס מנחם</Name><Office>0533174880</Office></DirectoryEntry><DirectoryEntry><Name>נוסבוים צבי פנחס</Name><Mobile>0583224749</Mobile><Office>0556720401</Office></DirectoryEntry><DirectoryEntry><Name>נוסבוים רחל</Name><Mobile>0527634033</Mobile><Office>046801714</Office></DirectoryEntry><DirectoryEntry><Name>נוסבוים שאול צבי</Name><Mobile>0527622889</Mobile><Office>088660012</Office></DirectoryEntry><DirectoryEntry><Name>נוסבוים שאול קלונימוס</Name><Office>088046664</Office></DirectoryEntry><DirectoryEntry><Name>נוסבוים שלמה</Name><Mobile>0527667955</Mobile><Office>088604068</Office></DirectoryEntry><DirectoryEntry><Name>נוסבוים שמואל אברהם</Name><Mobile>0527681807</Mobile><Office>0886489526</Office></DirectoryEntry><DirectoryEntry><Name>נוסבוים שמחה בונם</Name><Mobile>0548429947</Mobile><Office>0548420732</Office></DirectoryEntry><DirectoryEntry><Name>נוסבוים שמחה בונם</Name><Office>0527195695</Office></DirectoryEntry><DirectoryEntry><Name>נוסבוים שמחה בונם</Name><Office>0583282013</Office></DirectoryEntry><DirectoryEntry><Name>נוסבוים שמחה בונם</Name><Mobile>0548458932</Mobile></DirectoryEntry><DirectoryEntry><Name>נוסבוים שמחה בונם</Name><Office>0527630698</Office></DirectoryEntry><DirectoryEntry><Name>נוסבוים שמחה בונם</Name><Mobile>0548552658</Mobile><Office>0556752960</Office></DirectoryEntry><DirectoryEntry><Name>נוסבוים שמחה בונם</Name><Mobile>0548465474</Mobile><Office>0504145874</Office></DirectoryEntry><DirectoryEntry><Name>נוסבוים תרצה חנה דבורה</Name><Office>025811547</Office></DirectoryEntry><DirectoryEntry><Name>נוסיקוב אביגדור משה</Name><Mobile>0527617123</Mobile><Office>089972853</Office></DirectoryEntry><DirectoryEntry><Name>נורדמן אליעזר אפרים</Name><Office>025890305</Office></DirectoryEntry><DirectoryEntry><Name>נחשוני משה</Name><Office>039648512</Office></DirectoryEntry><DirectoryEntry><Name>ניומן דב בער</Name><Mobile>0527148881</Mobile><Office>029910897</Office></DirectoryEntry><DirectoryEntry><Name>ניומן ישראל זכריה</Name><Office>025854765</Office></DirectoryEntry><DirectoryEntry><Name>ניומן קהת שמחה</Name><Mobile>0504145458</Mobile><Office>046922334</Office></DirectoryEntry><DirectoryEntry><Name>נייהוז אברהם מרדכי</Name><Mobile>0533102165</Mobile><Office>088640682</Office></DirectoryEntry><DirectoryEntry><Name>נייהוז אברהם מרדכי</Name><Office>025869146</Office></DirectoryEntry><DirectoryEntry><Name>נייהוז אהרן</Name><Mobile>0533136360</Mobile><Office>088649418</Office></DirectoryEntry><DirectoryEntry><Name>נייהוז אלטר יחיאל</Name><Office>0533126209</Office></DirectoryEntry><DirectoryEntry><Name>נייהוז אשר דב</Name><Mobile>0527620550</Mobile><Office>046930488</Office></DirectoryEntry><DirectoryEntry><Name>נייהוז טוביה</Name><Office>025003286</Office></DirectoryEntry><DirectoryEntry><Name>נייהוז יהודה</Name><Mobile>0533107842</Mobile><Office>088005008</Office></DirectoryEntry><DirectoryEntry><Name>נייהוז יהודה אריה</Name><Mobile>0533186259</Mobile><Office>048625827</Office></DirectoryEntry><DirectoryEntry><Name>נייהוז יעקב</Name><Office>088020093</Office></DirectoryEntry><DirectoryEntry><Name>נייהוז יעקב יוסף</Name><Mobile>0533150340</Mobile><Office>088676300</Office></DirectoryEntry><DirectoryEntry><Name>נייהוז יעקב יוסף</Name><Office>088001058</Office></DirectoryEntry><DirectoryEntry><Name>נייהוז יעקב יוסף</Name><Mobile>0527660573</Mobile><Office>088001283</Office></DirectoryEntry><DirectoryEntry><Name>נייהוז יעקב יוסף</Name><Mobile>0533124004</Mobile><Office>086882007</Office></DirectoryEntry><DirectoryEntry><Name>נייהוז יעקב משה</Name><Office>0527150699</Office></DirectoryEntry><DirectoryEntry><Name>נייהוז יצחק צבי</Name><Mobile>0533136365</Mobile><Office>036193964</Office></DirectoryEntry><DirectoryEntry><Name>נייהוז ישראל</Name><Office>036762875</Office></DirectoryEntry><DirectoryEntry><Name>נייהוז ישראל</Name><Mobile>0504122242</Mobile><Office>035706336</Office></DirectoryEntry><DirectoryEntry><Name>נייהוז ישראל</Name><Mobile>0504142250</Mobile><Office>036447418</Office></DirectoryEntry><DirectoryEntry><Name>נייהוז ישראל</Name><Mobile>0533175662</Mobile><Office>036196660</Office></DirectoryEntry><DirectoryEntry><Name>נייהוז ישראל</Name><Mobile>0533130932</Mobile><Office>046930932</Office></DirectoryEntry><DirectoryEntry><Name>נייהוז ישראל</Name><Mobile>0527160889</Mobile><Office>025370886</Office></DirectoryEntry><DirectoryEntry><Name>נייהוז מאיר בונים אלימלך</Name><Mobile>0527695594</Mobile><Office>088544309</Office></DirectoryEntry><DirectoryEntry><Name>נייהוז מאיר יחיאל</Name><Office>0583242336</Office></DirectoryEntry><DirectoryEntry><Name>נייהוז מנחם מנדל</Name><Mobile>0533147944</Mobile><Office>029999964</Office></DirectoryEntry><DirectoryEntry><Name>נייהוז מרדכי</Name><Mobile>0583278887</Mobile><Office>028007122</Office></DirectoryEntry><DirectoryEntry><Name>נייהוז משה</Name><Mobile>0533143700</Mobile><Office>088543700</Office></DirectoryEntry><DirectoryEntry><Name>נייהוז משה יצחק</Name><Mobile>0527168913</Mobile><Office>088645947</Office></DirectoryEntry><DirectoryEntry><Name>נייהוז נתן</Name><Office>088020064</Office></DirectoryEntry><DirectoryEntry><Name>נייהוז פינחס</Name><Mobile>0556760075</Mobile><Office>0556760074</Office></DirectoryEntry><DirectoryEntry><Name>נייהוז פנחס</Name><Office>0556732516</Office></DirectoryEntry><DirectoryEntry><Name>נייהוז פנחס מנחם</Name><Office>0533113322</Office></DirectoryEntry><DirectoryEntry><Name>נייהוז פנחס מנחם</Name><Mobile>0556766371</Mobile><Office>0504180494</Office></DirectoryEntry><DirectoryEntry><Name>נייהוז ראובן</Name><Office>088046044</Office></DirectoryEntry><DirectoryEntry><Name>נייהוז ראובן</Name><Mobile>0527155323</Mobile><Office>0778668154</Office></DirectoryEntry><DirectoryEntry><Name>נייהוז ראובן יהודה</Name><Office>088001771</Office></DirectoryEntry><DirectoryEntry><Name>נייהוז רבקה יוכבד</Name><Mobile>0533136363</Mobile><Office>035792383</Office></DirectoryEntry><DirectoryEntry><Name>נייהוז שלמה</Name><Mobile>0527663100</Mobile><Office>088033039</Office></DirectoryEntry><DirectoryEntry><Name>נייהוז שמואל</Name><Mobile>0527188020</Mobile></DirectoryEntry><DirectoryEntry><Name>נייהוז שמחה</Name><Mobile>0533116666</Mobile><Office>088008100</Office></DirectoryEntry><DirectoryEntry><Name>נייהוז שמחה בונם</Name><Office>088000345</Office></DirectoryEntry><DirectoryEntry><Name>נייהוז שמחה בונם</Name><Office>088001053</Office></DirectoryEntry><DirectoryEntry><Name>ניימן אביגדור</Name><Mobile>0556740688</Mobile><Office>0556729788</Office></DirectoryEntry><DirectoryEntry><Name>ניימן אברהם יוסף</Name><Office>025001153</Office></DirectoryEntry><DirectoryEntry><Name>ניימן אברהם יצחק</Name><Office>0533176349</Office></DirectoryEntry><DirectoryEntry><Name>ניימן אברהם צבי</Name><Mobile>0533195067</Mobile><Office>029995067</Office></DirectoryEntry><DirectoryEntry><Name>ניימן אסתר</Name><Office>025380754</Office></DirectoryEntry><DirectoryEntry><Name>ניימן בנימין יחזקאל</Name><Mobile>0583254560</Mobile></DirectoryEntry><DirectoryEntry><Name>ניימן בצלאל יצחק</Name><Office>036160087</Office></DirectoryEntry><DirectoryEntry><Name>ניימן גבריאל</Name><Office>0583259797</Office></DirectoryEntry><DirectoryEntry><Name>ניימן גבריאל יצחק</Name><Mobile>0527636000</Mobile><Office>025389687</Office></DirectoryEntry><DirectoryEntry><Name>ניימן דב בער</Name><Office>036165736</Office></DirectoryEntry><DirectoryEntry><Name>ניימן הענא</Name><Office>025372418</Office></DirectoryEntry><DirectoryEntry><Name>ניימן יהודה אריה</Name><Mobile>0527618544</Mobile><Office>088544376</Office></DirectoryEntry><DirectoryEntry><Name>ניימן יהודה אריה</Name><Mobile>0504100900</Mobile><Office>026722876</Office></DirectoryEntry><DirectoryEntry><Name>ניימן יהודה אריה לייב</Name><Office>088043040</Office></DirectoryEntry><DirectoryEntry><Name>ניימן יהודה אריה לייב</Name><Office>0533109196</Office></DirectoryEntry><DirectoryEntry><Name>ניימן יהודה אריה לייב</Name><Office>0527645000</Office></DirectoryEntry><DirectoryEntry><Name>ניימן יהושע</Name><Mobile>0527626070</Mobile><Office>048679259</Office></DirectoryEntry><DirectoryEntry><Name>ניימן יהושע אלעזר</Name><Mobile>0548500644</Mobile><Office>0548500655</Office></DirectoryEntry><DirectoryEntry><Name>ניימן יחיאל</Name><Mobile>0527140175</Mobile><Office>036166899</Office></DirectoryEntry><DirectoryEntry><Name>ניימן יחיאל</Name><Mobile>0527633601</Mobile><Office>025370479</Office></DirectoryEntry><DirectoryEntry><Name>ניימן יחיאל יצחק</Name><Mobile>0548479187</Mobile><Office>088020022</Office></DirectoryEntry><DirectoryEntry><Name>ניימן יחיאל משה</Name><Mobile>0527626101</Mobile><Office>025387649</Office></DirectoryEntry><DirectoryEntry><Name>ניימן יעקב</Name><Office>0533178823</Office></DirectoryEntry><DirectoryEntry><Name>ניימן יעקב</Name><Mobile>0504160849</Mobile><Office>036168486</Office></DirectoryEntry><DirectoryEntry><Name>ניימן יצחק מאיר</Name><Office>026243638</Office></DirectoryEntry><DirectoryEntry><Name>ניימן ישראל</Name><Office>088000121</Office></DirectoryEntry><DirectoryEntry><Name>ניימן ישראל</Name><Mobile>0527673655</Mobile><Office>088650638</Office></DirectoryEntry><DirectoryEntry><Name>ניימן ישראל</Name><Mobile>0527613610</Mobile><Office>088011111</Office></DirectoryEntry><DirectoryEntry><Name>ניימן ישראל</Name><Office>036168706</Office></DirectoryEntry><DirectoryEntry><Name>ניימן ישראל</Name><Mobile>0527156040</Mobile><Office>0777041438</Office></DirectoryEntry><DirectoryEntry><Name>ניימן ישראל</Name><Mobile>0533156789</Mobile><Office>086601073</Office></DirectoryEntry><DirectoryEntry><Name>ניימן ישראל בנימין</Name><Office>088001189</Office></DirectoryEntry><DirectoryEntry><Name>ניימן ישראל יוסף</Name><Mobile>0527633812</Mobile><Office>089956150</Office></DirectoryEntry><DirectoryEntry><Name>ניימן ישראל מרדכי</Name><Mobile>0533126124</Mobile><Office>028000035</Office></DirectoryEntry><DirectoryEntry><Name>ניימן מאיר שמעון</Name><Office>0533150488</Office></DirectoryEntry><DirectoryEntry><Name>ניימן מרדכי</Name><Mobile>0527613024</Mobile><Office>025373024</Office></DirectoryEntry><DirectoryEntry><Name>ניימן מרדכי יצחק</Name><Mobile>0548405399</Mobile><Office>088557018</Office></DirectoryEntry><DirectoryEntry><Name>ניימן משה</Name><Mobile>0548465891</Mobile><Office>088665458</Office></DirectoryEntry><DirectoryEntry><Name>ניימן משה</Name><Mobile>0527684110</Mobile><Office>029990856</Office></DirectoryEntry><DirectoryEntry><Name>ניימן עקיבא</Name><Mobile>0527661992</Mobile><Office>026223689</Office></DirectoryEntry><DirectoryEntry><Name>ניימן פינחס מנחם</Name><Office>0504161015</Office></DirectoryEntry><DirectoryEntry><Name>ניימן פנחס מנחם</Name><Office>0583250445</Office></DirectoryEntry><DirectoryEntry><Name>ניימן צבי מרדכי</Name><Office>0527118985</Office></DirectoryEntry><DirectoryEntry><Name>ניימן שלמה זלמן</Name><Office>0533144058</Office></DirectoryEntry><DirectoryEntry><Name>ניימן שמחה בונם</Name><Office>0556731114</Office></DirectoryEntry><DirectoryEntry><Name>ניימן שמחה בונם</Name><Office>0527194134</Office></DirectoryEntry><DirectoryEntry><Name>ניימן שמחה בונם</Name><Office>0527626103</Office></DirectoryEntry><DirectoryEntry><Name>ניימן שמחה בונם</Name><Mobile>0548504057</Mobile><Office>0533142100</Office></DirectoryEntry><DirectoryEntry><Name>ניימן שמחה בונם</Name><Office>0533188638</Office></DirectoryEntry><DirectoryEntry><Name>ניימן שמעון</Name><Mobile>0527627699</Mobile><Office>088552657</Office></DirectoryEntry><DirectoryEntry><Name>נכט אהרן</Name><Office>026520744</Office></DirectoryEntry><DirectoryEntry><Name>נפרשטק דב בער</Name><Office>088001119</Office></DirectoryEntry><DirectoryEntry><Name>נפרשטק דב בער</Name><Office>035751522</Office></DirectoryEntry><DirectoryEntry><Name>נפרשטק חיים יוסף</Name><Office>0556771214</Office></DirectoryEntry><DirectoryEntry><Name>נפרשטק חיים יוסף</Name><Office>0548597365</Office></DirectoryEntry><DirectoryEntry><Name>נפרשטק חנוך העניך</Name><Office>026723005</Office></DirectoryEntry><DirectoryEntry><Name>נפרשטק יהודה אריה לייב</Name><Office>0556778382</Office></DirectoryEntry><DirectoryEntry><Name>נפרשטק יצחק מאיר</Name><Mobile>0533104803</Mobile><Office>088647798</Office></DirectoryEntry><DirectoryEntry><Name>נפרשטק ישראל</Name><Mobile>0583224353</Mobile><Office>029924353</Office></DirectoryEntry><DirectoryEntry><Name>נפרשטק מרדכי שלמה גרשון</Name><Mobile>0533122084</Mobile><Office>029990814</Office></DirectoryEntry><DirectoryEntry><Name>נפרשטק שמואל יהודה</Name><Mobile>0533192456</Mobile><Office>029992459</Office></DirectoryEntry><DirectoryEntry><Name>נפרשטק שמעון אריה</Name><Mobile>0548434450</Mobile><Office>0777818399</Office></DirectoryEntry><DirectoryEntry><Name>נרקיס משה יהודה</Name><Mobile>0527623246</Mobile><Office>035703840</Office></DirectoryEntry><DirectoryEntry><Name>נרקיס שמואל מנחם</Name><Mobile>0504122272</Mobile><Office>035443444</Office></DirectoryEntry><DirectoryEntry><Name>נתיב שלמה</Name><Mobile>0548443020</Mobile></DirectoryEntry><DirectoryEntry><Name>נתן ניסן</Name><Office>026414281</Office></DirectoryEntry><DirectoryEntry><Name>נתנזון יהודה</Name><Mobile>0505314198</Mobile><Office>035705005</Office></DirectoryEntry><DirectoryEntry><Name>נתנזון ישראל</Name><Mobile>0548465369</Mobile><Office>0504140809</Office></DirectoryEntry><DirectoryEntry><Name>נתנזון נתן</Name><Mobile>0548465362</Mobile><Office>035708587</Office></DirectoryEntry></YealinkIPPhoneDirectory>