<?xml version='1.0' encoding='utf-8'?>
<YealinkIPPhoneDirectory><Title>ספר טלפונים – ס</Title><DirectoryEntry><Name>סבינר גדליה</Name><Mobile>0533113040</Mobile><Office>026528544</Office></DirectoryEntry><DirectoryEntry><Name>סברסקי אפרים</Name><Office>088649075</Office></DirectoryEntry><DirectoryEntry><Name>סברסקי יהודה אריה לייב</Name><Mobile>0527644138</Mobile><Office>086810138</Office></DirectoryEntry><DirectoryEntry><Name>סברסקי יהושע</Name><Office>0556743357</Office></DirectoryEntry><DirectoryEntry><Name>סברסקי יוסף פנחס</Name><Office>0556797940</Office></DirectoryEntry><DirectoryEntry><Name>סברסקי יוסף שמחה בונם</Name><Office>0527062304</Office></DirectoryEntry><DirectoryEntry><Name>סברסקי יעקב צבי</Name><Mobile>0533150741</Mobile><Office>089950741</Office></DirectoryEntry><DirectoryEntry><Name>סברסקי יצחק</Name><Mobile>0504100131</Mobile><Office>029923010</Office></DirectoryEntry><DirectoryEntry><Name>סברסקי ישראל</Name><Mobile>0527612903</Mobile><Office>089952903</Office></DirectoryEntry><DirectoryEntry><Name>סברסקי פינחס מנחם</Name><Mobile>0533173750</Mobile><Office>0533141121</Office></DirectoryEntry><DirectoryEntry><Name>סברסקי שלמה</Name><Mobile>0583293074</Mobile><Office>026508704</Office></DirectoryEntry><DirectoryEntry><Name>סגינר אהרן מרדכי</Name><Mobile>0533158605</Mobile><Office>088668196</Office></DirectoryEntry><DirectoryEntry><Name>סגינר ביילא</Name><Office>035745317</Office></DirectoryEntry><DirectoryEntry><Name>סגל nan</Name><Office>036183750</Office></DirectoryEntry><DirectoryEntry><Name>סגל nan</Name><Office>036180039</Office></DirectoryEntry><DirectoryEntry><Name>סגל אברהם</Name><Office>088641895</Office></DirectoryEntry><DirectoryEntry><Name>סגל אברהם מרדכי</Name><Mobile>0504110460</Mobile><Office>036702712</Office></DirectoryEntry><DirectoryEntry><Name>סגל אברהם מרדכי</Name><Mobile>0527659301</Mobile><Office>025371482</Office></DirectoryEntry><DirectoryEntry><Name>סגל אברהם מרדכי</Name><Mobile>0527631448</Mobile><Office>036487458</Office></DirectoryEntry><DirectoryEntry><Name>סגל אסתר</Name><Office>036180145</Office></DirectoryEntry><DirectoryEntry><Name>סגל אריה לייב</Name><Mobile>0527616838</Mobile><Office>088658512</Office></DirectoryEntry><DirectoryEntry><Name>סגל חיים דב</Name><Office>0548515056</Office></DirectoryEntry><DirectoryEntry><Name>סגל יהודה אריה לייב</Name><Office>028021234</Office></DirectoryEntry><DirectoryEntry><Name>סגל יוסף</Name><Mobile>0528692054</Mobile><Office>036189960</Office></DirectoryEntry><DirectoryEntry><Name>סגל יעקב יצחק</Name><Office>088042626</Office></DirectoryEntry><DirectoryEntry><Name>סגל ישראל</Name><Office>036182318</Office></DirectoryEntry><DirectoryEntry><Name>סגל ישראל</Name><Office>025327474</Office></DirectoryEntry><DirectoryEntry><Name>סגל ישראל זושא</Name><Mobile>0548437040</Mobile><Office>036185813</Office></DirectoryEntry><DirectoryEntry><Name>סגל מנחם</Name><Office>035284341</Office></DirectoryEntry><DirectoryEntry><Name>סגל מנחם מנדל</Name><Office>088003050</Office></DirectoryEntry><DirectoryEntry><Name>סגל מרדכי משה</Name><Mobile>0527141635</Mobile><Office>088663989</Office></DirectoryEntry><DirectoryEntry><Name>סגל משה נחמן</Name><Mobile>0533108876</Mobile><Office>088641972</Office></DirectoryEntry><DirectoryEntry><Name>סגל פנחס</Name><Office>036185955</Office></DirectoryEntry><DirectoryEntry><Name>סגל פנחס מנחם</Name><Mobile>0556789916</Mobile><Office>0556789917</Office></DirectoryEntry><DirectoryEntry><Name>סגל פנחס מנחם</Name><Office>0583284015</Office></DirectoryEntry><DirectoryEntry><Name>סגל פנחס מנחם</Name><Office>0556760609</Office></DirectoryEntry><DirectoryEntry><Name>סגל שאול משה</Name><Office>0534100004</Office></DirectoryEntry><DirectoryEntry><Name>סגל שמואל יצחק</Name><Mobile>0527612615</Mobile><Office>088647715</Office></DirectoryEntry><DirectoryEntry><Name>סגל שמחה בונם</Name><Office>088001299</Office></DirectoryEntry><DirectoryEntry><Name>סגל שמחה בונם</Name><Office>0527631631</Office></DirectoryEntry><DirectoryEntry><Name>סגל שמחה בונם</Name><Mobile>0527179323</Mobile><Office>0527178227</Office></DirectoryEntry><DirectoryEntry><Name>סגל שמחה בונם</Name><Office>088000204</Office></DirectoryEntry><DirectoryEntry><Name>סגל שמעון דב</Name><Mobile>0527616143</Mobile><Office>035700043</Office></DirectoryEntry><DirectoryEntry><Name>סדובסקי אברהם אריה</Name><Mobile>0533115566</Mobile><Office>088008088</Office></DirectoryEntry><DirectoryEntry><Name>סדובסקי אברהם מרדכי</Name><Mobile>0527680430</Mobile><Office>088534064</Office></DirectoryEntry><DirectoryEntry><Name>סדובסקי דוד</Name><Office>035701708</Office></DirectoryEntry><DirectoryEntry><Name>סדובסקי יחיאל מאיר</Name><Mobile>0533131411</Mobile><Office>036768498</Office></DirectoryEntry><DirectoryEntry><Name>סדובסקי ישראל</Name><Mobile>0527144101</Mobile><Office>088559887</Office></DirectoryEntry><DirectoryEntry><Name>סדובסקי משה נח</Name><Mobile>0527626224</Mobile><Office>088640593</Office></DirectoryEntry><DirectoryEntry><Name>סדובסקי נח</Name><Mobile>0527685062</Mobile><Office>025000231</Office></DirectoryEntry><DirectoryEntry><Name>סדובסקי שמחה בונם</Name><Mobile>0504140590</Mobile></DirectoryEntry><DirectoryEntry><Name>סדובסקי שמחה בונם</Name><Office>038060065</Office></DirectoryEntry><DirectoryEntry><Name>סובל יוסף מנחם</Name><Office>088001172</Office></DirectoryEntry><DirectoryEntry><Name>סובל משה</Name><Office>025388087</Office></DirectoryEntry><DirectoryEntry><Name>סוכות ישראל אלחנן</Name><Mobile>0527691992</Mobile><Office>025400752</Office></DirectoryEntry><DirectoryEntry><Name>סוכות מנחם</Name><Mobile>0504122488</Mobile><Office>046937642</Office></DirectoryEntry><DirectoryEntry><Name>סוכות רות</Name><Mobile>0504145053</Mobile><Office>035745053</Office></DirectoryEntry><DirectoryEntry><Name>סוכות שר שלום</Name><Mobile>0533110975</Mobile><Office>029951431</Office></DirectoryEntry><DirectoryEntry><Name>סוכצ'בסקי אברהם יעקב</Name><Office>0527638251</Office></DirectoryEntry><DirectoryEntry><Name>סוכצ'בסקי אברהם מרדכי</Name><Mobile>0533120331</Mobile><Office>0772400348</Office></DirectoryEntry><DirectoryEntry><Name>סוכצ'בסקי אהרן</Name><Mobile>0533142000</Mobile><Office>088046050</Office></DirectoryEntry><DirectoryEntry><Name>סוכצ'בסקי אהרן פנחס מנחם</Name><Office>0533167584</Office></DirectoryEntry><DirectoryEntry><Name>סוכצ'בסקי דב בנימין</Name><Mobile>0504100055</Mobile><Office>088661353</Office></DirectoryEntry><DirectoryEntry><Name>סוכצ'בסקי זאב</Name><Mobile>0556738270</Mobile><Office>028055070</Office></DirectoryEntry><DirectoryEntry><Name>סוכצ'בסקי יהודה אריה לייב</Name><Mobile>0556790244</Mobile><Office>0775491896</Office></DirectoryEntry><DirectoryEntry><Name>סוכצ'בסקי יהודה אריה לייב</Name><Mobile>0548495956</Mobile><Office>086889553</Office></DirectoryEntry><DirectoryEntry><Name>סוכצ'בסקי יחזקאל</Name><Mobile>0504124779</Mobile><Office>088667330</Office></DirectoryEntry><DirectoryEntry><Name>סוכצ'בסקי יעקב מרדכי</Name><Office>088035039</Office></DirectoryEntry><DirectoryEntry><Name>סוכצ'בסקי ישראל</Name><Mobile>0527651665</Mobile><Office>088669633</Office></DirectoryEntry><DirectoryEntry><Name>סוכצ'בסקי ישראל</Name><Mobile>0533136666</Mobile><Office>088659337</Office></DirectoryEntry><DirectoryEntry><Name>סוכצ'בסקי ישראל</Name><Mobile>0527631600</Mobile><Office>088031600</Office></DirectoryEntry><DirectoryEntry><Name>סוכצ'בסקי מאיר</Name><Mobile>0504159158</Mobile><Office>038000045</Office></DirectoryEntry><DirectoryEntry><Name>סוכצ'בסקי מרדכי</Name><Office>086812530</Office></DirectoryEntry><DirectoryEntry><Name>סוכצ'בסקי משה יחזקאל מאיר</Name><Office>089979641</Office></DirectoryEntry><DirectoryEntry><Name>סוכצ'בסקי צבי דב</Name><Mobile>0527656559</Mobile><Office>088566016</Office></DirectoryEntry><DirectoryEntry><Name>סוכצ'בסקי צבי יהודה</Name><Mobile>0504120820</Mobile><Office>035707259</Office></DirectoryEntry><DirectoryEntry><Name>סוכצ'בסקי שאול יוסף</Name><Mobile>0527636764</Mobile><Office>046935512</Office></DirectoryEntry><DirectoryEntry><Name>סוכצ'בסקי שלום מנחם</Name><Mobile>0527614750</Mobile><Office>088042333</Office></DirectoryEntry><DirectoryEntry><Name>סוכצ'בסקי שמואל</Name><Mobile>0504169100</Mobile><Office>088046066</Office></DirectoryEntry><DirectoryEntry><Name>סוכצ'בסקי שמואל</Name><Mobile>0548580755</Mobile></DirectoryEntry><DirectoryEntry><Name>סולניק אברהם יוסף ברוך</Name><Mobile>0533167786</Mobile><Office>035603620</Office></DirectoryEntry><DirectoryEntry><Name>סולניק אשר</Name><Mobile>0527622040</Mobile><Office>025327189</Office></DirectoryEntry><DirectoryEntry><Name>סולניק דוד</Name><Mobile>0527690130</Mobile><Office>088665386</Office></DirectoryEntry><DirectoryEntry><Name>סולניק שאול</Name><Mobile>0504111738</Mobile><Office>086522267</Office></DirectoryEntry><DirectoryEntry><Name>סולניק שמחה בונים</Name><Mobile>0527621823</Mobile></DirectoryEntry><DirectoryEntry><Name>סופרין יהודה אריה</Name><Office>088001137</Office></DirectoryEntry><DirectoryEntry><Name>סופרין משה אליעזר</Name><Mobile>0583291378</Mobile><Office>0583292903</Office></DirectoryEntry><DirectoryEntry><Name>סופרין פנחס מנחם</Name><Office>038067777</Office></DirectoryEntry><DirectoryEntry><Name>סופרין שלמה זלמן</Name><Mobile>0533111091</Mobile><Office>048145959</Office></DirectoryEntry><DirectoryEntry><Name>סוקילר צילה</Name><Office>035742129</Office></DirectoryEntry><DirectoryEntry><Name>סטוביצקי אליעזר אלתר</Name><Mobile>0504177705</Mobile><Office>0775230301</Office></DirectoryEntry><DirectoryEntry><Name>סטוביצקי חיים פרץ</Name><Mobile>0504177706</Mobile><Office>036199171</Office></DirectoryEntry><DirectoryEntry><Name>סטוביצקי יהודה</Name><Office>026235748</Office></DirectoryEntry><DirectoryEntry><Name>סטוביצקי ישראל יהושע</Name><Mobile>0504166786</Mobile><Office>088659933</Office></DirectoryEntry><DirectoryEntry><Name>סטוביצקי משה</Name><Mobile>0533106671</Mobile><Office>0548496894</Office></DirectoryEntry><DirectoryEntry><Name>סטוביצקי פנחס מנחם</Name><Mobile>0556709941</Mobile></DirectoryEntry><DirectoryEntry><Name>סטוביצקי פנחס מנחם</Name><Mobile>0534122430</Mobile><Office>0556737805</Office></DirectoryEntry><DirectoryEntry><Name>סטוביצקי שמחה בונם</Name><Office>038060100</Office></DirectoryEntry><DirectoryEntry><Name>סטופניצקי ישראל אהרן</Name><Mobile>0527149374</Mobile><Office>088554504</Office></DirectoryEntry><DirectoryEntry><Name>סטל יעקב</Name><Office>0504160185</Office></DirectoryEntry><DirectoryEntry><Name>סטל מנחם מנדל</Name><Mobile>0527625888</Mobile><Office>089972250</Office></DirectoryEntry><DirectoryEntry><Name>סטל משה יהושע</Name><Mobile>0527636513</Mobile><Office>035743586</Office></DirectoryEntry><DirectoryEntry><Name>סטל שמעון</Name><Mobile>0527160460</Mobile></DirectoryEntry><DirectoryEntry><Name>סטניסלבסקי אברהם</Name><Mobile>0527148258</Mobile><Office>046931146</Office></DirectoryEntry><DirectoryEntry><Name>סטניסלבסקי אלעזר</Name><Office>0533112133</Office></DirectoryEntry><DirectoryEntry><Name>סטניסלבסקי משה מרדכי</Name><Office>089954698</Office></DirectoryEntry><DirectoryEntry><Name>סטרול משה</Name><Office>048245305</Office></DirectoryEntry><DirectoryEntry><Name>סיימון אברהם דוד</Name><Mobile>0533157864</Mobile><Office>035786494</Office></DirectoryEntry><DirectoryEntry><Name>סיימון שמאי</Name><Office>0534144533</Office></DirectoryEntry><DirectoryEntry><Name>סיימון שמואל אריה לייב</Name><Office>048021221</Office></DirectoryEntry><DirectoryEntry><Name>סירקיס אליעזר</Name><Office>036852168</Office></DirectoryEntry><DirectoryEntry><Name>סלוד אפרים</Name><Office>088001130</Office></DirectoryEntry><DirectoryEntry><Name>סלוד יעקב יצחק</Name><Mobile>0526048000</Mobile></DirectoryEntry><DirectoryEntry><Name>סלוד נחמה אסתר</Name><Mobile>0504155560</Mobile><Office>088650777</Office></DirectoryEntry><DirectoryEntry><Name>סלוד פנחס מנחם</Name><Office>0527112904</Office></DirectoryEntry><DirectoryEntry><Name>סלוד שמחה בונם</Name><Office>088001242</Office></DirectoryEntry><DirectoryEntry><Name>סלומון יוסף</Name><Office>0527161834</Office></DirectoryEntry><DirectoryEntry><Name>סלומון יחזקאל</Name><Mobile>0527649364</Mobile><Office>088649364</Office></DirectoryEntry><DirectoryEntry><Name>סלומון יעקב צבי</Name><Office>0583249364</Office></DirectoryEntry><DirectoryEntry><Name>סלומיאנסקי אברהם מרדכי</Name><Mobile>0527667811</Mobile><Office>048644326</Office></DirectoryEntry><DirectoryEntry><Name>סלומיאנסקי אברהם מרדכי</Name><Mobile>0527617911</Mobile><Office>086887914</Office></DirectoryEntry><DirectoryEntry><Name>סלומיאנסקי אהרן</Name><Office>0533199901</Office></DirectoryEntry><DirectoryEntry><Name>סלומיאנסקי אלחנן דב</Name><Office>0534191625</Office></DirectoryEntry><DirectoryEntry><Name>סלומיאנסקי אלחנן זאב</Name><Mobile>0527645033</Mobile><Office>088665033</Office></DirectoryEntry><DirectoryEntry><Name>סלומיאנסקי אליעזר</Name><Mobile>0527160131</Mobile><Office>046935861</Office></DirectoryEntry><DirectoryEntry><Name>סלומיאנסקי אפרים</Name><Mobile>0533171398</Mobile></DirectoryEntry><DirectoryEntry><Name>סלומיאנסקי אפרים חנוך</Name><Office>0534140879</Office></DirectoryEntry><DirectoryEntry><Name>סלומיאנסקי הינדא לאה</Name><Office>025388121</Office></DirectoryEntry><DirectoryEntry><Name>סלומיאנסקי זאב ירחמיאל</Name><Mobile>0527160723</Mobile><Office>025003723</Office></DirectoryEntry><DirectoryEntry><Name>סלומיאנסקי חיים ישראל</Name><Mobile>0533121204</Mobile><Office>088000680</Office></DirectoryEntry><DirectoryEntry><Name>סלומיאנסקי יהודה אריה לייב</Name><Mobile>0533135589</Mobile><Office>088566432</Office></DirectoryEntry><DirectoryEntry><Name>סלומיאנסקי יעקב</Name><Mobile>0527681916</Mobile><Office>088677424</Office></DirectoryEntry><DirectoryEntry><Name>סלומיאנסקי יצחק מאיר</Name><Office>0533101519</Office></DirectoryEntry><DirectoryEntry><Name>סלומיאנסקי ישראל</Name><Mobile>0556784656</Mobile><Office>0556774319</Office></DirectoryEntry><DirectoryEntry><Name>סלומיאנסקי מנחם מנדל</Name><Mobile>0527135677</Mobile><Office>086881355</Office></DirectoryEntry><DirectoryEntry><Name>סלומיאנסקי פנחס מנחם</Name><Office>0504178858</Office></DirectoryEntry><DirectoryEntry><Name>סלומיאנסקי שלמה זלמן</Name><Mobile>0527165517</Mobile><Office>038009636</Office></DirectoryEntry><DirectoryEntry><Name>סלומיאנסקי שמחה בונם</Name><Office>0548590340</Office></DirectoryEntry><DirectoryEntry><Name>סלצקי אבי-עזרי זליג</Name><Mobile>0548449423</Mobile><Office>035788299</Office></DirectoryEntry><DirectoryEntry><Name>סלצקי אהרן דוד</Name><Mobile>0504198822</Mobile><Office>097921249</Office></DirectoryEntry><DirectoryEntry><Name>סלצקי יחיאל מיכאל</Name><Mobile>0527694689</Mobile><Office>029912834</Office></DirectoryEntry><DirectoryEntry><Name>סלצקי ישראל</Name><Mobile>0527175595</Mobile><Office>035792001</Office></DirectoryEntry><DirectoryEntry><Name>סלצקי ישראל גד</Name><Mobile>0583211399</Mobile><Office>0779520649</Office></DirectoryEntry><DirectoryEntry><Name>סלצקי מאיר פרץ</Name><Mobile>0548449421</Mobile><Office>035788299</Office></DirectoryEntry><DirectoryEntry><Name>סלצקי מיכאל</Name><Mobile>0583206378</Mobile></DirectoryEntry><DirectoryEntry><Name>סלצקי משה מרדכי</Name><Mobile>0534160163</Mobile></DirectoryEntry><DirectoryEntry><Name>סלצקי רחל לאה</Name><Mobile>0527667927</Mobile><Office>035791449</Office></DirectoryEntry><DirectoryEntry><Name>סלצקי שמחה בונם</Name><Office>0534104388</Office></DirectoryEntry><DirectoryEntry><Name>סלר אברהם מרדכי</Name><Office>088522472</Office></DirectoryEntry><DirectoryEntry><Name>סלר אברהם מרדכי</Name><Mobile>0527615903</Mobile><Office>046935856</Office></DirectoryEntry><DirectoryEntry><Name>סלר אהרן יהודה אריה לייב</Name><Office>0527614343</Office></DirectoryEntry><DirectoryEntry><Name>סלר אליהו</Name><Mobile>0559992512</Mobile><Office>088647346</Office></DirectoryEntry><DirectoryEntry><Name>סלר אליהו</Name><Mobile>0533161884</Mobile><Office>036188580</Office></DirectoryEntry><DirectoryEntry><Name>סלר אליעזר צבי</Name><Mobile>0548437790</Mobile><Office>036193950</Office></DirectoryEntry><DirectoryEntry><Name>סלר יעקב דב</Name><Office>088022008</Office></DirectoryEntry><DirectoryEntry><Name>סלר יעקב דב</Name><Mobile>0527620580</Mobile><Office>025823756</Office></DirectoryEntry><DirectoryEntry><Name>סלר יעקב יוסף</Name><Mobile>0527111720</Mobile><Office>088659214</Office></DirectoryEntry><DirectoryEntry><Name>סלר יעקב יוסף</Name><Office>0533154492</Office></DirectoryEntry><DirectoryEntry><Name>סלר יצחק מאיר</Name><Office>0527139112</Office></DirectoryEntry><DirectoryEntry><Name>סלר ירחמיאל ישראל</Name><Office>0556721348</Office></DirectoryEntry><DirectoryEntry><Name>סלר ישראל</Name><Mobile>0548432224</Mobile><Office>025382857</Office></DirectoryEntry><DirectoryEntry><Name>סלר ישראל</Name><Mobile>0527160735</Mobile><Office>0777688032</Office></DirectoryEntry><DirectoryEntry><Name>סלר ישראל מאיר</Name><Mobile>0527644647</Mobile><Office>048673649</Office></DirectoryEntry><DirectoryEntry><Name>סלר ישראל צבי</Name><Mobile>0548451938</Mobile><Office>088651938</Office></DirectoryEntry><DirectoryEntry><Name>סלר משה אריה</Name><Office>025384255</Office></DirectoryEntry><DirectoryEntry><Name>סלר משה דב</Name><Mobile>0533113619</Mobile><Office>088035089</Office></DirectoryEntry><DirectoryEntry><Name>סלר פנחס מנחם</Name><Mobile>0556761720</Mobile></DirectoryEntry><DirectoryEntry><Name>סלר שמחה בונים</Name><Office>088012202</Office></DirectoryEntry><DirectoryEntry><Name>סלר שמחה בונם</Name><Mobile>0533171720</Mobile><Office>088666370</Office></DirectoryEntry><DirectoryEntry><Name>סמיט אשר אנשיל</Name><Mobile>0527664422</Mobile><Office>048666901</Office></DirectoryEntry><DirectoryEntry><Name>סמיט יהושע העשיל</Name><Mobile>0527166858</Mobile><Office>088660001</Office></DirectoryEntry><DirectoryEntry><Name>סמיט יוסף</Name><Mobile>0548440207</Mobile><Office>088647624</Office></DirectoryEntry><DirectoryEntry><Name>סמיט יצחק יעקב</Name><Office>0775351246</Office></DirectoryEntry><DirectoryEntry><Name>סמיט ישראל</Name><Mobile>0533156562</Mobile><Office>088666374</Office></DirectoryEntry><DirectoryEntry><Name>סמיט משה יקותיאל</Name><Mobile>0527606161</Mobile><Office>088039035</Office></DirectoryEntry><DirectoryEntry><Name>סמסון ישראל משה</Name><Mobile>0583299258</Mobile></DirectoryEntry><DirectoryEntry><Name>סמסון שלמה</Name><Mobile>0527610000</Mobile><Office>036499258</Office></DirectoryEntry><DirectoryEntry><Name>סמסון שמחה בונם</Name><Office>0548516044</Office></DirectoryEntry><DirectoryEntry><Name>סנדיק ישראל</Name><Mobile>0524218190</Mobile><Office>025001759</Office></DirectoryEntry><DirectoryEntry><Name>סנדיק משה חיים</Name><Mobile>0548520295</Mobile><Office>0527104680</Office></DirectoryEntry><DirectoryEntry><Name>סנדיק פנחס אלעזר</Name><Mobile>0533111087</Mobile></DirectoryEntry><DirectoryEntry><Name>סנדיק צבי</Name><Office>036059759</Office></DirectoryEntry><DirectoryEntry><Name>סנדיק צבי אריה</Name><Mobile>0504147004</Mobile><Office>088644691</Office></DirectoryEntry><DirectoryEntry><Name>סנדיק רחל</Name><Office>0533135261</Office></DirectoryEntry><DirectoryEntry><Name>סנה יונה</Name><Office>029923847</Office></DirectoryEntry><DirectoryEntry><Name>סנקביץ דניאל</Name><Mobile>0527613355</Mobile><Office>035798333</Office></DirectoryEntry><DirectoryEntry><Name>סנקביץ יוסף יהודה</Name><Mobile>0533133134</Mobile><Office>035600205</Office></DirectoryEntry><DirectoryEntry><Name>סנקביץ יחיאל מרדכי</Name><Office>0548548483</Office></DirectoryEntry><DirectoryEntry><Name>סנקביץ יחיאל מרדכי</Name><Mobile>0533184328</Mobile></DirectoryEntry><DirectoryEntry><Name>סנקביץ יעקב</Name><Office>029926235</Office></DirectoryEntry><DirectoryEntry><Name>סנקביץ יעקב העניך</Name><Mobile>0527640591</Mobile><Office>088640591</Office></DirectoryEntry><DirectoryEntry><Name>סנקביץ יעקב חנוך</Name><Mobile>0527612129</Mobile><Office>036182303</Office></DirectoryEntry><DirectoryEntry><Name>סנקביץ יצחק שלמה</Name><Mobile>0527662910</Mobile><Office>025862914</Office></DirectoryEntry><DirectoryEntry><Name>סנקביץ ישראל</Name><Office>035791199</Office></DirectoryEntry><DirectoryEntry><Name>סנקביץ ישראל</Name><Mobile>0527681234</Mobile><Office>035785224</Office></DirectoryEntry><DirectoryEntry><Name>סנקביץ משה</Name><Office>088542007</Office></DirectoryEntry><DirectoryEntry><Name>סנקביץ פנחס מנחם</Name><Office>0583267732</Office></DirectoryEntry><DirectoryEntry><Name>סנקביץ שלמה</Name><Office>025664080</Office></DirectoryEntry><DirectoryEntry><Name>סנקביץ שמחה בונם</Name><Office>038058888</Office></DirectoryEntry><DirectoryEntry><Name>סנקביץ שפרה</Name><Mobile>0533157979</Mobile><Office>035797907</Office></DirectoryEntry><DirectoryEntry><Name>ספיר אשר זעליג</Name><Mobile>0527616455</Mobile><Office>025383891</Office></DirectoryEntry><DirectoryEntry><Name>ספיר דוד יהודה</Name><Office>0548458806</Office></DirectoryEntry><DirectoryEntry><Name>ספיר יוסף</Name><Mobile>0548401150</Mobile><Office>025710160</Office></DirectoryEntry><DirectoryEntry><Name>ספיר יעקב</Name><Mobile>0504144535</Mobile><Office>0773303207</Office></DirectoryEntry><DirectoryEntry><Name>ספיר שולמית</Name><Office>036164821</Office></DirectoryEntry><DirectoryEntry><Name>ספיר שמואל אריה</Name><Office>0548479950</Office></DirectoryEntry><DirectoryEntry><Name>ספיר שמואל אריה</Name><Office>048736898</Office></DirectoryEntry><DirectoryEntry><Name>ספיר שרה</Name><Office>035600017</Office></DirectoryEntry><DirectoryEntry><Name>סקולסקי אברהם יצחק</Name><Office>035700971</Office></DirectoryEntry><DirectoryEntry><Name>סקולסקי אברהם מרדכי</Name><Mobile>0504104545</Mobile><Office>025004349</Office></DirectoryEntry><DirectoryEntry><Name>סקולסקי אברהם צבי</Name><Office>088020039</Office></DirectoryEntry><DirectoryEntry><Name>סקולסקי אסתר</Name><Office>036199235</Office></DirectoryEntry><DirectoryEntry><Name>סקולסקי דוד אהרן</Name><Mobile>0504101380</Mobile><Office>036197948</Office></DirectoryEntry><DirectoryEntry><Name>סקולסקי יוסף דב</Name><Office>0533184288</Office></DirectoryEntry><DirectoryEntry><Name>סקולסקי יעקב מרדכי</Name><Mobile>0533192000</Mobile><Office>088640969</Office></DirectoryEntry><DirectoryEntry><Name>סקולסקי ישראל</Name><Mobile>0504173969</Mobile><Office>088646855</Office></DirectoryEntry><DirectoryEntry><Name>סקולסקי פינחס</Name><Office>0556774813</Office></DirectoryEntry><DirectoryEntry><Name>סקולסקי פנחס</Name><Office>0527133757</Office></DirectoryEntry><DirectoryEntry><Name>סקולסקי פנחס יעקב</Name><Office>0533101112</Office></DirectoryEntry><DirectoryEntry><Name>סקולסקי צבי פרץ</Name><Mobile>0527665555</Mobile><Office>025375896</Office></DirectoryEntry><DirectoryEntry><Name>סקולסקי שלמה</Name><Office>0583224540</Office></DirectoryEntry><DirectoryEntry><Name>סקולסקי שמואל חזקיהו</Name><Mobile>0527662299</Mobile><Office>025379597</Office></DirectoryEntry><DirectoryEntry><Name>סקולסקי שמחה בונם</Name><Office>028000154</Office></DirectoryEntry><DirectoryEntry><Name>סקולסקי שמחה בונם</Name><Mobile>0527115555</Mobile><Office>035544487</Office></DirectoryEntry><DirectoryEntry><Name>סקולסקי שמעון משה אהרן</Name><Mobile>0504100710</Mobile><Office>025000977</Office></DirectoryEntry><DirectoryEntry><Name>סקוניק משה</Name><Mobile>0527645011</Mobile><Office>036184587</Office></DirectoryEntry><DirectoryEntry><Name>סקס אברהם ישעיה</Name><Office>039094416</Office></DirectoryEntry><DirectoryEntry><Name>סקרוביץ מלכה</Name><Office>036192513</Office></DirectoryEntry></YealinkIPPhoneDirectory>