<?xml version='1.0' encoding='utf-8'?>
<YealinkIPPhoneDirectory><Title>ספר טלפונים – ת</Title><DirectoryEntry><Name>ת ת</Name><Mobile>0583291213</Mobile></DirectoryEntry><DirectoryEntry><Name>תיק אברהם לוי</Name><Mobile>0548505746</Mobile><Office>0548557714</Office></DirectoryEntry><DirectoryEntry><Name>תיק אבשלום</Name><Office>029990063</Office></DirectoryEntry><DirectoryEntry><Name>תיק דוד</Name><Mobile>0504166799</Mobile><Office>039089269</Office></DirectoryEntry><DirectoryEntry><Name>תיק ישראל</Name><Mobile>0548427421</Mobile><Office>025374247</Office></DirectoryEntry><DirectoryEntry><Name>תפילינסקי דוד</Name><Office>025806427</Office></DirectoryEntry><DirectoryEntry><Name>תפילינסקי יעקב שלמה</Name><Mobile>0527636757</Mobile><Office>046972537</Office></DirectoryEntry><DirectoryEntry><Name>תפילינסקי משה גדליהו</Name><Office>025861898</Office></DirectoryEntry><DirectoryEntry><Name>תפילינסקי נחמן</Name><Office>025806165</Office></DirectoryEntry><DirectoryEntry><Name>תפילינסקי שמואל אברהם</Name><Mobile>0504129621</Mobile><Office>026285146</Office></DirectoryEntry></YealinkIPPhoneDirectory>