<?xml version='1.0' encoding='utf-8'?>
<YealinkIPPhoneDirectory><Title>ספר טלפונים – ט</Title><DirectoryEntry><Name>טאוב אברהם מרדכי</Name><Mobile>0527622010</Mobile><Office>036161312</Office></DirectoryEntry><DirectoryEntry><Name>טאוב אפרים</Name><Mobile>0534156710</Mobile></DirectoryEntry><DirectoryEntry><Name>טאוב אפרים מנחם</Name><Mobile>0527140740</Mobile><Office>036192288</Office></DirectoryEntry><DirectoryEntry><Name>טאוב אפרים מנחם</Name><Mobile>0533166018</Mobile><Office>035709192</Office></DirectoryEntry><DirectoryEntry><Name>טאוב יהודה אריה</Name><Mobile>0504172000</Mobile><Office>025389019</Office></DirectoryEntry><DirectoryEntry><Name>טאוב ישראל</Name><Mobile>0548455115</Mobile><Office>086630019</Office></DirectoryEntry><DirectoryEntry><Name>טאוב ישראל</Name><Mobile>0533137747</Mobile><Office>025377478</Office></DirectoryEntry><DirectoryEntry><Name>טאוב יששכר אליעזר</Name><Office>026242471</Office></DirectoryEntry><DirectoryEntry><Name>טאוב יששכר אליעזר</Name><Office>028080997</Office></DirectoryEntry><DirectoryEntry><Name>טאוב משה</Name><Mobile>0533191453</Mobile><Office>086526754</Office></DirectoryEntry><DirectoryEntry><Name>טאוב נתן</Name><Mobile>0533161455</Mobile><Office>088664955</Office></DirectoryEntry><DirectoryEntry><Name>טאוב פנחס</Name><Mobile>0556739407</Mobile><Office>0548596940</Office></DirectoryEntry><DirectoryEntry><Name>טאוב צבי חיים</Name><Mobile>0527114926</Mobile><Office>0527112649</Office></DirectoryEntry><DirectoryEntry><Name>טאוב ראובן</Name><Mobile>0527167414</Mobile><Office>0527167415</Office></DirectoryEntry><DirectoryEntry><Name>טאוב ראובן שבתי</Name><Office>0548553554</Office></DirectoryEntry><DirectoryEntry><Name>טאוב שמחה בונם</Name><Office>0527122535</Office></DirectoryEntry><DirectoryEntry><Name>טאובר אברהם</Name><Office>088001224</Office></DirectoryEntry><DirectoryEntry><Name>טאובר אליקים</Name><Mobile>0533122518</Mobile><Office>046922517</Office></DirectoryEntry><DirectoryEntry><Name>טאובר יעקב יוסף</Name><Office>088000180</Office></DirectoryEntry><DirectoryEntry><Name>טאובר יצחק</Name><Office>046923967</Office></DirectoryEntry><DirectoryEntry><Name>טאובר משה מרדכי</Name><Mobile>0503404072</Mobile><Office>046923967</Office></DirectoryEntry><DirectoryEntry><Name>טאובר עזריאל</Name><Office>039097608</Office></DirectoryEntry><DirectoryEntry><Name>טאובר פינחס מנחם</Name><Office>0533158996</Office></DirectoryEntry><DirectoryEntry><Name>טאובר רפאל יעקב דב</Name><Mobile>0548467723</Mobile><Office>0773355520</Office></DirectoryEntry><DirectoryEntry><Name>טאובר שלום</Name><Mobile>0524263823</Mobile><Office>039097661</Office></DirectoryEntry><DirectoryEntry><Name>טאומן אברהם</Name><Mobile>0533129453</Mobile><Office>035795694</Office></DirectoryEntry><DirectoryEntry><Name>טאומן אברהם מרדכי</Name><Mobile>0533140540</Mobile><Office>088033026</Office></DirectoryEntry><DirectoryEntry><Name>טאומן חנה</Name><Office>0504111935</Office></DirectoryEntry><DirectoryEntry><Name>טאומן יהודה חיים דוד ושרה</Name><Mobile>0533154044</Mobile><Office>025001059</Office></DirectoryEntry><DirectoryEntry><Name>טאומן יעקב דוד</Name><Office>048029401</Office></DirectoryEntry><DirectoryEntry><Name>טאומן יצחק מאיר</Name><Office>0548517402</Office></DirectoryEntry><DirectoryEntry><Name>טאומן יצחק מאיר</Name><Mobile>0533196022</Mobile><Office>025385501</Office></DirectoryEntry><DirectoryEntry><Name>טאומן יצחק מאיר</Name><Office>0556782534</Office></DirectoryEntry><DirectoryEntry><Name>טאומן יקותיאל יהודה אריה ל</Name><Office>088560418</Office></DirectoryEntry><DirectoryEntry><Name>טאומן ישראל</Name><Office>088553264</Office></DirectoryEntry><DirectoryEntry><Name>טאומן ישראל אליהו</Name><Mobile>0527691645</Mobile><Office>088001092</Office></DirectoryEntry><DirectoryEntry><Name>טאומן ישראל מרדכי</Name><Office>028004404</Office></DirectoryEntry><DirectoryEntry><Name>טאומן מרדכי</Name><Office>036180307</Office></DirectoryEntry><DirectoryEntry><Name>טאומן משה אהרן</Name><Mobile>0548453329</Mobile><Office>038058009</Office></DirectoryEntry><DirectoryEntry><Name>טאומן משה בצלאל</Name><Mobile>0548424686</Mobile><Office>0527168741</Office></DirectoryEntry><DirectoryEntry><Name>טאומן משה גדליה</Name><Office>088039051</Office></DirectoryEntry><DirectoryEntry><Name>טאומן פינחס מנחם</Name><Office>0556775075</Office></DirectoryEntry><DirectoryEntry><Name>טאומן שמחה בונם</Name><Office>0533158417</Office></DirectoryEntry><DirectoryEntry><Name>טאומן שמחה בונם ורות</Name><Office>038000140</Office></DirectoryEntry><DirectoryEntry><Name>טאפאלא גרשון</Name><Mobile>0533100171</Mobile><Office>025001928</Office></DirectoryEntry><DirectoryEntry><Name>טאפאלא יוסף דב</Name><Mobile>0527616059</Mobile><Office>025378079</Office></DirectoryEntry><DirectoryEntry><Name>טאפאלא יעקב</Name><Mobile>0534199910</Mobile><Office>089320330</Office></DirectoryEntry><DirectoryEntry><Name>טאפאלא מאיר</Name><Office>0533146444</Office></DirectoryEntry><DirectoryEntry><Name>טאפאלא מאיר</Name><Office>0533186209</Office></DirectoryEntry><DirectoryEntry><Name>טאפאלא שמחה בונם</Name><Office>0534198525</Office></DirectoryEntry><DirectoryEntry><Name>טבערסקי אהרן</Name><Office>036194931</Office></DirectoryEntry><DirectoryEntry><Name>טבצ'ניק יעקב</Name><Mobile>0533118949</Mobile><Office>026518949</Office></DirectoryEntry><DirectoryEntry><Name>טבצ'ניק צבי אלימלך</Name><Office>0533116604</Office></DirectoryEntry><DirectoryEntry><Name>טבצ'ניק שמחה בונם</Name><Office>0533118540</Office></DirectoryEntry><DirectoryEntry><Name>טבק אברהם</Name><Office>035795453</Office></DirectoryEntry><DirectoryEntry><Name>טבק הלל</Name><Mobile>0504194635</Mobile><Office>9994635</Office></DirectoryEntry><DirectoryEntry><Name>טבק יעקב ישראל</Name><Mobile>0527135118</Mobile><Office>088670669</Office></DirectoryEntry><DirectoryEntry><Name>טבק משה זליג</Name><Mobile>0527625206</Mobile><Office>088525715</Office></DirectoryEntry><DirectoryEntry><Name>טבק שמואל דוד</Name><Office>0548414880</Office></DirectoryEntry><DirectoryEntry><Name>טהלר אברהם יוסף</Name><Office>0556775134</Office></DirectoryEntry><DirectoryEntry><Name>טהלר דוד אהרן</Name><Mobile>0533170006</Mobile><Office>088656417</Office></DirectoryEntry><DirectoryEntry><Name>טהלר יהושע מנדל</Name><Office>0583253900</Office></DirectoryEntry><DirectoryEntry><Name>טהלר יחיאל</Name><Office>0556779689</Office></DirectoryEntry><DirectoryEntry><Name>טהלר יעקב ירוחם פישל</Name><Mobile>0533102443</Mobile><Office>029995660</Office></DirectoryEntry><DirectoryEntry><Name>טהלר מרדכי צבי</Name><Mobile>0548543534</Mobile></DirectoryEntry><DirectoryEntry><Name>טויב אברהם שמחה</Name><Mobile>0548458085</Mobile><Office>088554574</Office></DirectoryEntry><DirectoryEntry><Name>טויב חוה</Name><Office>036166582</Office></DirectoryEntry><DirectoryEntry><Name>טויב חי</Name><Office>0469222117</Office></DirectoryEntry><DirectoryEntry><Name>טויב חיים אליעזר</Name><Mobile>0583257002</Mobile><Office>0548533144</Office></DirectoryEntry><DirectoryEntry><Name>טויב חנה זיסל</Name><Mobile>0533156157</Mobile><Office>025328270</Office></DirectoryEntry><DirectoryEntry><Name>טויב יונתן</Name><Mobile>0533100390</Mobile><Office>088033057</Office></DirectoryEntry><DirectoryEntry><Name>טויב יוסף</Name><Mobile>0504149657</Mobile><Office>088659657</Office></DirectoryEntry><DirectoryEntry><Name>טויב יחזקאל שרגא</Name><Office>0556781420</Office></DirectoryEntry><DirectoryEntry><Name>טויב יצחק אייזיק</Name><Mobile>0527152550</Mobile><Office>086883668</Office></DirectoryEntry><DirectoryEntry><Name>טויב ישראל יעקב</Name><Mobile>0548466757</Mobile><Office>088554983</Office></DirectoryEntry><DirectoryEntry><Name>טויב מרדכי דוד</Name><Mobile>0527679911</Mobile><Office>025328270</Office></DirectoryEntry><DirectoryEntry><Name>טויב פלטיאל</Name><Mobile>0548447298</Mobile><Office>025821298</Office></DirectoryEntry><DirectoryEntry><Name>טויב רפאל</Name><Office>088001600</Office></DirectoryEntry><DirectoryEntry><Name>טויב שמואל</Name><Office>025023190</Office></DirectoryEntry><DirectoryEntry><Name>טויסיג חיים טודרוס</Name><Office>0548540622</Office></DirectoryEntry><DirectoryEntry><Name>טויסיג יהודה אריה לייב</Name><Mobile>0527630665</Mobile><Office>086812850</Office></DirectoryEntry><DirectoryEntry><Name>טויסיג יחזקאל</Name><Mobile>0583284760</Mobile><Office>0722986304</Office></DirectoryEntry><DirectoryEntry><Name>טויסיג יחיאל דוד</Name><Office>0548471239</Office></DirectoryEntry><DirectoryEntry><Name>טויסיג ישראל</Name><Office>088540751</Office></DirectoryEntry><DirectoryEntry><Name>טויסיג משה</Name><Mobile>0533100076</Mobile><Office>038050002</Office></DirectoryEntry><DirectoryEntry><Name>טויסיג משה ברוך</Name><Office>0556723495</Office></DirectoryEntry><DirectoryEntry><Name>טויסיג נתנאל</Name><Mobile>0533171819</Mobile><Office>089956072</Office></DirectoryEntry><DirectoryEntry><Name>טויסיג פנחס מנחם</Name><Office>0556731458</Office></DirectoryEntry><DirectoryEntry><Name>טויסיג פנחס מנחם</Name><Office>0534100754</Office></DirectoryEntry><DirectoryEntry><Name>טויסיג רפאל מנחם</Name><Mobile>0527686433</Mobile><Office>025402043</Office></DirectoryEntry><DirectoryEntry><Name>טויסיג שמחה בונם</Name><Mobile>0504180094</Mobile></DirectoryEntry><DirectoryEntry><Name>טוכובר אשר</Name><Mobile>0527616265</Mobile><Office>036163698</Office></DirectoryEntry><DirectoryEntry><Name>טוכובר חיים מרדכי</Name><Mobile>0533180350</Mobile><Office>088669717</Office></DirectoryEntry><DirectoryEntry><Name>טוכובר חיים מרדכי</Name><Office>088001061</Office></DirectoryEntry><DirectoryEntry><Name>טוכובר יעקב דוד</Name><Mobile>0533116508</Mobile><Office>035707867</Office></DirectoryEntry><DirectoryEntry><Name>טוכובר צבי דב</Name><Mobile>0548443951</Mobile><Office>048640867</Office></DirectoryEntry><DirectoryEntry><Name>טוסק ישראל</Name><Office>025400908</Office></DirectoryEntry><DirectoryEntry><Name>טורובר אברהם מרדכי</Name><Office>088020007</Office></DirectoryEntry><DirectoryEntry><Name>טורובר אריה לייב</Name><Mobile>0504191347</Mobile><Office>025637210</Office></DirectoryEntry><DirectoryEntry><Name>טורובר יצחק מאיר</Name><Office>026519239</Office></DirectoryEntry><DirectoryEntry><Name>טורובר ישראל</Name><Mobile>0533117111</Mobile><Office>035797922</Office></DirectoryEntry><DirectoryEntry><Name>טורובר ישראל</Name><Office>036199071</Office></DirectoryEntry><DirectoryEntry><Name>טורובר משה מנדל</Name><Mobile>0527127148</Mobile><Office>088554790</Office></DirectoryEntry><DirectoryEntry><Name>טורובר עקיבא</Name><Mobile>0533155565</Mobile><Office>036196217</Office></DirectoryEntry><DirectoryEntry><Name>טורובר שלמה</Name><Mobile>0548443494</Mobile><Office>028000045</Office></DirectoryEntry><DirectoryEntry><Name>טורק יצחק</Name><Office>035068935</Office></DirectoryEntry><DirectoryEntry><Name>טורש עזרא אשר</Name><Mobile>0548599231</Mobile><Office>029992231</Office></DirectoryEntry><DirectoryEntry><Name>טושינסקי אשר יונתן</Name><Office>025663404</Office></DirectoryEntry><DirectoryEntry><Name>טיברג אברהם</Name><Office>0504104669</Office></DirectoryEntry><DirectoryEntry><Name>טיברג אברהם</Name><Office>0534112122</Office></DirectoryEntry><DirectoryEntry><Name>טיברג חיים שלמה</Name><Mobile>0533133353</Mobile><Office>025380842</Office></DirectoryEntry><DirectoryEntry><Name>טיברג יהודה מנחם מנדל</Name><Mobile>0533140105</Mobile><Office>086600244</Office></DirectoryEntry><DirectoryEntry><Name>טיברג ישראל</Name><Mobile>0533133343</Mobile><Office>029998780</Office></DirectoryEntry><DirectoryEntry><Name>טיברג שמחה בונם</Name><Mobile>0533186750</Mobile></DirectoryEntry><DirectoryEntry><Name>טייטל זיסמן מיכאל</Name><Mobile>0504113884</Mobile><Office>036194557</Office></DirectoryEntry><DirectoryEntry><Name>טייטל חיים אליעזר</Name><Mobile>0533143333</Mobile><Office>025003791</Office></DirectoryEntry><DirectoryEntry><Name>טייטל חיים אליעזר דב</Name><Mobile>0533187188</Mobile><Office>088679180</Office></DirectoryEntry><DirectoryEntry><Name>טייטל יהודה לייב</Name><Mobile>0527623226</Mobile><Office>088663006</Office></DirectoryEntry><DirectoryEntry><Name>טייטל יוחנן</Name><Mobile>0527600552</Mobile></DirectoryEntry><DirectoryEntry><Name>טייטל ישראל</Name><Mobile>0548488669</Mobile><Office>028010052</Office></DirectoryEntry><DirectoryEntry><Name>טייטל ישראל</Name><Mobile>0548448434</Mobile><Office>0772343661</Office></DirectoryEntry><DirectoryEntry><Name>טייטל ישראל</Name><Office>0556732035</Office></DirectoryEntry><DirectoryEntry><Name>טייטל ישראל</Name><Office>028020053</Office></DirectoryEntry><DirectoryEntry><Name>טייטל עקיבא</Name><Mobile>0527177838</Mobile><Office>088046161</Office></DirectoryEntry><DirectoryEntry><Name>טייטל פנחס מנחם</Name><Mobile>0548448198</Mobile><Office>088035067</Office></DirectoryEntry><DirectoryEntry><Name>טייטל פנחס מנחם</Name><Office>0527185957</Office></DirectoryEntry><DirectoryEntry><Name>טייטל צבי הערש</Name><Mobile>0548448199</Mobile><Office>035701043</Office></DirectoryEntry><DirectoryEntry><Name>טייטל שלמה</Name><Mobile>0504123418</Mobile><Office>035707875</Office></DirectoryEntry><DirectoryEntry><Name>טייטל שמחה בונם</Name><Office>025730990</Office></DirectoryEntry><DirectoryEntry><Name>טייטל שמחה בונם</Name><Office>088001059</Office></DirectoryEntry><DirectoryEntry><Name>טייטלבוים אברהם מרדכי</Name><Office>046934604</Office></DirectoryEntry><DirectoryEntry><Name>טייטלבוים אברהם מרדכי</Name><Office>025389824</Office></DirectoryEntry><DirectoryEntry><Name>טייטלבוים אברהם מרדכי</Name><Office>0533135438</Office></DirectoryEntry><DirectoryEntry><Name>טייטלבוים אליהו יהודה</Name><Mobile>0533150155</Mobile><Office>088660003</Office></DirectoryEntry><DirectoryEntry><Name>טייטלבוים אלעזר</Name><Mobile>0533100903</Mobile><Office>025376897</Office></DirectoryEntry><DirectoryEntry><Name>טייטלבוים אפרים יוסף</Name><Mobile>0533194972</Mobile><Office>039094972</Office></DirectoryEntry><DirectoryEntry><Name>טייטלבוים אפרים יצחק</Name><Mobile>0533131126</Mobile><Office>036477923</Office></DirectoryEntry><DirectoryEntry><Name>טייטלבוים בצלאל</Name><Office>028002080</Office></DirectoryEntry><DirectoryEntry><Name>טייטלבוים דוד בונים</Name><Office>0548540427</Office></DirectoryEntry><DirectoryEntry><Name>טייטלבוים דוד משה</Name><Mobile>0527625850</Mobile><Office>088000146</Office></DirectoryEntry><DirectoryEntry><Name>טייטלבוים הינדה</Name><Office>035711669</Office></DirectoryEntry><DirectoryEntry><Name>טייטלבוים חיים</Name><Mobile>0548477444</Mobile><Office>036166799</Office></DirectoryEntry><DirectoryEntry><Name>טייטלבוים חיים אליעזר</Name><Mobile>0583209439</Mobile><Office>025022717</Office></DirectoryEntry><DirectoryEntry><Name>טייטלבוים חנוך העניך גד</Name><Mobile>0548499477</Mobile><Office>038000106</Office></DirectoryEntry><DirectoryEntry><Name>טייטלבוים יהודה אריה לייב</Name><Mobile>0548426710</Mobile><Office>088649822</Office></DirectoryEntry><DirectoryEntry><Name>טייטלבוים מאיר</Name><Mobile>0533174750</Mobile><Office>025869485</Office></DirectoryEntry><DirectoryEntry><Name>טייטלבוים מאיר</Name><Office>0548530120</Office></DirectoryEntry><DirectoryEntry><Name>טייטלבוים מרים</Name><Mobile>0533157013</Mobile><Office>035701331</Office></DirectoryEntry><DirectoryEntry><Name>טייטלבוים משה</Name><Office>0556731905</Office></DirectoryEntry><DirectoryEntry><Name>טייטלבוים משה</Name><Office>025376168</Office></DirectoryEntry><DirectoryEntry><Name>טייטלבוים נתן נטע</Name><Mobile>0533191369</Mobile><Office>029991369</Office></DirectoryEntry><DirectoryEntry><Name>טייטלבוים פנחס מנחם</Name><Office>0583285141</Office></DirectoryEntry><DirectoryEntry><Name>טייטלבוים פנחס מנחם</Name><Mobile>0556729065</Mobile><Office>0527169065</Office></DirectoryEntry><DirectoryEntry><Name>טייטלבוים שאול משה</Name><Office>029998220</Office></DirectoryEntry><DirectoryEntry><Name>טייטלבוים שמואל שמעלקא</Name><Office>0533109300</Office></DirectoryEntry><DirectoryEntry><Name>טייטלבוים שמואל שמעלקא</Name><Office>0583292415</Office></DirectoryEntry><DirectoryEntry><Name>טייטלבוים שמואל שמעלקא</Name><Office>0556730313</Office></DirectoryEntry><DirectoryEntry><Name>טייטלבוים שמחה בונם</Name><Mobile>0548488106</Mobile><Office>025700912</Office></DirectoryEntry><DirectoryEntry><Name>טייטלבוים שמחה בונם</Name><Office>028000245</Office></DirectoryEntry><DirectoryEntry><Name>טייטלבוים שמעון</Name><Mobile>0533107106</Mobile><Office>025374768</Office></DirectoryEntry><DirectoryEntry><Name>טינקלרויט אברהם</Name><Mobile>0527173696</Mobile><Office>088654385</Office></DirectoryEntry><DirectoryEntry><Name>טינקלרויט אהרן יהודה</Name><Mobile>0548448470</Mobile><Office>025810339</Office></DirectoryEntry><DirectoryEntry><Name>טינקלרויט זאב מנחם</Name><Mobile>0548422705</Mobile><Office>088642706</Office></DirectoryEntry><DirectoryEntry><Name>טינקלרויט מאיר שמואל</Name><Office>0527101026</Office></DirectoryEntry><DirectoryEntry><Name>טינקלרויט שמאי</Name><Mobile>0548442630</Mobile><Office>038080021</Office></DirectoryEntry><DirectoryEntry><Name>טיפנברון אברהם</Name><Mobile>0504113000</Mobile><Office>025387517</Office></DirectoryEntry><DirectoryEntry><Name>טיפנברון אהרן יהודה</Name><Mobile>0504111650</Mobile><Office>036198563</Office></DirectoryEntry><DirectoryEntry><Name>טיפנברון חיים</Name><Mobile>0504111649</Mobile><Office>035282620</Office></DirectoryEntry><DirectoryEntry><Name>טיפנברון יונתן</Name><Mobile>0527111160</Mobile><Office>035702098</Office></DirectoryEntry><DirectoryEntry><Name>טיפנברון ישכר דב</Name><Office>028080123</Office></DirectoryEntry><DirectoryEntry><Name>טיפנברון ישראל</Name><Mobile>0533111166</Mobile><Office>036187855</Office></DirectoryEntry><DirectoryEntry><Name>טיפנברון ישראל</Name><Mobile>0504111653</Mobile></DirectoryEntry><DirectoryEntry><Name>טיפנברון פנחס מנחם</Name><Office>088664221</Office></DirectoryEntry><DirectoryEntry><Name>טיפנברונר אברהם מרדכי</Name><Mobile>0527611264</Mobile><Office>025001299</Office></DirectoryEntry><DirectoryEntry><Name>טיפנברונר יהודה אריה לייב</Name><Office>088001306</Office></DirectoryEntry><DirectoryEntry><Name>טיפנברונר יחיאל אפרים</Name><Office>0556731379</Office></DirectoryEntry><DirectoryEntry><Name>טיפנברונר יחיאל אפרים</Name><Office>0534187439</Office></DirectoryEntry><DirectoryEntry><Name>טיפנברונר מנחם מנדל</Name><Office>025811692</Office></DirectoryEntry><DirectoryEntry><Name>טירנואר אלימלך</Name><Mobile>0527639600</Mobile><Office>025381065</Office></DirectoryEntry><DirectoryEntry><Name>טירנואר חנוך גד</Name><Mobile>0527639500</Mobile><Office>025813650</Office></DirectoryEntry><DirectoryEntry><Name>טירנואר יוסף</Name><Office>036195765</Office></DirectoryEntry><DirectoryEntry><Name>טירנואר ישראל פינחס</Name><Mobile>0533108114</Mobile><Office>025713174</Office></DirectoryEntry><DirectoryEntry><Name>טירנואר משה מנחם</Name><Mobile>0527697881</Mobile><Office>025812001</Office></DirectoryEntry><DirectoryEntry><Name>טלוביץ אברהם</Name><Mobile>0533190720</Mobile><Office>025375758</Office></DirectoryEntry><DirectoryEntry><Name>טלוביץ אהרן</Name><Mobile>0527114471</Mobile><Office>088552832</Office></DirectoryEntry><DirectoryEntry><Name>טלוביץ יהודה אריה לייב</Name><Mobile>0533102047</Mobile></DirectoryEntry><DirectoryEntry><Name>טלוביץ יוסף</Name><Mobile>0527139072</Mobile><Office>0583219963</Office></DirectoryEntry><DirectoryEntry><Name>טלוביץ יעקב ישראל</Name><Mobile>0527170973</Mobile><Office>0775508590</Office></DirectoryEntry><DirectoryEntry><Name>טלוביץ יצחק אלטר</Name><Mobile>0533133241</Mobile><Office>0583225568</Office></DirectoryEntry><DirectoryEntry><Name>טלוביץ יצחק שמחה</Name><Mobile>0533106483</Mobile><Office>035707366</Office></DirectoryEntry><DirectoryEntry><Name>טלוביץ ישראל</Name><Mobile>0548470708</Mobile></DirectoryEntry><DirectoryEntry><Name>טלוביץ ישראל</Name><Office>025381552</Office></DirectoryEntry><DirectoryEntry><Name>טלוביץ מרים</Name><Office>036191923</Office></DirectoryEntry><DirectoryEntry><Name>טלוביץ משה</Name><Mobile>0548449244</Mobile><Office>088678921</Office></DirectoryEntry><DirectoryEntry><Name>טלוביץ משה</Name><Mobile>0533100404</Mobile><Office>088028080</Office></DirectoryEntry><DirectoryEntry><Name>טלוביץ משה</Name><Mobile>0583210014</Mobile></DirectoryEntry><DirectoryEntry><Name>טלוביץ משה שמחה</Name><Mobile>0556773739</Mobile></DirectoryEntry><DirectoryEntry><Name>טלוביץ צבי</Name><Mobile>0533184470</Mobile><Office>048668482</Office></DirectoryEntry><DirectoryEntry><Name>טלוביץ צבי יצחק</Name><Mobile>0527159643</Mobile></DirectoryEntry><DirectoryEntry><Name>טלוביץ שמחה בונם</Name><Mobile>0533195998</Mobile><Office>0533195999</Office></DirectoryEntry><DirectoryEntry><Name>טמיר אהוד</Name><Office>036487212</Office></DirectoryEntry><DirectoryEntry><Name>טמיר ראובן אברהם</Name><Office>0777007900</Office></DirectoryEntry><DirectoryEntry><Name>טנדובסקי אברהם יצחק יוסף</Name><Mobile>0527641903</Mobile><Office>025377980</Office></DirectoryEntry><DirectoryEntry><Name>טנדובסקי אברהם מרדכי</Name><Office>0583210715</Office></DirectoryEntry><DirectoryEntry><Name>טנדובסקי חיים ברוך</Name><Office>0548589223</Office></DirectoryEntry><DirectoryEntry><Name>טנדובסקי יהודה אריה לייב</Name><Mobile>0548461410</Mobile><Office>0777551410</Office></DirectoryEntry><DirectoryEntry><Name>טנדובסקי יצחק מאיר</Name><Office>0534197447</Office></DirectoryEntry><DirectoryEntry><Name>טנדובסקי ישראל</Name><Mobile>0527172088</Mobile><Office>088648063</Office></DirectoryEntry><DirectoryEntry><Name>טנדובסקי מאיר</Name><Mobile>0548413649</Mobile><Office>029926640</Office></DirectoryEntry><DirectoryEntry><Name>טנדובסקי מרדכי שלמה</Name><Mobile>0527177176</Mobile><Office>026247847</Office></DirectoryEntry><DirectoryEntry><Name>טנדובסקי צבי הערש אלעזר</Name><Mobile>0548405087</Mobile><Office>088559288</Office></DirectoryEntry><DirectoryEntry><Name>טנדובסקי שמחה בונם</Name><Mobile>0533151748</Mobile><Office>088651748</Office></DirectoryEntry><DirectoryEntry><Name>טננבוים אברהם מרדכי</Name><Mobile>0533161887</Mobile><Office>036188948</Office></DirectoryEntry><DirectoryEntry><Name>טננבוים אהרן</Name><Office>025385303</Office></DirectoryEntry><DirectoryEntry><Name>טננבוים דוד משה</Name><Mobile>0533155916</Mobile><Office>036192019</Office></DirectoryEntry><DirectoryEntry><Name>טננבוים יהודה אריה מנחם</Name><Mobile>0533168620</Mobile><Office>046860620</Office></DirectoryEntry><DirectoryEntry><Name>טננבוים יוסף מאיר</Name><Mobile>0533101774</Mobile><Office>0722340776</Office></DirectoryEntry><DirectoryEntry><Name>טננבוים יצחק ידידיה</Name><Office>088562172</Office></DirectoryEntry><DirectoryEntry><Name>טננבוים ישראל</Name><Office>036192288</Office></DirectoryEntry><DirectoryEntry><Name>טננבוים ישראל</Name><Mobile>0548472544</Mobile><Office>086882545</Office></DirectoryEntry><DirectoryEntry><Name>טננבוים מרדכי</Name><Office>0527166897</Office></DirectoryEntry><DirectoryEntry><Name>טננבוים משה שמעיה</Name><Mobile>0533155920</Mobile><Office>089959010</Office></DirectoryEntry><DirectoryEntry><Name>טננבוים נתן דוד</Name><Mobile>0504111133</Mobile><Office>025004753</Office></DirectoryEntry><DirectoryEntry><Name>טננבוים פנחס מנחם</Name><Mobile>0534103147</Mobile><Office>0533149359</Office></DirectoryEntry><DirectoryEntry><Name>טננבוים שמואל חיים</Name><Mobile>0533155917</Mobile><Office>088659460</Office></DirectoryEntry><DirectoryEntry><Name>טננבוים שמחה בונם</Name><Office>038058026</Office></DirectoryEntry><DirectoryEntry><Name>טננבוים שמחה בונם</Name><Mobile>0534103826</Mobile><Office>0548426588</Office></DirectoryEntry><DirectoryEntry><Name>טסלר חיה אסתר</Name><Mobile>0533115645</Mobile><Office>088542598</Office></DirectoryEntry><DirectoryEntry><Name>טסלר חיים מאיר</Name><Mobile>0533115870</Mobile><Office>088001301</Office></DirectoryEntry><DirectoryEntry><Name>טסלר יהודה אריה</Name><Mobile>0527170390</Mobile><Office>089560799</Office></DirectoryEntry><DirectoryEntry><Name>טסלר יהונתן שמשון</Name><Mobile>0533101170</Mobile><Office>046938180</Office></DirectoryEntry><DirectoryEntry><Name>טסלר יעקב יצחק</Name><Mobile>0533164647</Mobile><Office>088647094</Office></DirectoryEntry><DirectoryEntry><Name>טסלר ישראל</Name><Mobile>0527660416</Mobile><Office>088556188</Office></DirectoryEntry><DirectoryEntry><Name>טסלר ישראל שמעון</Name><Mobile>0527126220</Mobile><Office>088033075</Office></DirectoryEntry><DirectoryEntry><Name>טסלר מרדכי</Name><Mobile>0527174900</Mobile><Office>029952596</Office></DirectoryEntry><DirectoryEntry><Name>טסלר משה מרדכי</Name><Mobile>0533188033</Mobile><Office>088561443</Office></DirectoryEntry><DirectoryEntry><Name>טסלר משה נתן</Name><Mobile>0527670417</Mobile><Office>029925689</Office></DirectoryEntry><DirectoryEntry><Name>טסלר פנחס</Name><Mobile>0533156820</Mobile></DirectoryEntry><DirectoryEntry><Name>טסלר שלמה</Name><Mobile>0527691737</Mobile><Office>046972452</Office></DirectoryEntry><DirectoryEntry><Name>טסלר שמחה בונם</Name><Office>036470713</Office></DirectoryEntry><DirectoryEntry><Name>טסלר שמחה בונם</Name><Mobile>0533166383</Mobile><Office>088001801</Office></DirectoryEntry><DirectoryEntry><Name>טפלר אברהם מרדכי</Name><Mobile>0527626464</Mobile><Office>039092945</Office></DirectoryEntry><DirectoryEntry><Name>טפלר יעקב משה</Name><Office>036189875</Office></DirectoryEntry><DirectoryEntry><Name>טפלר נפתלי הרץ</Name><Office>035701028</Office></DirectoryEntry><DirectoryEntry><Name>טפלר שלום</Name><Office>036189875</Office></DirectoryEntry><DirectoryEntry><Name>טראובה בנימין</Name><Office>048003040</Office></DirectoryEntry><DirectoryEntry><Name>טראובה בנימין מנחם</Name><Office>0583251886</Office></DirectoryEntry><DirectoryEntry><Name>טראובה דורותי</Name><Office>025371660</Office></DirectoryEntry><DirectoryEntry><Name>טראובה זאב</Name><Mobile>0533151719</Mobile><Office>025401557</Office></DirectoryEntry><DirectoryEntry><Name>טראובה יהודה אריה</Name><Mobile>0533161919</Mobile><Office>036191867</Office></DirectoryEntry><DirectoryEntry><Name>טראובה יהודה אריה לייב</Name><Mobile>0533186179</Mobile></DirectoryEntry><DirectoryEntry><Name>טראובה יהודה אריה לייב</Name><Office>0556754402</Office></DirectoryEntry><DirectoryEntry><Name>טראובה ישראל</Name><Mobile>0527686123</Mobile><Office>048001414</Office></DirectoryEntry><DirectoryEntry><Name>טראובה ישראל</Name><Mobile>0533144582</Mobile><Office>036488912</Office></DirectoryEntry><DirectoryEntry><Name>טראובה מאיר</Name><Mobile>0533186905</Mobile><Office>025386905</Office></DirectoryEntry><DirectoryEntry><Name>טראובה מיכל יוסף</Name><Mobile>0533155211</Mobile><Office>035796181</Office></DirectoryEntry><DirectoryEntry><Name>טראובה שמואל חיים</Name><Mobile>0527170666</Mobile><Office>088654402</Office></DirectoryEntry><DirectoryEntry><Name>טרויבע אברהם מרדכי</Name><Mobile>0504111162</Mobile><Office>036193945</Office></DirectoryEntry><DirectoryEntry><Name>טרויבע אברהם מרדכי</Name><Office>0583210308</Office></DirectoryEntry><DirectoryEntry><Name>טרויבע אפרים שלמה</Name><Mobile>0548449293</Mobile><Office>025387629</Office></DirectoryEntry><DirectoryEntry><Name>טרויבע חיים אליעזר</Name><Office>088000037</Office></DirectoryEntry><DirectoryEntry><Name>טרויבע יהודה אריה לייב</Name><Mobile>0533191015</Mobile><Office>0737257002</Office></DirectoryEntry><DirectoryEntry><Name>טרויבע יחיאל</Name><Office>0583260603</Office></DirectoryEntry><DirectoryEntry><Name>טרויבע ישראל</Name><Mobile>0504187505</Mobile><Office>029995306</Office></DirectoryEntry><DirectoryEntry><Name>טרויבע ישראל</Name><Mobile>0504166228</Mobile><Office>029911876</Office></DirectoryEntry><DirectoryEntry><Name>טרויבע ישראל יחיאל</Name><Office>0556753869</Office></DirectoryEntry><DirectoryEntry><Name>טרויבע פינחס מנחם</Name><Office>0534166997</Office></DirectoryEntry><DirectoryEntry><Name>טרויבע פנחס</Name><Office>025371277</Office></DirectoryEntry><DirectoryEntry><Name>טרויבע צבי</Name><Office>029922093</Office></DirectoryEntry><DirectoryEntry><Name>טרויבע צבי מאיר</Name><Mobile>0533134035</Mobile><Office>088000809</Office></DirectoryEntry><DirectoryEntry><Name>טרויבע רחל</Name><Office>036168406</Office></DirectoryEntry><DirectoryEntry><Name>טרויבע שמחה בונם</Name><Mobile>0548420016</Mobile><Office>0747031103</Office></DirectoryEntry><DirectoryEntry><Name>טרוס שלמה חנוך</Name><Office>036168537</Office></DirectoryEntry><DirectoryEntry><Name>טשארני אברהם מרדכי</Name><Mobile>0533153741</Mobile><Office>025374174</Office></DirectoryEntry><DirectoryEntry><Name>טשארני אליהו אריה</Name><Mobile>0533190093</Mobile><Office>025374187</Office></DirectoryEntry><DirectoryEntry><Name>טשארני דוד יצחק אייזיק</Name><Office>025389360</Office></DirectoryEntry><DirectoryEntry><Name>טשארני ישראל</Name><Mobile>0527160854</Mobile><Office>088544166</Office></DirectoryEntry><DirectoryEntry><Name>טשארני ישראל נח</Name><Mobile>0527125273</Mobile><Office>088541210</Office></DirectoryEntry><DirectoryEntry><Name>טשארני משה שלמה</Name><Mobile>0525419323</Mobile><Office>0772019323</Office></DirectoryEntry><DirectoryEntry><Name>טשארני שמואל אהרן</Name><Office>026502924</Office></DirectoryEntry><DirectoryEntry><Name>טשארני שמחה בונם</Name><Office>028001414</Office></DirectoryEntry><DirectoryEntry><Name>טשערסקי אנשיל דוד</Name><Mobile>0527645535</Mobile><Office>048010080</Office></DirectoryEntry><DirectoryEntry><Name>טשערסקי חנוך העניך</Name><Mobile>0556745535</Mobile><Office>0583245535</Office></DirectoryEntry><DirectoryEntry><Name>טשערסקי יחיאל</Name><Office>088035062</Office></DirectoryEntry><DirectoryEntry><Name>טשערסקי יעקב יוסף</Name><Mobile>0548525740</Mobile><Office>088039002</Office></DirectoryEntry><DirectoryEntry><Name>טשערסקי ישראל</Name><Mobile>0527150360</Mobile><Office>086883431</Office></DirectoryEntry><DirectoryEntry><Name>טשערסקי משה יהודה</Name><Mobile>0527616420</Mobile><Office>088663692</Office></DirectoryEntry><DirectoryEntry><Name>טשערסקי משה לייב</Name><Office>0779230122</Office></DirectoryEntry><DirectoryEntry><Name>טשערסקי פנחס מנחם</Name><Office>0527638313</Office></DirectoryEntry><DirectoryEntry><Name>טשערסקי שמחה בונם</Name><Office>0533177789</Office></DirectoryEntry></YealinkIPPhoneDirectory>