<?xml version='1.0' encoding='utf-8'?>
<YealinkIPPhoneDirectory><Title>ספר טלפונים – צ</Title><DirectoryEntry><Name>צוויבל שלמה</Name><Office>025004144</Office></DirectoryEntry><DirectoryEntry><Name>צויבל יונתן אליעזר</Name><Mobile>0548465828</Mobile><Office>025700212</Office></DirectoryEntry><DirectoryEntry><Name>צויבל מרדכי</Name><Mobile>0548428212</Mobile><Office>025002078</Office></DirectoryEntry><DirectoryEntry><Name>צויגנבוים אברהם שמואל</Name><Office>088660334</Office></DirectoryEntry><DirectoryEntry><Name>צוקרמן יהודה אריה לייב</Name><Office>088001205</Office></DirectoryEntry><DirectoryEntry><Name>צוקרמן יוסף צבי</Name><Mobile>0527639988</Mobile><Office>025810262</Office></DirectoryEntry><DirectoryEntry><Name>צוקרמן ישראל מאיר</Name><Mobile>0527113185</Mobile></DirectoryEntry><DirectoryEntry><Name>צוקרמן משה</Name><Mobile>0583223921</Mobile></DirectoryEntry><DirectoryEntry><Name>צוקרמן שלום שלמה</Name><Mobile>0533190123</Mobile><Office>086815575</Office></DirectoryEntry><DirectoryEntry><Name>צוקרמן שמחה בונים</Name><Mobile>0548509941</Mobile><Office>0556730148</Office></DirectoryEntry><DirectoryEntry><Name>צוקרמן שמעון</Name><Mobile>0583290492</Mobile></DirectoryEntry><DirectoryEntry><Name>ציוויאק יהודה אריה לייב</Name><Office>0527183008</Office></DirectoryEntry><DirectoryEntry><Name>ציוויאק מרדכי ברוך</Name><Mobile>0533103331</Mobile><Office>025000590</Office></DirectoryEntry><DirectoryEntry><Name>ציטרון משה</Name><Office>048440524</Office></DirectoryEntry><DirectoryEntry><Name>ציטרנבוים אברהם נח</Name><Mobile>0533186477</Mobile><Office>088647705</Office></DirectoryEntry><DirectoryEntry><Name>ציטרנבוים אליעזר ליפמן</Name><Office>0556771936</Office></DirectoryEntry><DirectoryEntry><Name>ציטרנבוים דוד גודל</Name><Mobile>0548441400</Mobile><Office>036775443</Office></DirectoryEntry><DirectoryEntry><Name>ציטרנבוים חיים חנוך</Name><Mobile>0504156155</Mobile><Office>088676092</Office></DirectoryEntry><DirectoryEntry><Name>ציטרנבוים יהודה נח</Name><Mobile>0527624012</Mobile><Office>0774810446</Office></DirectoryEntry><DirectoryEntry><Name>ציטרנבוים יוסף שמריהו</Name><Mobile>0504112311</Mobile><Office>036183022</Office></DirectoryEntry><DirectoryEntry><Name>ציטרנבוים יצחק אברהם</Name><Mobile>0527636734</Mobile><Office>088640722</Office></DirectoryEntry><DirectoryEntry><Name>ציטרנבוים ישראל אפרים</Name><Office>0583210361</Office></DirectoryEntry><DirectoryEntry><Name>ציטרנבוים ישראל נפתלי</Name><Mobile>0504111845</Mobile><Office>088646941</Office></DirectoryEntry><DirectoryEntry><Name>ציטרנבוים ישראל עמנואל</Name><Office>026738775</Office></DirectoryEntry><DirectoryEntry><Name>ציטרנבוים מאיר שלום</Name><Mobile>0583217186</Mobile><Office>0556730516</Office></DirectoryEntry><DirectoryEntry><Name>ציטרנבוים משה שרגא</Name><Mobile>0533177066</Mobile><Office>035702094</Office></DirectoryEntry><DirectoryEntry><Name>ציטרנבוים פינחס מנחם</Name><Mobile>0533137450</Mobile><Office>0533170811</Office></DirectoryEntry><DirectoryEntry><Name>ציטרנבוים פינחס מנחם</Name><Mobile>0533144680</Mobile></DirectoryEntry><DirectoryEntry><Name>ציטרנבוים שמואל ברוך</Name><Mobile>0548526387</Mobile><Office>088656705</Office></DirectoryEntry><DirectoryEntry><Name>ציטרנבוים שמואל ברוך</Name><Mobile>0504111304</Mobile><Office>036189267</Office></DirectoryEntry><DirectoryEntry><Name>ציטרנבוים שמחה בונם</Name><Office>0527184181</Office></DirectoryEntry><DirectoryEntry><Name>ציטרנבוים שמחה בונם</Name><Office>088028822</Office></DirectoryEntry><DirectoryEntry><Name>ציטרנבוים שמעון בן ציון</Name><Office>0527184790</Office></DirectoryEntry><DirectoryEntry><Name>ציינוירט אברהם אביש</Name><Mobile>0527630021</Mobile><Office>088656214</Office></DirectoryEntry><DirectoryEntry><Name>ציינוירט יצחק שמחה</Name><Office>036163541</Office></DirectoryEntry><DirectoryEntry><Name>ציינוירט מאיר</Name><Mobile>0527694126</Mobile><Office>088531620</Office></DirectoryEntry><DirectoryEntry><Name>ציינוירט משה יהודה לייב</Name><Mobile>0527677174</Mobile></DirectoryEntry><DirectoryEntry><Name>ציינוירט פינחס מנחם</Name><Office>0533190800</Office></DirectoryEntry><DirectoryEntry><Name>צימט אברהם דב</Name><Mobile>0533122155</Mobile><Office>048624694</Office></DirectoryEntry><DirectoryEntry><Name>צימט יוסף</Name><Office>0533177790</Office></DirectoryEntry><DirectoryEntry><Name>צימט יצחק אייזיק</Name><Mobile>0533165108</Mobile></DirectoryEntry><DirectoryEntry><Name>צימט ישראל</Name><Office>035783769</Office></DirectoryEntry><DirectoryEntry><Name>צימט מרדכי</Name><Office>088666992</Office></DirectoryEntry><DirectoryEntry><Name>צימט שמחה בונם</Name><Office>0533164060</Office></DirectoryEntry><DirectoryEntry><Name>צימרמן nan</Name><Office>036192461</Office></DirectoryEntry><DirectoryEntry><Name>צימרמן אברהם</Name><Mobile>0548449449</Mobile><Office>035708083</Office></DirectoryEntry><DirectoryEntry><Name>צימרמן אהרן</Name><Mobile>0527656905</Mobile><Office>036161105</Office></DirectoryEntry><DirectoryEntry><Name>צימרמן אריה דוד</Name><Mobile>0504115514</Mobile><Office>035704797</Office></DirectoryEntry><DirectoryEntry><Name>צימרמן ברוך משה</Name><Mobile>0548448830</Mobile><Office>025327562</Office></DirectoryEntry><DirectoryEntry><Name>צימרמן חיים ישראל</Name><Mobile>0527618613</Mobile><Office>088678613</Office></DirectoryEntry><DirectoryEntry><Name>צימרמן יהודה אריה</Name><Mobile>0527647011</Mobile><Office>038070777</Office></DirectoryEntry><DirectoryEntry><Name>צימרמן יהודה אריה לייב</Name><Office>0527641120</Office></DirectoryEntry><DirectoryEntry><Name>צימרמן יונתן שלמה</Name><Office>0548468463</Office></DirectoryEntry><DirectoryEntry><Name>צימרמן יוסף</Name><Office>036193910</Office></DirectoryEntry><DirectoryEntry><Name>צימרמן יוסף לייב</Name><Office>036203622</Office></DirectoryEntry><DirectoryEntry><Name>צימרמן יעקב חנוך</Name><Office>035795142</Office></DirectoryEntry><DirectoryEntry><Name>צימרמן ישראל</Name><Office>036164538</Office></DirectoryEntry><DirectoryEntry><Name>צימרמן ישראל נחום</Name><Mobile>0527176788</Mobile><Office>025829098</Office></DirectoryEntry><DirectoryEntry><Name>צימרמן מרדכי דוד</Name><Mobile>0533179197</Mobile><Office>036190635</Office></DirectoryEntry><DirectoryEntry><Name>צימרמן פינחס</Name><Office>035787640</Office></DirectoryEntry><DirectoryEntry><Name>צימרמן פנחס מנחם</Name><Office>0533173043</Office></DirectoryEntry><DirectoryEntry><Name>צישינסקי אברהם יצחק</Name><Mobile>0533157860</Mobile><Office>035786085</Office></DirectoryEntry><DirectoryEntry><Name>צישינסקי אברהם מנחם</Name><Mobile>0527685203</Mobile><Office>035748092</Office></DirectoryEntry><DirectoryEntry><Name>צישינסקי אברהם מרדכי</Name><Mobile>0527647433</Mobile><Office>088554881</Office></DirectoryEntry><DirectoryEntry><Name>צישינסקי אברהם מרדכי</Name><Mobile>0533180279</Mobile><Office>088648725</Office></DirectoryEntry><DirectoryEntry><Name>צישינסקי אברהם מרדכי</Name><Mobile>0504154453</Mobile></DirectoryEntry><DirectoryEntry><Name>צישינסקי אברהם מרדכי</Name><Mobile>0548472004</Mobile></DirectoryEntry><DirectoryEntry><Name>צישינסקי אברהם שמחה</Name><Mobile>0504120450</Mobile><Office>088035031</Office></DirectoryEntry><DirectoryEntry><Name>צישינסקי אהרן דוד</Name><Mobile>0533106066</Mobile><Office>025389990</Office></DirectoryEntry><DirectoryEntry><Name>צישינסקי אהרן יעקב מרדכי</Name><Office>088043030</Office></DirectoryEntry><DirectoryEntry><Name>צישינסקי אליהו</Name><Mobile>0527143308</Mobile><Office>025023308</Office></DirectoryEntry><DirectoryEntry><Name>צישינסקי אריה לייב</Name><Mobile>0504148202</Mobile><Office>088554151</Office></DirectoryEntry><DirectoryEntry><Name>צישינסקי אריה לייב</Name><Office>0548417715</Office></DirectoryEntry><DirectoryEntry><Name>צישינסקי אשר יהושע</Name><Mobile>0527175291</Mobile><Office>0548450763</Office></DirectoryEntry><DirectoryEntry><Name>צישינסקי בונם</Name><Office>0533170516</Office></DirectoryEntry><DirectoryEntry><Name>צישינסקי ברוך יצחק</Name><Mobile>0533114222</Mobile><Office>036194038</Office></DirectoryEntry><DirectoryEntry><Name>צישינסקי חיים מאיר</Name><Mobile>0533101720</Mobile></DirectoryEntry><DirectoryEntry><Name>צישינסקי יהודה מאיר</Name><Office>097921002</Office></DirectoryEntry><DirectoryEntry><Name>צישינסקי יהושע יואל</Name><Mobile>0556772022</Mobile></DirectoryEntry><DirectoryEntry><Name>צישינסקי יוסף</Name><Mobile>0548442600</Mobile><Office>025865010</Office></DirectoryEntry><DirectoryEntry><Name>צישינסקי יוסף</Name><Mobile>0527148493</Mobile><Office>025400493</Office></DirectoryEntry><DirectoryEntry><Name>צישינסקי יוסף חיים</Name><Mobile>0533185508</Mobile><Office>0533135019</Office></DirectoryEntry><DirectoryEntry><Name>צישינסקי יוסף יצחק</Name><Mobile>0527622032</Mobile><Office>088647932</Office></DirectoryEntry><DirectoryEntry><Name>צישינסקי יחיאל זאב</Name><Mobile>0527135388</Mobile><Office>086815985</Office></DirectoryEntry><DirectoryEntry><Name>צישינסקי יעקב דב</Name><Mobile>0533164284</Mobile><Office>088664284</Office></DirectoryEntry><DirectoryEntry><Name>צישינסקי יעקב יואל</Name><Mobile>0527176422</Mobile><Office>088020118</Office></DirectoryEntry><DirectoryEntry><Name>צישינסקי יעקב יואל</Name><Mobile>0548499883</Mobile><Office>028000150</Office></DirectoryEntry><DirectoryEntry><Name>צישינסקי יעקב יואל</Name><Office>0533185622</Office></DirectoryEntry><DirectoryEntry><Name>צישינסקי יעקב יואל</Name><Office>038060046</Office></DirectoryEntry><DirectoryEntry><Name>צישינסקי יצחק</Name><Mobile>0548430450</Mobile><Office>036167501</Office></DirectoryEntry><DirectoryEntry><Name>צישינסקי יצחק ישראל</Name><Mobile>0527667879</Mobile><Office>089952150</Office></DirectoryEntry><DirectoryEntry><Name>צישינסקי יצחק מאיר</Name><Mobile>0533125037</Mobile><Office>088647871</Office></DirectoryEntry><DirectoryEntry><Name>צישינסקי ישראל</Name><Mobile>0527687063</Mobile><Office>025670106</Office></DirectoryEntry><DirectoryEntry><Name>צישינסקי ישראל</Name><Mobile>0533120520</Mobile><Office>029920510</Office></DirectoryEntry><DirectoryEntry><Name>צישינסקי ישראל</Name><Mobile>0533169939</Mobile><Office>035780189</Office></DirectoryEntry><DirectoryEntry><Name>צישינסקי ישראל</Name><Mobile>0542498588</Mobile><Office>036162805</Office></DirectoryEntry><DirectoryEntry><Name>צישינסקי ישראל</Name><Mobile>0533156156</Mobile></DirectoryEntry><DirectoryEntry><Name>צישינסקי ישראל</Name><Mobile>0556775188</Mobile></DirectoryEntry><DirectoryEntry><Name>צישינסקי ישראל גדליה</Name><Mobile>0533194704</Mobile><Office>029994704</Office></DirectoryEntry><DirectoryEntry><Name>צישינסקי ישראל מאיר</Name><Mobile>0533186424</Mobile><Office>048021000</Office></DirectoryEntry><DirectoryEntry><Name>צישינסקי ישראל מרדכי</Name><Mobile>0504174241</Mobile><Office>088033092</Office></DirectoryEntry><DirectoryEntry><Name>צישינסקי מאיר</Name><Office>0583205734</Office></DirectoryEntry><DirectoryEntry><Name>צישינסקי מאיר בונם</Name><Mobile>0534171819</Mobile><Office>0548598882</Office></DirectoryEntry><DirectoryEntry><Name>צישינסקי מינה</Name><Office>025377216</Office></DirectoryEntry><DirectoryEntry><Name>צישינסקי מרדכי בנימין</Name><Mobile>0527665083</Mobile><Office>029920358</Office></DirectoryEntry><DirectoryEntry><Name>צישינסקי משה</Name><Office>036184706</Office></DirectoryEntry><DirectoryEntry><Name>צישינסקי משה</Name><Mobile>0504183746</Mobile></DirectoryEntry><DirectoryEntry><Name>צישינסקי משה</Name><Office>0527168739</Office></DirectoryEntry><DirectoryEntry><Name>צישינסקי משה אברהם</Name><Mobile>0533103133</Mobile><Office>036196016</Office></DirectoryEntry><DirectoryEntry><Name>צישינסקי משה חיים</Name><Office>048001121</Office></DirectoryEntry><DirectoryEntry><Name>צישינסקי משה מרדכי</Name><Office>029997181</Office></DirectoryEntry><DirectoryEntry><Name>צישינסקי נתן</Name><Mobile>0533102444</Mobile><Office>038000042</Office></DirectoryEntry><DirectoryEntry><Name>צישינסקי פינחס מנחם</Name><Mobile>0527643757</Mobile><Office>0583232291</Office></DirectoryEntry><DirectoryEntry><Name>צישינסקי פנחס מנחם</Name><Office>0556752695</Office></DirectoryEntry><DirectoryEntry><Name>צישינסקי פנחס מנחם</Name><Office>0556788174</Office></DirectoryEntry><DirectoryEntry><Name>צישינסקי פנחס מנחם</Name><Mobile>0527643900</Mobile><Office>0533151004</Office></DirectoryEntry><DirectoryEntry><Name>צישינסקי פנחס מנחם</Name><Mobile>0533104688</Mobile><Office>0556788463</Office></DirectoryEntry><DirectoryEntry><Name>צישינסקי ראובן מנדל</Name><Mobile>0533134213</Mobile></DirectoryEntry><DirectoryEntry><Name>צישינסקי שלמה</Name><Mobile>0548543273</Mobile><Office>0556752541</Office></DirectoryEntry><DirectoryEntry><Name>צישינסקי שלמה</Name><Mobile>0533123030</Mobile><Office>048021003</Office></DirectoryEntry><DirectoryEntry><Name>צישינסקי שלמה</Name><Office>088001076</Office></DirectoryEntry><DirectoryEntry><Name>צישינסקי שמחה</Name><Mobile>0533161617</Mobile><Office>088657643</Office></DirectoryEntry><DirectoryEntry><Name>צישינסקי שמחה</Name><Mobile>0527613166</Mobile><Office>088660316</Office></DirectoryEntry><DirectoryEntry><Name>צישינסקי שמחה</Name><Office>036192860</Office></DirectoryEntry><DirectoryEntry><Name>צישינסקי שמחה אריה לייב</Name><Mobile>0533133193</Mobile><Office>088667399</Office></DirectoryEntry><DirectoryEntry><Name>צישינסקי שמחה בונם</Name><Mobile>0527163709</Mobile><Office>088562755</Office></DirectoryEntry><DirectoryEntry><Name>צישינסקי שמחה בונם</Name><Office>025877886</Office></DirectoryEntry><DirectoryEntry><Name>צישינסקי שמחה בונם</Name><Mobile>0504184458</Mobile></DirectoryEntry><DirectoryEntry><Name>צישינסקי שמחה בונם</Name><Office>0548526363</Office></DirectoryEntry><DirectoryEntry><Name>צישינסקי שמחה בונם</Name><Office>0534166225</Office></DirectoryEntry><DirectoryEntry><Name>צישינסקי שמחה בונם</Name><Mobile>0548461358</Mobile></DirectoryEntry><DirectoryEntry><Name>צישינסקי שמחה בונם</Name><Office>0527688939</Office></DirectoryEntry><DirectoryEntry><Name>צישינסקי שמחה בונם</Name><Office>038050060</Office></DirectoryEntry><DirectoryEntry><Name>צישינסקי שמחה בונם</Name><Mobile>0533147499</Mobile><Office>036189924</Office></DirectoryEntry><DirectoryEntry><Name>צישינסקי שמעון שמשון</Name><Office>088020166</Office></DirectoryEntry><DirectoryEntry><Name>צלניקר אלעד</Name><Mobile>0548425313</Mobile><Office>039093303</Office></DirectoryEntry><DirectoryEntry><Name>צלניקר אריאל</Name><Mobile>0548446508</Mobile><Office>088650892</Office></DirectoryEntry><DirectoryEntry><Name>צלניקר חיים יהודה</Name><Office>0527671694</Office></DirectoryEntry><DirectoryEntry><Name>צלניקר יואב חיים</Name><Mobile>0527610517</Mobile><Office>035705764</Office></DirectoryEntry><DirectoryEntry><Name>צלניקר יוסף</Name><Mobile>0533170010</Mobile><Office>0774909192</Office></DirectoryEntry><DirectoryEntry><Name>צלניקר יוסף</Name><Office>028001006</Office></DirectoryEntry><DirectoryEntry><Name>צלניקר יעקב צבי</Name><Mobile>0533164871</Mobile><Office>0556738767</Office></DirectoryEntry><DirectoryEntry><Name>צלניקר יעקב צבי</Name><Office>0534144963</Office></DirectoryEntry><DirectoryEntry><Name>צלניקר ישראל</Name><Office>0527628119</Office></DirectoryEntry><DirectoryEntry><Name>צלניקר עדינה</Name><Office>035702949</Office></DirectoryEntry><DirectoryEntry><Name>צלניקר עמיהוד</Name><Mobile>0583291747</Mobile><Office>088544275</Office></DirectoryEntry></YealinkIPPhoneDirectory>