<?xml version='1.0' encoding='utf-8'?>
<YealinkIPPhoneDirectory><Title>ספר טלפונים – ו</Title><DirectoryEntry><Name>ואזנר בן ציון</Name><Mobile>8454263955</Mobile><Office>8454254946</Office></DirectoryEntry><DirectoryEntry><Name>ובר דוד שלמה</Name><Office>036185827</Office></DirectoryEntry><DirectoryEntry><Name>וגשל אברהם מרדכי</Name><Mobile>0533116660</Mobile><Office>088531661</Office></DirectoryEntry><DirectoryEntry><Name>וגשל חיים דב</Name><Office>088000567</Office></DirectoryEntry><DirectoryEntry><Name>וגשל יעקב ישעיה</Name><Office>025378944</Office></DirectoryEntry><DirectoryEntry><Name>וגשל יצחק מאיר בונם</Name><Office>088001388</Office></DirectoryEntry><DirectoryEntry><Name>וגשל מנחם מנדל</Name><Mobile>0504144889</Mobile><Office>088649823</Office></DirectoryEntry><DirectoryEntry><Name>וגשל משה</Name><Office>0527674608</Office></DirectoryEntry><DirectoryEntry><Name>וגשל שמחה בונם</Name><Mobile>0548529886</Mobile><Office>035282522</Office></DirectoryEntry><DirectoryEntry><Name>וואלך אברהם יוסף מאיר</Name><Office>038051110</Office></DirectoryEntry><DirectoryEntry><Name>וואלך אברהם יצחק</Name><Mobile>0527657051</Mobile><Office>0777657001</Office></DirectoryEntry><DirectoryEntry><Name>וואלך אהרן יעקב</Name><Office>035258990</Office></DirectoryEntry><DirectoryEntry><Name>וואלך אהרן יעקב מרדכי</Name><Office>0527171824</Office></DirectoryEntry><DirectoryEntry><Name>וואלך אהרן יעקב מרדכי</Name><Office>028000069</Office></DirectoryEntry><DirectoryEntry><Name>וואלך אהרן יעקב מרדכי</Name><Mobile>0556729403</Mobile><Office>028079343</Office></DirectoryEntry><DirectoryEntry><Name>וואלך אלימלך</Name><Mobile>0548460213</Mobile><Office>088042008</Office></DirectoryEntry><DirectoryEntry><Name>וואלך אסתר</Name><Office>025824911</Office></DirectoryEntry><DirectoryEntry><Name>וואלך אפרים פישל</Name><Mobile>0527125650</Mobile><Office>025378287</Office></DirectoryEntry><DirectoryEntry><Name>וואלך דוד</Name><Mobile>0583222661</Mobile><Office>089972661</Office></DirectoryEntry><DirectoryEntry><Name>וואלך חיים דוד</Name><Mobile>0533144650</Mobile><Office>088644650</Office></DirectoryEntry><DirectoryEntry><Name>וואלך יהודה אריה לייב</Name><Mobile>0527661209</Mobile><Office>048001016</Office></DirectoryEntry><DirectoryEntry><Name>וואלך יעקב</Name><Office>088001520</Office></DirectoryEntry><DirectoryEntry><Name>וואלך יצחק</Name><Office>0527118578</Office></DirectoryEntry><DirectoryEntry><Name>וואלך ישראל</Name><Mobile>0548478119</Mobile><Office>088651700</Office></DirectoryEntry><DirectoryEntry><Name>וואלך ישראל מאיר</Name><Office>0527616869</Office></DirectoryEntry><DirectoryEntry><Name>וואלך ישראל מאיר</Name><Mobile>0548426087</Mobile><Office>089956770</Office></DirectoryEntry><DirectoryEntry><Name>וואלך פינחס מנחם</Name><Mobile>0533173012</Mobile><Office>0556773012</Office></DirectoryEntry><DirectoryEntry><Name>וואלך פנחס יצחק</Name><Mobile>0527616213</Mobile><Office>025002463</Office></DirectoryEntry><DirectoryEntry><Name>וואלך פנחס מנחם</Name><Office>0583267139</Office></DirectoryEntry><DirectoryEntry><Name>וואלך פנחס מנחם</Name><Office>0583213101</Office></DirectoryEntry><DirectoryEntry><Name>וואלך שאול דב</Name><Mobile>0527603713</Mobile><Office>088558966</Office></DirectoryEntry><DirectoryEntry><Name>וואלך שלמה טודרוס</Name><Mobile>0527165313</Mobile><Office>088562746</Office></DirectoryEntry><DirectoryEntry><Name>וואלך שלמה טודרוס</Name><Office>088033073</Office></DirectoryEntry><DirectoryEntry><Name>וואלך שמחה בונם</Name><Office>025825123</Office></DirectoryEntry><DirectoryEntry><Name>וואלך שמחה בונם</Name><Mobile>0583252278</Mobile><Office>028077885</Office></DirectoryEntry><DirectoryEntry><Name>וואלך שמחה בונם</Name><Mobile>0527681179</Mobile><Office>088001048</Office></DirectoryEntry><DirectoryEntry><Name>וואלך שמחה בונם ראובן</Name><Mobile>0504137101</Mobile><Office>025327101</Office></DirectoryEntry><DirectoryEntry><Name>וואלער nan</Name><Office>026280791</Office></DirectoryEntry><DirectoryEntry><Name>וואלקין דוד צבי</Name><Office>0548402773</Office></DirectoryEntry><DirectoryEntry><Name>וובר אברהם ישעיהו</Name><Office>025375613</Office></DirectoryEntry><DirectoryEntry><Name>וובר מרדכי</Name><Mobile>0533133202</Mobile><Office>029990317</Office></DirectoryEntry><DirectoryEntry><Name>ווגמן אברהם</Name><Office>088020115</Office></DirectoryEntry><DirectoryEntry><Name>ווגמן יחזקאל</Name><Office>088658486</Office></DirectoryEntry><DirectoryEntry><Name>ווגמן ישראל</Name><Office>036198078</Office></DirectoryEntry><DirectoryEntry><Name>ווגמן שמואל פישל</Name><Mobile>0527155605</Mobile><Office>036192399</Office></DirectoryEntry><DirectoryEntry><Name>ווגמן שמחה בונם</Name><Mobile>0533146767</Mobile><Office>029999967</Office></DirectoryEntry><DirectoryEntry><Name>וויד אשר</Name><Mobile>0524421683</Mobile><Office>025323004</Office></DirectoryEntry><DirectoryEntry><Name>וויינטראוב יעקב</Name><Office>089454291</Office></DirectoryEntry><DirectoryEntry><Name>ווייס שלמה זלמן</Name><Mobile>0527682220</Mobile><Office>025669862</Office></DirectoryEntry><DirectoryEntry><Name>וולף אברהם חיים</Name><Mobile>0527619220</Mobile><Office>025868117</Office></DirectoryEntry><DirectoryEntry><Name>וולף אורי</Name><Mobile>0527171119</Mobile><Office>0775340110</Office></DirectoryEntry><DirectoryEntry><Name>וולף חיים יעקב</Name><Mobile>0527657798</Mobile><Office>035709104</Office></DirectoryEntry><DirectoryEntry><Name>וולף יהודה אריה</Name><Office>0533184401</Office></DirectoryEntry><DirectoryEntry><Name>וולף יוסף מנחם מנדל</Name><Mobile>0527171797</Mobile><Office>025638718</Office></DirectoryEntry><DirectoryEntry><Name>וולף יוסף שמחה בונם</Name><Office>0583213434</Office></DirectoryEntry><DirectoryEntry><Name>וולף יעקב יואל</Name><Mobile>0533173109</Mobile><Office>088642821</Office></DirectoryEntry><DirectoryEntry><Name>וולף יעקב יואל</Name><Office>0583216638</Office></DirectoryEntry><DirectoryEntry><Name>וולף ישראל חיים</Name><Mobile>0548578488</Mobile></DirectoryEntry><DirectoryEntry><Name>וולף מילכה</Name><Mobile>0548463950</Mobile></DirectoryEntry><DirectoryEntry><Name>וולף מלכה</Name><Office>036184863</Office></DirectoryEntry><DirectoryEntry><Name>וולף מרדכי</Name><Mobile>0548401690</Mobile></DirectoryEntry><DirectoryEntry><Name>וולף משה אלעזר</Name><Mobile>0527614844</Mobile></DirectoryEntry><DirectoryEntry><Name>וולף פינחס</Name><Mobile>0534100217</Mobile><Office>0534100214</Office></DirectoryEntry><DirectoryEntry><Name>וולף פנחס מנחם</Name><Mobile>0583278405</Mobile><Office>0583278404</Office></DirectoryEntry><DirectoryEntry><Name>וולף שלום צבי</Name><Mobile>0527604738</Mobile></DirectoryEntry><DirectoryEntry><Name>וולף שמעון יחזקאל</Name><Mobile>0533148677</Mobile><Office>0737420720</Office></DirectoryEntry><DirectoryEntry><Name>וולפין יונתן</Name><Mobile>0533112877</Mobile><Office>025021560</Office></DirectoryEntry><DirectoryEntry><Name>וולפין ירחמיאל</Name><Office>0737241275</Office></DirectoryEntry><DirectoryEntry><Name>וולפין שלום צבי</Name><Office>088000154</Office></DirectoryEntry><DirectoryEntry><Name>וולפין שמחה בונם</Name><Office>0737241757</Office></DirectoryEntry><DirectoryEntry><Name>וולקוביץ אברהם יצחק</Name><Mobile>0533148149</Mobile><Office>046935508</Office></DirectoryEntry><DirectoryEntry><Name>וולקוביץ אריה מאיר</Name><Mobile>0533192974</Mobile><Office>088640298</Office></DirectoryEntry><DirectoryEntry><Name>וולקוביץ יעקב מנחם</Name><Mobile>0527672616</Mobile><Office>0772400030</Office></DirectoryEntry><DirectoryEntry><Name>וולקוביץ ישראל</Name><Mobile>0548459985</Mobile><Office>088661862</Office></DirectoryEntry><DirectoryEntry><Name>וולקוביץ מרדכי חיים</Name><Mobile>0533116060</Mobile><Office>089953594</Office></DirectoryEntry><DirectoryEntry><Name>וולקוביץ מרדכי יהודה</Name><Office>035705413</Office></DirectoryEntry><DirectoryEntry><Name>וולקוביץ מרדכי יוסף</Name><Mobile>0533146753</Mobile><Office>088646753</Office></DirectoryEntry><DirectoryEntry><Name>וולקוביץ משה</Name><Mobile>0534166808</Mobile><Office>0556729187</Office></DirectoryEntry><DirectoryEntry><Name>וולקוביץ משה דוד</Name><Office>0534111921</Office></DirectoryEntry><DirectoryEntry><Name>וולקוביץ משה צבי</Name><Mobile>0533149196</Mobile><Office>0533149193</Office></DirectoryEntry><DirectoryEntry><Name>וולקוביץ פנחס מנחם</Name><Mobile>0534111057</Mobile></DirectoryEntry><DirectoryEntry><Name>וולקוביץ פנחס מנחם</Name><Office>0533154154</Office></DirectoryEntry><DirectoryEntry><Name>וולקוביץ פרל ריזל</Name><Mobile>0527622174</Mobile><Office>048644552</Office></DirectoryEntry><DirectoryEntry><Name>וולקוביץ שאול יהושע השיל</Name><Mobile>0527639999</Mobile><Office>0779256257</Office></DirectoryEntry><DirectoryEntry><Name>וולקוביץ שמחה בונם</Name><Mobile>0527685502</Mobile><Office>038060013</Office></DirectoryEntry><DirectoryEntry><Name>וולקוביץ שרגא פייבל</Name><Mobile>0527178654</Mobile><Office>086497762</Office></DirectoryEntry><DirectoryEntry><Name>וועג אהרן</Name><Office>036766172</Office></DirectoryEntry><DirectoryEntry><Name>וורהפטיג יהודית</Name><Mobile>0504141958</Mobile><Office>088663269</Office></DirectoryEntry><DirectoryEntry><Name>וורהפטיג פנחס מנחם</Name><Office>025099628</Office></DirectoryEntry><DirectoryEntry><Name>וורהפטיג שמחה בונם</Name><Office>025818355</Office></DirectoryEntry><DirectoryEntry><Name>וורהפטיג שמשון רפאל</Name><Office>088550093</Office></DirectoryEntry><DirectoryEntry><Name>וורצרינסקי אברהם נתן</Name><Office>035793392</Office></DirectoryEntry><DirectoryEntry><Name>ויגדרוביץ אברהם מרדכי</Name><Mobile>0544403790</Mobile><Office>025389445</Office></DirectoryEntry><DirectoryEntry><Name>ויגדרוביץ אלעזר</Name><Mobile>0527128524</Mobile><Office>0777551485</Office></DirectoryEntry><DirectoryEntry><Name>ויגדרוביץ חנוך</Name><Mobile>0527624262</Mobile><Office>029919381</Office></DirectoryEntry><DirectoryEntry><Name>ויגדרוביץ ישראל</Name><Mobile>0527149848</Mobile></DirectoryEntry><DirectoryEntry><Name>ויגדרוביץ פנחס מנחם</Name><Mobile>0548561990</Mobile></DirectoryEntry><DirectoryEntry><Name>וידבסקי אביגדור זאב</Name><Mobile>0527172132</Mobile></DirectoryEntry><DirectoryEntry><Name>וידבסקי אהרן אליעזר ליפא</Name><Office>036189283</Office></DirectoryEntry><DirectoryEntry><Name>וידבסקי יהושע זאב</Name><Office>035790483</Office></DirectoryEntry><DirectoryEntry><Name>וידבסקי ישראל</Name><Mobile>0504199253</Mobile><Office>029925317</Office></DirectoryEntry><DirectoryEntry><Name>וידבסקי ישראל יהודה אריה ליי</Name><Mobile>0527148050</Mobile><Office>035705711</Office></DirectoryEntry><DirectoryEntry><Name>וידבסקי רחל</Name><Mobile>0533124443</Mobile><Office>036022404</Office></DirectoryEntry><DirectoryEntry><Name>וידבסקי שמחה בונם</Name><Mobile>0548408147</Mobile></DirectoryEntry><DirectoryEntry><Name>וידבסקי שרה מלכה</Name><Mobile>0533120544</Mobile><Office>035702080</Office></DirectoryEntry><DirectoryEntry><Name>וידיסלבסקי אברהם</Name><Mobile>0527617141</Mobile><Office>035706762</Office></DirectoryEntry><DirectoryEntry><Name>וידיסלבסקי אברהם מרדכי</Name><Office>088001164</Office></DirectoryEntry><DirectoryEntry><Name>וידיסלבסקי אברהם מרדכי</Name><Office>035740667</Office></DirectoryEntry><DirectoryEntry><Name>וידיסלבסקי אליעזר נח</Name><Mobile>0583264802</Mobile><Office>036480331</Office></DirectoryEntry><DirectoryEntry><Name>וידיסלבסקי אריה לייב</Name><Office>089561653</Office></DirectoryEntry><DirectoryEntry><Name>וידיסלבסקי אריה לייב</Name><Office>088001179</Office></DirectoryEntry><DirectoryEntry><Name>וידיסלבסקי ברוך</Name><Mobile>0504103663</Mobile><Office>088647626</Office></DirectoryEntry><DirectoryEntry><Name>וידיסלבסקי ברוך</Name><Mobile>0527610429</Mobile><Office>026514990</Office></DirectoryEntry><DirectoryEntry><Name>וידיסלבסקי גבריאל</Name><Mobile>0527661400</Mobile><Office>036473779</Office></DirectoryEntry><DirectoryEntry><Name>וידיסלבסקי דוד</Name><Mobile>0533124684</Mobile><Office>035792582</Office></DirectoryEntry><DirectoryEntry><Name>וידיסלבסקי זאב יהודה</Name><Mobile>0527147622</Mobile><Office>5703928</Office></DirectoryEntry><DirectoryEntry><Name>וידיסלבסקי חוה רבקה</Name><Mobile>0527669560</Mobile><Office>089562573</Office></DirectoryEntry><DirectoryEntry><Name>וידיסלבסקי חיים בנימין</Name><Mobile>0527671000</Mobile><Office>036789080</Office></DirectoryEntry><DirectoryEntry><Name>וידיסלבסקי חיים דוד</Name><Mobile>0527134882</Mobile><Office>025401908</Office></DirectoryEntry><DirectoryEntry><Name>וידיסלבסקי חנוך</Name><Office>088664425</Office></DirectoryEntry><DirectoryEntry><Name>וידיסלבסקי חנוך</Name><Mobile>0504122484</Mobile><Office>035700410</Office></DirectoryEntry><DirectoryEntry><Name>וידיסלבסקי חנוך העניך</Name><Mobile>0527622700</Mobile><Office>088542051</Office></DirectoryEntry><DirectoryEntry><Name>וידיסלבסקי חנוך העניך</Name><Office>036192039</Office></DirectoryEntry><DirectoryEntry><Name>וידיסלבסקי יהודה אריה לייב</Name><Mobile>0534156482</Mobile><Office>0533117647</Office></DirectoryEntry><DirectoryEntry><Name>וידיסלבסקי יהודה לייביש</Name><Mobile>0527145746</Mobile><Office>035781667</Office></DirectoryEntry><DirectoryEntry><Name>וידיסלבסקי יהושע יחזקאל</Name><Mobile>0527652544</Mobile><Office>088020095</Office></DirectoryEntry><DirectoryEntry><Name>וידיסלבסקי יוסף</Name><Mobile>0527696533</Mobile><Office>029910564</Office></DirectoryEntry><DirectoryEntry><Name>וידיסלבסקי יחיאל חיים</Name><Mobile>0533130215</Mobile><Office>086726772</Office></DirectoryEntry><DirectoryEntry><Name>וידיסלבסקי יעקב</Name><Mobile>0534184901</Mobile><Office>0548461988</Office></DirectoryEntry><DirectoryEntry><Name>וידיסלבסקי יעקב משה</Name><Mobile>0548453580</Mobile><Office>036195625</Office></DirectoryEntry><DirectoryEntry><Name>וידיסלבסקי יצחק</Name><Mobile>0527125123</Mobile><Office>039094890</Office></DirectoryEntry><DirectoryEntry><Name>וידיסלבסקי יצחק מאיר</Name><Mobile>0504191002</Mobile><Office>036191002</Office></DirectoryEntry><DirectoryEntry><Name>וידיסלבסקי ישראל</Name><Office>0527662140</Office></DirectoryEntry><DirectoryEntry><Name>וידיסלבסקי ישראל</Name><Mobile>0533163464</Mobile><Office>088043069</Office></DirectoryEntry><DirectoryEntry><Name>וידיסלבסקי ישראל</Name><Office>088668324</Office></DirectoryEntry><DirectoryEntry><Name>וידיסלבסקי ישראל</Name><Mobile>0527618568</Mobile><Office>0772185645</Office></DirectoryEntry><DirectoryEntry><Name>וידיסלבסקי ישראל</Name><Mobile>0527683465</Mobile><Office>036182202</Office></DirectoryEntry><DirectoryEntry><Name>וידיסלבסקי ישראל</Name><Mobile>0533124692</Mobile><Office>035794158</Office></DirectoryEntry><DirectoryEntry><Name>וידיסלבסקי ישראל מרדכי</Name><Mobile>0527116200</Mobile><Office>0527605060</Office></DirectoryEntry><DirectoryEntry><Name>וידיסלבסקי ישראל מרדכי</Name><Mobile>0533147028</Mobile><Office>036188877</Office></DirectoryEntry><DirectoryEntry><Name>וידיסלבסקי ישראל מרדכי</Name><Mobile>0548414425</Mobile><Office>088001333</Office></DirectoryEntry><DirectoryEntry><Name>וידיסלבסקי מאיר</Name><Mobile>0533155547</Mobile><Office>086488819</Office></DirectoryEntry><DirectoryEntry><Name>וידיסלבסקי מאיר</Name><Mobile>0548474688</Mobile><Office>039328731</Office></DirectoryEntry><DirectoryEntry><Name>וידיסלבסקי מנחם זאב</Name><Mobile>0556730228</Mobile><Office>0556769413</Office></DirectoryEntry><DirectoryEntry><Name>וידיסלבסקי מנחם מאיר</Name><Mobile>0533119120</Mobile><Office>035287378</Office></DirectoryEntry><DirectoryEntry><Name>וידיסלבסקי מנחם מנדל</Name><Mobile>0548453300</Mobile><Office>035791063</Office></DirectoryEntry><DirectoryEntry><Name>וידיסלבסקי מרדכי דוד</Name><Mobile>0527146614</Mobile><Office>025730570</Office></DirectoryEntry><DirectoryEntry><Name>וידיסלבסקי משה חנוך</Name><Mobile>0504172561</Mobile><Office>089955661</Office></DirectoryEntry><DirectoryEntry><Name>וידיסלבסקי משה יונה</Name><Mobile>0527600645</Mobile><Office>088679836</Office></DirectoryEntry><DirectoryEntry><Name>וידיסלבסקי משה שלמה</Name><Office>0548593572</Office></DirectoryEntry><DirectoryEntry><Name>וידיסלבסקי נחמן יוסף</Name><Mobile>0527622060</Mobile><Office>025387464</Office></DirectoryEntry><DirectoryEntry><Name>וידיסלבסקי פנחס מנחם</Name><Office>0556790575</Office></DirectoryEntry><DirectoryEntry><Name>וידיסלבסקי פנחס מנחם</Name><Office>0556725017</Office></DirectoryEntry><DirectoryEntry><Name>וידיסלבסקי צבי אלימלך</Name><Mobile>0533124682</Mobile></DirectoryEntry><DirectoryEntry><Name>וידיסלבסקי צבי אשר</Name><Mobile>0504147111</Mobile><Office>088043029</Office></DirectoryEntry><DirectoryEntry><Name>וידיסלבסקי ראובן</Name><Mobile>0556739966</Mobile></DirectoryEntry><DirectoryEntry><Name>וידיסלבסקי ראובן</Name><Mobile>0527176620</Mobile><Office>0533188355</Office></DirectoryEntry><DirectoryEntry><Name>וידיסלבסקי שלמה</Name><Mobile>0504172020</Mobile><Office>048667782</Office></DirectoryEntry><DirectoryEntry><Name>וידיסלבסקי שלמה מנחם</Name><Mobile>0527670202</Mobile><Office>035663110</Office></DirectoryEntry><DirectoryEntry><Name>וידיסלבסקי שמחה בונם</Name><Office>088003303</Office></DirectoryEntry><DirectoryEntry><Name>וידיסלבסקי שמחה בונם</Name><Office>0548487080</Office></DirectoryEntry><DirectoryEntry><Name>וידיסלבסקי שמחה בונם</Name><Mobile>0534107120</Mobile><Office>088007120</Office></DirectoryEntry><DirectoryEntry><Name>וידיסלבסקי שמשון</Name><Mobile>0533184795</Mobile><Office>036184795</Office></DirectoryEntry><DirectoryEntry><Name>וידנבוים יוסף יצחק</Name><Mobile>0548448798</Mobile><Office>035706804</Office></DirectoryEntry><DirectoryEntry><Name>וידנבוים ישראל זאב</Name><Mobile>0548449171</Mobile><Office>088642548</Office></DirectoryEntry><DirectoryEntry><Name>וידנבוים שלמה חנוך</Name><Office>0534100346</Office></DirectoryEntry><DirectoryEntry><Name>וידנבוים שמחה בונם</Name><Office>028000810</Office></DirectoryEntry><DirectoryEntry><Name>וידר יחזקאל מנחם</Name><Mobile>0527668575</Mobile><Office>035704587</Office></DirectoryEntry><DirectoryEntry><Name>ויזל אשר</Name><Office>036163564</Office></DirectoryEntry><DirectoryEntry><Name>ויזל חיים זאב</Name><Office>029990972</Office></DirectoryEntry><DirectoryEntry><Name>וייג חיים דן</Name><Mobile>0504110635</Mobile><Office>036182985</Office></DirectoryEntry><DirectoryEntry><Name>וייזר חיים שמעון</Name><Mobile>0527610612</Mobile><Office>025810353</Office></DirectoryEntry><DirectoryEntry><Name>וייזר יצחק מאיר</Name><Office>0583200201</Office></DirectoryEntry><DirectoryEntry><Name>וייזר מנחם שמעון</Name><Mobile>0527634640</Mobile><Office>025864641</Office></DirectoryEntry><DirectoryEntry><Name>וייזר ראובן יוסף</Name><Mobile>0527628304</Mobile><Office>036195703</Office></DirectoryEntry><DirectoryEntry><Name>וייטמן אברהם מרדכי</Name><Mobile>0548439000</Mobile><Office>035782893</Office></DirectoryEntry><DirectoryEntry><Name>וייטמן אהרן</Name><Office>088039008</Office></DirectoryEntry><DirectoryEntry><Name>וייטמן אליעזר</Name><Office>0534188440</Office></DirectoryEntry><DirectoryEntry><Name>וייטמן בן ציון</Name><Office>028000708</Office></DirectoryEntry><DirectoryEntry><Name>וייטמן יהודה</Name><Mobile>0527684720</Mobile><Office>088665625</Office></DirectoryEntry><DirectoryEntry><Name>וייטמן יוסף שמחה</Name><Office>026502120</Office></DirectoryEntry><DirectoryEntry><Name>וייטמן יוסף שמחה</Name><Office>088022088</Office></DirectoryEntry><DirectoryEntry><Name>וייטמן יוסף שמעון</Name><Mobile>0527684884</Mobile><Office>088020124</Office></DirectoryEntry><DirectoryEntry><Name>וייטמן יחזקאל</Name><Mobile>0527165120</Mobile><Office>038000120</Office></DirectoryEntry><DirectoryEntry><Name>וייטמן ישראל</Name><Mobile>0527640150</Mobile><Office>0772400225</Office></DirectoryEntry><DirectoryEntry><Name>וייטמן ישראל דוד</Name><Office>088039049</Office></DirectoryEntry><DirectoryEntry><Name>וייטמן צבי</Name><Mobile>0533152245</Mobile><Office>088652245</Office></DirectoryEntry><DirectoryEntry><Name>וייטמן שאול</Name><Office>088533075</Office></DirectoryEntry><DirectoryEntry><Name>וייטמן שאול יצחק מאיר</Name><Office>0527623020</Office></DirectoryEntry><DirectoryEntry><Name>וייטמן שלום שכנא בונם</Name><Office>088020172</Office></DirectoryEntry><DirectoryEntry><Name>וייטמן שמחה בונם</Name><Office>088674746</Office></DirectoryEntry><DirectoryEntry><Name>וייטמן שמעון</Name><Mobile>0504114701</Mobile><Office>028077756</Office></DirectoryEntry><DirectoryEntry><Name>וייל אליהו מרדכי יוסף</Name><Mobile>0533117365</Mobile><Office>089558775</Office></DirectoryEntry><DirectoryEntry><Name>וייל חיים יעקב</Name><Mobile>0527657002</Mobile><Office>025385678</Office></DirectoryEntry><DirectoryEntry><Name>וייל ידידיה</Name><Mobile>0527657006</Mobile><Office>088663265</Office></DirectoryEntry><DirectoryEntry><Name>וייל יהודה</Name><Mobile>0548434505</Mobile><Office>025001558</Office></DirectoryEntry><DirectoryEntry><Name>וייל מיכל</Name><Office>0527109908</Office></DirectoryEntry><DirectoryEntry><Name>וייל נתנאל</Name><Mobile>0527627145</Mobile><Office>086601183</Office></DirectoryEntry><DirectoryEntry><Name>וייל פנחס אריה</Name><Office>0556703238</Office></DirectoryEntry><DirectoryEntry><Name>וייל פנחס מנחם</Name><Office>088001181</Office></DirectoryEntry><DirectoryEntry><Name>וייל שמואל משה</Name><Mobile>0533175940</Mobile><Office>088030401</Office></DirectoryEntry><DirectoryEntry><Name>ויינברגר ישראל משה</Name><Office>025021196</Office></DirectoryEntry><DirectoryEntry><Name>ויינר אהרן לייב</Name><Mobile>0533123118</Mobile><Office>025827503</Office></DirectoryEntry><DirectoryEntry><Name>וייס אברהם מרדכי</Name><Office>088035004</Office></DirectoryEntry><DirectoryEntry><Name>וייס אברהם פנחס</Name><Mobile>0533177096</Mobile><Office>025377096</Office></DirectoryEntry><DirectoryEntry><Name>וייס אליהו</Name><Mobile>0533101063</Mobile><Office>026510363</Office></DirectoryEntry><DirectoryEntry><Name>וייס אליעזר</Name><Office>025703626</Office></DirectoryEntry><DirectoryEntry><Name>וייס אלישבע</Name><Mobile>0533165565</Mobile><Office>0774644715</Office></DirectoryEntry><DirectoryEntry><Name>וייס אפרים</Name><Office>0548468885</Office></DirectoryEntry><DirectoryEntry><Name>וייס ברוך שלום</Name><Mobile>0533170512</Mobile><Office>025382696</Office></DirectoryEntry><DirectoryEntry><Name>וייס דוד חזקיהו</Name><Mobile>0548430900</Mobile><Office>048621387</Office></DirectoryEntry><DirectoryEntry><Name>וייס דוד יואל</Name><Mobile>0527121435</Mobile><Office>046801042</Office></DirectoryEntry><DirectoryEntry><Name>וייס זאב וולף</Name><Mobile>0548478617</Mobile><Office>088661737</Office></DirectoryEntry><DirectoryEntry><Name>וייס חיה תחיה</Name><Mobile>0504132536</Mobile><Office>025382536</Office></DirectoryEntry><DirectoryEntry><Name>וייס חיים יוסף אלחנן</Name><Mobile>0548433898</Mobile><Office>0777173076</Office></DirectoryEntry><DirectoryEntry><Name>וייס יהודה אריה</Name><Mobile>0533110603</Mobile><Office>048001234</Office></DirectoryEntry><DirectoryEntry><Name>וייס יהודה לייב</Name><Office>025400426</Office></DirectoryEntry><DirectoryEntry><Name>וייס יהודה לייב</Name><Office>0504132536</Office></DirectoryEntry><DirectoryEntry><Name>וייס יהושע</Name><Office>088020158</Office></DirectoryEntry><DirectoryEntry><Name>וייס יהושע נח</Name><Mobile>0533109118</Mobile><Office>088522359</Office></DirectoryEntry><DirectoryEntry><Name>וייס יוסף</Name><Mobile>0527170727</Mobile><Office>088677506</Office></DirectoryEntry><DirectoryEntry><Name>וייס יוסף</Name><Mobile>0548412702</Mobile><Office>025374702</Office></DirectoryEntry><DirectoryEntry><Name>וייס יוסף דב</Name><Office>025380412</Office></DirectoryEntry><DirectoryEntry><Name>וייס יחיאל יהושע העשיל</Name><Mobile>0527183599</Mobile></DirectoryEntry><DirectoryEntry><Name>וייס יצחק מאיר</Name><Mobile>0533186655</Mobile><Office>088039055</Office></DirectoryEntry><DirectoryEntry><Name>וייס ישעיה שלום</Name><Mobile>0527178277</Mobile><Office>088562670</Office></DirectoryEntry><DirectoryEntry><Name>וייס ישראל</Name><Office>088020021</Office></DirectoryEntry><DirectoryEntry><Name>וייס ישראל</Name><Mobile>0548462269</Mobile><Office>026513985</Office></DirectoryEntry><DirectoryEntry><Name>וייס ישראל</Name><Office>035706904</Office></DirectoryEntry><DirectoryEntry><Name>וייס ישראל</Name><Mobile>0533110424</Mobile><Office>036162769</Office></DirectoryEntry><DirectoryEntry><Name>וייס ישראל</Name><Mobile>0527662344</Mobile><Office>0773294960</Office></DirectoryEntry><DirectoryEntry><Name>וייס ישראל</Name><Mobile>0533179559</Mobile><Office>088043022</Office></DirectoryEntry><DirectoryEntry><Name>וייס ישראל אברהם</Name><Office>036160456</Office></DirectoryEntry><DirectoryEntry><Name>וייס ישראל מנחם</Name><Mobile>0534132323</Mobile></DirectoryEntry><DirectoryEntry><Name>וייס משה</Name><Office>088000052</Office></DirectoryEntry><DirectoryEntry><Name>וייס נפתלי</Name><Mobile>0583225587</Mobile></DirectoryEntry><DirectoryEntry><Name>וייס נפתלי צבי</Name><Office>026514180</Office></DirectoryEntry><DirectoryEntry><Name>וייס נתנאל</Name><Mobile>0527649505</Mobile><Office>046934505</Office></DirectoryEntry><DirectoryEntry><Name>וייס פינחס מנחם</Name><Office>0583252503</Office></DirectoryEntry><DirectoryEntry><Name>וייס פנחס</Name><Office>088666980</Office></DirectoryEntry><DirectoryEntry><Name>וייס פרומית שרה</Name><Mobile>0527659184</Mobile><Office>035700184</Office></DirectoryEntry><DirectoryEntry><Name>וייס צבי</Name><Office>088594083</Office></DirectoryEntry><DirectoryEntry><Name>וייס שאול יחזקאל</Name><Mobile>0533102766</Mobile><Office>086811887</Office></DirectoryEntry><DirectoryEntry><Name>וייס שלמה</Name><Office>088039072</Office></DirectoryEntry><DirectoryEntry><Name>וייס שמואל יהושע העשיל</Name><Mobile>0556765023</Mobile><Office>0583288218</Office></DirectoryEntry><DirectoryEntry><Name>וייס שמחה בונם</Name><Office>088581021</Office></DirectoryEntry><DirectoryEntry><Name>וייס שמחה בונם</Name><Mobile>0533147104</Mobile><Office>0533194535</Office></DirectoryEntry><DirectoryEntry><Name>וייס שמעון אהרן</Name><Office>0527115211</Office></DirectoryEntry><DirectoryEntry><Name>וייס שמריהו</Name><Mobile>0533113956</Mobile><Office>035703395</Office></DirectoryEntry><DirectoryEntry><Name>וייס שרגא פייבל</Name><Mobile>0533100367</Mobile><Office>025380715</Office></DirectoryEntry><DirectoryEntry><Name>וייסבקר יהושע גבריאל</Name><Mobile>0548420889</Mobile><Office>088657675</Office></DirectoryEntry><DirectoryEntry><Name>וייסמן בנימין ביינוש</Name><Mobile>0533161937</Mobile><Office>036193766</Office></DirectoryEntry><DirectoryEntry><Name>וייץ אברהם מרדכי</Name><Mobile>0583238244</Mobile><Office>029913390</Office></DirectoryEntry><DirectoryEntry><Name>וייץ חיים אליעזר</Name><Mobile>0533120829</Mobile><Office>088520828</Office></DirectoryEntry><DirectoryEntry><Name>וייץ יהושע העשיל</Name><Office>088045566</Office></DirectoryEntry><DirectoryEntry><Name>וייץ יוסף משה אהרן</Name><Office>036192063</Office></DirectoryEntry><DirectoryEntry><Name>וייץ ישכר דב</Name><Mobile>0533161623</Mobile><Office>048370389</Office></DirectoryEntry><DirectoryEntry><Name>וייץ ישראל</Name><Mobile>0545919696</Mobile><Office>039326783</Office></DirectoryEntry><DirectoryEntry><Name>וייץ ישראל</Name><Mobile>0534112308</Mobile><Office>025349444</Office></DirectoryEntry><DirectoryEntry><Name>וייץ לאה דינה</Name><Office>025387807</Office></DirectoryEntry><DirectoryEntry><Name>וייץ מנחם מנדל</Name><Mobile>0533185405</Mobile><Office>028002280</Office></DirectoryEntry><DirectoryEntry><Name>וייץ מנחם מנדל</Name><Office>035799004</Office></DirectoryEntry><DirectoryEntry><Name>וייץ משה אהרן דוד</Name><Office>036163720</Office></DirectoryEntry><DirectoryEntry><Name>וייץ משה צבי</Name><Office>058325554</Office></DirectoryEntry><DirectoryEntry><Name>וייץ פינחס מנחם מנדל</Name><Mobile>0533147010</Mobile><Office>025666460</Office></DirectoryEntry><DirectoryEntry><Name>וייץ פנחס מנחם מנדל</Name><Mobile>0583211142</Mobile><Office>088037373</Office></DirectoryEntry><DirectoryEntry><Name>וייץ ראובן יששכר</Name><Mobile>0548403839</Mobile><Office>035782256</Office></DirectoryEntry><DirectoryEntry><Name>וייץ שמחה בונם</Name><Office>088008111</Office></DirectoryEntry><DirectoryEntry><Name>וייץ שמחה בונם</Name><Office>0533131410</Office></DirectoryEntry><DirectoryEntry><Name>ויכלדר יחיאל מאיר</Name><Mobile>0533107433</Mobile><Office>048672433</Office></DirectoryEntry><DirectoryEntry><Name>וילהלם אליהו אהרן</Name><Mobile>0527659489</Mobile><Office>025386868</Office></DirectoryEntry><DirectoryEntry><Name>וילהלם אליעזר ברוך</Name><Office>088587642</Office></DirectoryEntry><DirectoryEntry><Name>וילהלם חיים שלום</Name><Office>088648629</Office></DirectoryEntry><DirectoryEntry><Name>וילהלם יהודה צבי</Name><Mobile>0548443542</Mobile><Office>0722988876</Office></DirectoryEntry><DirectoryEntry><Name>וילהלם יעקב ישראל</Name><Office>0772348004</Office></DirectoryEntry><DirectoryEntry><Name>וילהלם יצחק</Name><Mobile>0556726644</Mobile></DirectoryEntry><DirectoryEntry><Name>וילהלם יצחק זאב</Name><Mobile>0527695863</Mobile><Office>025330395</Office></DirectoryEntry><DirectoryEntry><Name>וילהלם צפורה</Name><Office>025869130</Office></DirectoryEntry><DirectoryEntry><Name>וילהלם שלמה</Name><Mobile>0583260120</Mobile></DirectoryEntry><DirectoryEntry><Name>וילר אריה חיים</Name><Office>025371307</Office></DirectoryEntry><DirectoryEntry><Name>וילר זאב יעקב</Name><Mobile>0527656647</Mobile></DirectoryEntry><DirectoryEntry><Name>וילר משה אליהו</Name><Office>026518079</Office></DirectoryEntry><DirectoryEntry><Name>וילר פנחס</Name><Mobile>0527647298</Mobile><Office>088534790</Office></DirectoryEntry><DirectoryEntry><Name>וילר רבקה</Name><Mobile>0548429220</Mobile><Office>026526204</Office></DirectoryEntry><DirectoryEntry><Name>וילר שמואל יעקב</Name><Mobile>0527104940</Mobile><Office>0556759945</Office></DirectoryEntry><DirectoryEntry><Name>וילר שרה רבקה</Name><Mobile>0527679925</Mobile><Office>0722835625</Office></DirectoryEntry><DirectoryEntry><Name>וינברג (אלתר) יהושע יואל</Name><Office>025389248</Office></DirectoryEntry><DirectoryEntry><Name>וינברג אברהם</Name><Mobile>0504130020</Mobile><Office>025864224</Office></DirectoryEntry><DirectoryEntry><Name>וינברג אברהם יהושע העשיל</Name><Mobile>0548478820</Mobile><Office>088568820</Office></DirectoryEntry><DirectoryEntry><Name>וינברג אברהם יהושע העשיל</Name><Mobile>0548449655</Mobile><Office>026257640</Office></DirectoryEntry><DirectoryEntry><Name>וינברג אלכסנדר סנדר</Name><Office>088001051</Office></DirectoryEntry><DirectoryEntry><Name>וינברג אריה</Name><Office>025381256</Office></DirectoryEntry><DirectoryEntry><Name>וינברג בנימין</Name><Office>088039037</Office></DirectoryEntry><DirectoryEntry><Name>וינברג דוד גד</Name><Office>0556780981</Office></DirectoryEntry><DirectoryEntry><Name>וינברג דוד מרדכי</Name><Office>025004508</Office></DirectoryEntry><DirectoryEntry><Name>וינברג חיים</Name><Office>025617015</Office></DirectoryEntry><DirectoryEntry><Name>וינברג יהודה</Name><Mobile>0533170709</Mobile><Office>029913959</Office></DirectoryEntry><DirectoryEntry><Name>וינברג יהודה אריה לייב</Name><Office>025003970</Office></DirectoryEntry><DirectoryEntry><Name>וינברג יוחנן</Name><Office>0556723556</Office></DirectoryEntry><DirectoryEntry><Name>וינברג יוסף חיים</Name><Office>029996455</Office></DirectoryEntry><DirectoryEntry><Name>וינברג יחיאל שרגא</Name><Mobile>0533125062</Mobile><Office>088551503</Office></DirectoryEntry><DirectoryEntry><Name>וינברג יעקב</Name><Mobile>0547556684</Mobile><Office>025022559</Office></DirectoryEntry><DirectoryEntry><Name>וינברג יעקב יוסף</Name><Mobile>0527636803</Mobile><Office>048640562</Office></DirectoryEntry><DirectoryEntry><Name>וינברג יצחק אייזיק</Name><Mobile>0527672412</Mobile><Office>086602719</Office></DirectoryEntry><DirectoryEntry><Name>וינברג יצחק דב זאב</Name><Mobile>0548449888</Mobile><Office>035740966</Office></DirectoryEntry><DirectoryEntry><Name>וינברג יצחק מנחם</Name><Office>025825543</Office></DirectoryEntry><DirectoryEntry><Name>וינברג יצחק מתתיהו</Name><Mobile>0527135838</Mobile><Office>036164597</Office></DirectoryEntry><DirectoryEntry><Name>וינברג ישראל</Name><Mobile>0533111914</Mobile><Office>088648209</Office></DirectoryEntry><DirectoryEntry><Name>וינברג ישראל</Name><Mobile>0527626020</Mobile><Office>046931029</Office></DirectoryEntry><DirectoryEntry><Name>וינברג לוי יוסף</Name><Mobile>0527171990</Mobile><Office>086343380</Office></DirectoryEntry><DirectoryEntry><Name>וינברג מנחם מאיר</Name><Mobile>0533187553</Mobile><Office>036744482</Office></DirectoryEntry><DirectoryEntry><Name>וינברג מנחם נחום</Name><Mobile>0527660312</Mobile><Office>0527660311</Office></DirectoryEntry><DirectoryEntry><Name>וינברג מרדכי</Name><Office>088649390</Office></DirectoryEntry><DirectoryEntry><Name>וינברג מרדכי מנחם מנדל</Name><Mobile>0548449634</Mobile><Office>0548449891</Office></DirectoryEntry><DirectoryEntry><Name>וינברג משה דוד מרדכי</Name><Office>025816707</Office></DirectoryEntry><DirectoryEntry><Name>וינברג משה שלמה</Name><Mobile>0527123552</Mobile><Office>026518520</Office></DirectoryEntry><DirectoryEntry><Name>וינברג משה שמלקא</Name><Mobile>0533107148</Mobile><Office>025387640</Office></DirectoryEntry><DirectoryEntry><Name>וינברג עלי</Name><Mobile>0527157158</Mobile><Office>035704472</Office></DirectoryEntry><DirectoryEntry><Name>וינברג פינחס מנחם</Name><Office>0548525041</Office></DirectoryEntry><DirectoryEntry><Name>וינברג פנחס מנחם</Name><Mobile>0556731491</Mobile></DirectoryEntry><DirectoryEntry><Name>וינברג צדוק</Name><Office>089560336</Office></DirectoryEntry><DirectoryEntry><Name>וינברג צדוק מנחם</Name><Mobile>0556786541</Mobile><Office>088641159</Office></DirectoryEntry><DirectoryEntry><Name>וינברג שמחה בונם</Name><Office>028001217</Office></DirectoryEntry><DirectoryEntry><Name>וינברג שמחה בונם</Name><Office>088001050</Office></DirectoryEntry><DirectoryEntry><Name>וינברג שמחה בונם</Name><Office>038064023</Office></DirectoryEntry><DirectoryEntry><Name>וינברג שמעון אבא</Name><Mobile>0548421041</Mobile></DirectoryEntry><DirectoryEntry><Name>וינברגר אברהם אורי</Name><Office>025373662</Office></DirectoryEntry><DirectoryEntry><Name>וינברגר אברהם מרדכי</Name><Mobile>0533101008</Mobile><Office>088665362</Office></DirectoryEntry><DirectoryEntry><Name>וינברגר אהרן יהודה</Name><Mobile>0527686651</Mobile><Office>088558840</Office></DirectoryEntry><DirectoryEntry><Name>וינברגר חנוך העניך</Name><Mobile>0527680184</Mobile><Office>088033080</Office></DirectoryEntry><DirectoryEntry><Name>וינברגר ישראל משה</Name><Mobile>0504149232</Mobile><Office>029952343</Office></DirectoryEntry><DirectoryEntry><Name>וינברגר מנחם מנדל</Name><Mobile>0527174921</Mobile><Office>029912915</Office></DirectoryEntry><DirectoryEntry><Name>וינברגר נתן</Name><Mobile>0527603868</Mobile><Office>088666851</Office></DirectoryEntry><DirectoryEntry><Name>וינברגר עזריאל יעקב צבי</Name><Mobile>0533190160</Mobile><Office>036190593</Office></DirectoryEntry><DirectoryEntry><Name>וינגוט אברהם יהושע העשיל</Name><Mobile>0533169969</Mobile><Office>0774198806</Office></DirectoryEntry><DirectoryEntry><Name>וינגוט אברהם מרדכי</Name><Mobile>0527624069</Mobile><Office>088658172</Office></DirectoryEntry><DirectoryEntry><Name>וינגוט אברהם צבי</Name><Office>088647813</Office></DirectoryEntry><DirectoryEntry><Name>וינגוט אליהו זאב</Name><Office>0548518031</Office></DirectoryEntry><DirectoryEntry><Name>וינגוט אליעזר</Name><Mobile>0527689239</Mobile><Office>035700239</Office></DirectoryEntry><DirectoryEntry><Name>וינגוט אפרים שרגא</Name><Mobile>0533171718</Mobile><Office>035745025</Office></DirectoryEntry><DirectoryEntry><Name>וינגוט אפרים שרגא</Name><Mobile>0533103295</Mobile><Office>025370986</Office></DirectoryEntry><DirectoryEntry><Name>וינגוט אפרים שרגא</Name><Mobile>0527625880</Mobile><Office>025813730</Office></DirectoryEntry><DirectoryEntry><Name>וינגוט אפרים שרגא</Name><Mobile>0527645150</Mobile><Office>097921692</Office></DirectoryEntry><DirectoryEntry><Name>וינגוט אפרים שרגא</Name><Mobile>0527622029</Mobile><Office>039094968</Office></DirectoryEntry><DirectoryEntry><Name>וינגוט אשר זאב</Name><Mobile>0527160165</Mobile></DirectoryEntry><DirectoryEntry><Name>וינגוט בן ציון</Name><Office>0774007394</Office></DirectoryEntry><DirectoryEntry><Name>וינגוט בן ציון</Name><Mobile>0533157935</Mobile><Office>035793626</Office></DirectoryEntry><DirectoryEntry><Name>וינגוט בן ציון</Name><Mobile>0533155550</Mobile><Office>088033070</Office></DirectoryEntry><DirectoryEntry><Name>וינגוט ברוך מיכאל</Name><Mobile>0533160422</Mobile><Office>025860423</Office></DirectoryEntry><DirectoryEntry><Name>וינגוט דוד שלמה</Name><Mobile>0527697157</Mobile><Office>088522881</Office></DirectoryEntry><DirectoryEntry><Name>וינגוט חיים</Name><Office>0583273091</Office></DirectoryEntry><DirectoryEntry><Name>וינגוט חיים בן ציון</Name><Mobile>0556758282</Mobile><Office>046860072</Office></DirectoryEntry><DirectoryEntry><Name>וינגוט חיים יצחק</Name><Mobile>0583274030</Mobile><Office>048010007</Office></DirectoryEntry><DirectoryEntry><Name>וינגוט טוביה</Name><Mobile>0548449589</Mobile><Office>0772180446</Office></DirectoryEntry><DirectoryEntry><Name>וינגוט יהודה צבי</Name><Mobile>0504136030</Mobile><Office>088664068</Office></DirectoryEntry><DirectoryEntry><Name>וינגוט יחיאל מאיר</Name><Mobile>0533115006</Mobile><Office>048663139</Office></DirectoryEntry><DirectoryEntry><Name>וינגוט יעקב מאיר</Name><Mobile>0556761437</Mobile><Office>0504115901</Office></DirectoryEntry><DirectoryEntry><Name>וינגוט יצחק</Name><Office>025372363</Office></DirectoryEntry><DirectoryEntry><Name>וינגוט יצחק צבי יהודה</Name><Mobile>0548471338</Mobile><Office>025387065</Office></DirectoryEntry><DirectoryEntry><Name>וינגוט יצחק שמואל יהודה</Name><Mobile>0527620609</Mobile><Office>028020022</Office></DirectoryEntry><DirectoryEntry><Name>וינגוט ישעיהו</Name><Office>0556760603</Office></DirectoryEntry><DirectoryEntry><Name>וינגוט ישראל</Name><Mobile>0556745467</Mobile></DirectoryEntry><DirectoryEntry><Name>וינגוט ישראל</Name><Mobile>0533100146</Mobile><Office>025021339</Office></DirectoryEntry><DirectoryEntry><Name>וינגוט ישראל</Name><Mobile>0527697905</Mobile><Office>086818305</Office></DirectoryEntry><DirectoryEntry><Name>וינגוט ישראל חיים</Name><Mobile>0527644280</Mobile><Office>035782852</Office></DirectoryEntry><DirectoryEntry><Name>וינגוט ישראל מרדכי</Name><Office>086347154</Office></DirectoryEntry><DirectoryEntry><Name>וינגוט מיכאל דב</Name><Mobile>0533107276</Mobile><Office>0777979720</Office></DirectoryEntry><DirectoryEntry><Name>וינגוט מנחם צבי</Name><Mobile>0533101138</Mobile><Office>046800138</Office></DirectoryEntry><DirectoryEntry><Name>וינגוט משה</Name><Office>088020143</Office></DirectoryEntry><DirectoryEntry><Name>וינגוט משה אליהו</Name><Mobile>0527622030</Mobile><Office>088647713</Office></DirectoryEntry><DirectoryEntry><Name>וינגוט נפתלי צבי</Name><Mobile>0533140554</Mobile><Office>0775161281</Office></DirectoryEntry><DirectoryEntry><Name>וינגוט נתן</Name><Office>088573094</Office></DirectoryEntry><DirectoryEntry><Name>וינגוט עקיבא אלימלך</Name><Office>088000830</Office></DirectoryEntry><DirectoryEntry><Name>וינגוט פינחס מנחם</Name><Office>0534167440</Office></DirectoryEntry><DirectoryEntry><Name>וינגוט פנחס מנחם</Name><Mobile>0556724768</Mobile><Office>0583242926</Office></DirectoryEntry><DirectoryEntry><Name>וינגוט פנחס מנחם מנדל</Name><Mobile>0583244220</Mobile><Office>0556723037</Office></DirectoryEntry><DirectoryEntry><Name>וינגוט פנחס עקיבא</Name><Mobile>0556728987</Mobile></DirectoryEntry><DirectoryEntry><Name>וינגוט צבי אריה לייב</Name><Mobile>0583240023</Mobile><Office>036192693</Office></DirectoryEntry><DirectoryEntry><Name>וינגוט ראובן ישראל</Name><Office>025389541</Office></DirectoryEntry><DirectoryEntry><Name>וינגוט שמואל יהודה</Name><Office>088021000</Office></DirectoryEntry><DirectoryEntry><Name>וינגוט שמואל יהודה</Name><Mobile>0527663384</Mobile><Office>036740783</Office></DirectoryEntry><DirectoryEntry><Name>וינגוט שמואל יצחק</Name><Mobile>0527178934</Mobile><Office>025869424</Office></DirectoryEntry><DirectoryEntry><Name>וינגוט שמחה בונם</Name><Office>0533171780</Office></DirectoryEntry><DirectoryEntry><Name>וינגוט שמחה בונם</Name><Office>028040605</Office></DirectoryEntry><DirectoryEntry><Name>וינגורט אברהם מרדכי</Name><Mobile>0533168039</Mobile><Office>046938039</Office></DirectoryEntry><DirectoryEntry><Name>וינגורט יהודה אריה</Name><Mobile>0527111350</Mobile><Office>086816624</Office></DirectoryEntry><DirectoryEntry><Name>וינגורט יואל</Name><Mobile>0527180822</Mobile><Office>025023811</Office></DirectoryEntry><DirectoryEntry><Name>וינגורט יוסף מאיר</Name><Office>098337915</Office></DirectoryEntry><DirectoryEntry><Name>וינגורט יוסף צבי</Name><Office>046930850</Office></DirectoryEntry><DirectoryEntry><Name>וינגורט יחזקאל שרגא</Name><Office>0548483575</Office></DirectoryEntry><DirectoryEntry><Name>וינגורט יחיאל מאיר</Name><Office>0548525854</Office></DirectoryEntry><DirectoryEntry><Name>וינגורט יחיאל מאיר</Name><Mobile>0527152554</Mobile><Office>086888669</Office></DirectoryEntry><DirectoryEntry><Name>וינגורט יצחק אשר</Name><Mobile>0548420464</Mobile><Office>089955732</Office></DirectoryEntry><DirectoryEntry><Name>וינגורט ישראל מנחם חיים</Name><Office>0737413335</Office></DirectoryEntry><DirectoryEntry><Name>וינגורט יששכר דב</Name><Mobile>0527608622</Mobile><Office>036499557</Office></DirectoryEntry><DirectoryEntry><Name>וינגורט מרדכי אריה שמואל</Name><Mobile>0548491252</Mobile><Office>035780520</Office></DirectoryEntry><DirectoryEntry><Name>וינגורט פינחס מנחם</Name><Office>0556783018</Office></DirectoryEntry><DirectoryEntry><Name>וינגורט פנחס אליעזר</Name><Mobile>0583211928</Mobile><Office>088669878</Office></DirectoryEntry><DirectoryEntry><Name>וינגורט צבי אהרן</Name><Office>088039060</Office></DirectoryEntry><DirectoryEntry><Name>וינגורט שלום מנחם</Name><Mobile>0548504141</Mobile><Office>0533166551</Office></DirectoryEntry><DirectoryEntry><Name>וינגורט שמואל אהרן</Name><Mobile>0534114035</Mobile><Office>0583227709</Office></DirectoryEntry><DirectoryEntry><Name>וינגורט שמחה בונם</Name><Mobile>0533182266</Mobile></DirectoryEntry><DirectoryEntry><Name>וינגורט שרגא פייבל</Name><Office>025388797</Office></DirectoryEntry><DirectoryEntry><Name>וינגרטן אברהם מרדכי</Name><Office>038060015</Office></DirectoryEntry><DirectoryEntry><Name>וינגרטן אהרן יוסף</Name><Office>025381387</Office></DirectoryEntry><DirectoryEntry><Name>וינגרטן אלעזר</Name><Mobile>0533133456</Mobile><Office>035707902</Office></DirectoryEntry><DirectoryEntry><Name>וינגרטן ברוך שרגא</Name><Mobile>0583200193</Mobile><Office>0772400193</Office></DirectoryEntry><DirectoryEntry><Name>וינגרטן דוד</Name><Mobile>0548410017</Mobile><Office>026511561</Office></DirectoryEntry><DirectoryEntry><Name>וינגרטן חיים דוד</Name><Mobile>0527167484</Mobile><Office>036168620</Office></DirectoryEntry><DirectoryEntry><Name>וינגרטן חיים זאב</Name><Office>025381387</Office></DirectoryEntry><DirectoryEntry><Name>וינגרטן יהודה לייב</Name><Mobile>0548483010</Mobile><Office>088558153</Office></DirectoryEntry><DirectoryEntry><Name>וינגרטן יחזקאל</Name><Office>0556744030</Office></DirectoryEntry><DirectoryEntry><Name>וינגרטן יחיאל אריה</Name><Mobile>0533100102</Mobile><Office>035703470</Office></DirectoryEntry><DirectoryEntry><Name>וינגרטן יעקב</Name><Mobile>0548439941</Mobile><Office>025710201</Office></DirectoryEntry><DirectoryEntry><Name>וינגרטן ישראל</Name><Mobile>0527172065</Mobile><Office>088658471</Office></DirectoryEntry><DirectoryEntry><Name>וינגרטן ישראל</Name><Mobile>0548473010</Mobile><Office>036167097</Office></DirectoryEntry><DirectoryEntry><Name>וינגרטן מלכה גיטל</Name><Mobile>0548463010</Mobile><Office>048623187</Office></DirectoryEntry><DirectoryEntry><Name>וינגרטן מרדכי</Name><Mobile>0527168470</Mobile><Office>035793699</Office></DirectoryEntry><DirectoryEntry><Name>וינגרטן משה ישראל</Name><Mobile>0527674700</Mobile><Office>026247963</Office></DirectoryEntry><DirectoryEntry><Name>וינגרטן משה שמחה</Name><Mobile>0533147034</Mobile><Office>036189308</Office></DirectoryEntry><DirectoryEntry><Name>וינגרטן שלמה</Name><Mobile>0533110100</Mobile><Office>035703706</Office></DirectoryEntry><DirectoryEntry><Name>וינגרטן שמואל יוחנן</Name><Mobile>0527650977</Mobile><Office>088650509</Office></DirectoryEntry><DirectoryEntry><Name>וינגרטן שמחה בונם</Name><Mobile>0533160086</Mobile></DirectoryEntry><DirectoryEntry><Name>וינד ישראל</Name><Mobile>0527128029</Mobile><Office>0765411181</Office></DirectoryEntry><DirectoryEntry><Name>וינד נפתלי</Name><Mobile>0527612820</Mobile><Office>025328201</Office></DirectoryEntry><DirectoryEntry><Name>וינדלינג יהודה אריה לייב</Name><Office>089561720</Office></DirectoryEntry><DirectoryEntry><Name>וינדלינג ישראל</Name><Office>029921568</Office></DirectoryEntry><DirectoryEntry><Name>וינדלינג ישראל פנחס</Name><Mobile>0548424348</Mobile><Office>088664348</Office></DirectoryEntry><DirectoryEntry><Name>וינדרבוים nan</Name><Mobile>0542461772</Mobile><Office>035758351</Office></DirectoryEntry><DirectoryEntry><Name>וינדרבוים גרשון חנוך</Name><Office>035707358</Office></DirectoryEntry><DirectoryEntry><Name>וינדרבוים חנוך</Name><Mobile>0524269677</Mobile><Office>035797040</Office></DirectoryEntry><DirectoryEntry><Name>וינטר יוסף</Name><Office>026421114</Office></DirectoryEntry><DirectoryEntry><Name>וינטרוב אברהם</Name><Mobile>0527117720</Mobile><Office>089560524</Office></DirectoryEntry><DirectoryEntry><Name>וינטרוב בן ציון</Name><Mobile>0527119441</Mobile><Office>026505835</Office></DirectoryEntry><DirectoryEntry><Name>וינטרוב גולדה</Name><Office>035791283</Office></DirectoryEntry><DirectoryEntry><Name>וינטרוב יעקב גדליה</Name><Office>025381355</Office></DirectoryEntry><DirectoryEntry><Name>וינטרוב יעקב דוד</Name><Mobile>0533170085</Mobile><Office>035706203</Office></DirectoryEntry><DirectoryEntry><Name>וינטרוב מרדכי</Name><Office>035704614</Office></DirectoryEntry><DirectoryEntry><Name>וינטרוב פנחס</Name><Mobile>0504133712</Mobile><Office>029992441</Office></DirectoryEntry><DirectoryEntry><Name>וינטרוב צבי אריה</Name><Mobile>0527612551</Mobile><Office>036189285</Office></DirectoryEntry><DirectoryEntry><Name>וינקלר יצחק מאיר</Name><Office>18454255112</Office></DirectoryEntry><DirectoryEntry><Name>וינרייך אברהם דוד</Name><Mobile>0533146777</Mobile><Office>046934542</Office></DirectoryEntry><DirectoryEntry><Name>וינרייך אברהם מרדכי</Name><Mobile>0527167100</Mobile><Office>088033049</Office></DirectoryEntry><DirectoryEntry><Name>וינרייך אשר</Name><Mobile>0533196118</Mobile><Office>029996118</Office></DirectoryEntry><DirectoryEntry><Name>וינרייך זאב</Name><Mobile>0527167910</Mobile><Office>026508045</Office></DirectoryEntry><DirectoryEntry><Name>וינרייך חיים יצחק</Name><Mobile>0533113776</Mobile><Office>046938401</Office></DirectoryEntry><DirectoryEntry><Name>וינרייך חיים צבי</Name><Mobile>0548405566</Mobile><Office>038000180</Office></DirectoryEntry><DirectoryEntry><Name>וינרייך יהודה אריה לייב</Name><Mobile>0533199428</Mobile></DirectoryEntry><DirectoryEntry><Name>וינרייך יהודה אריה לייב</Name><Office>0533118323</Office></DirectoryEntry><DirectoryEntry><Name>וינרייך יוסף</Name><Mobile>0548405276</Mobile><Office>035743070</Office></DirectoryEntry><DirectoryEntry><Name>וינרייך יוסף זאב</Name><Mobile>0527635944</Mobile><Office>035349079</Office></DirectoryEntry><DirectoryEntry><Name>וינרייך יצחק מאיר</Name><Mobile>0548597879</Mobile><Office>086813929</Office></DirectoryEntry><DirectoryEntry><Name>וינרייך ירחמיאל ישראל</Name><Office>0556770460</Office></DirectoryEntry><DirectoryEntry><Name>וינרייך מאיר שמעון</Name><Mobile>0533143001</Mobile><Office>035790837</Office></DirectoryEntry><DirectoryEntry><Name>וינרייך מנחם</Name><Office>088000789</Office></DirectoryEntry><DirectoryEntry><Name>וינרייך מנחם מנדל</Name><Mobile>0527155180</Mobile><Office>088035024</Office></DirectoryEntry><DirectoryEntry><Name>וינרייך מרדכי</Name><Mobile>0504122059</Mobile><Office>088646377</Office></DirectoryEntry><DirectoryEntry><Name>וינרייך משה אהרן</Name><Mobile>0548431633</Mobile><Office>0777881916</Office></DirectoryEntry><DirectoryEntry><Name>וינרייך משה בצלאל</Name><Mobile>0527111163</Mobile><Office>028077007</Office></DirectoryEntry><DirectoryEntry><Name>וינרייך משה מרדכי</Name><Office>0548596961</Office></DirectoryEntry><DirectoryEntry><Name>וינרייך פנחס</Name><Mobile>0527111186</Mobile><Office>036763606</Office></DirectoryEntry><DirectoryEntry><Name>וינרייך פנחס מנחם</Name><Office>088035553</Office></DirectoryEntry><DirectoryEntry><Name>וינרייך שמואל</Name><Mobile>0527622006</Mobile><Office>086882313</Office></DirectoryEntry><DirectoryEntry><Name>וינרייך שמחה בונם</Name><Mobile>0527689764</Mobile></DirectoryEntry><DirectoryEntry><Name>וינשטוק אליעזר צבי</Name><Mobile>0527636068</Mobile><Office>026510104</Office></DirectoryEntry><DirectoryEntry><Name>וינשטוק דוד</Name><Mobile>0527176932</Mobile><Office>029924448</Office></DirectoryEntry><DirectoryEntry><Name>וינשטוק דוד</Name><Office>025023710</Office></DirectoryEntry><DirectoryEntry><Name>וינשטוק יהודה אריה לייב</Name><Office>0534182981</Office></DirectoryEntry><DirectoryEntry><Name>וינשטוק יוסף</Name><Mobile>0548490426</Mobile><Office>026510104</Office></DirectoryEntry><DirectoryEntry><Name>וינשטוק יעקב יוסף</Name><Mobile>050473424</Mobile><Office>088675431</Office></DirectoryEntry><DirectoryEntry><Name>וינשטוק יצחק חיים</Name><Office>038001046</Office></DirectoryEntry><DirectoryEntry><Name>וינשטוק ישראל</Name><Mobile>0504142736</Mobile><Office>036185286</Office></DirectoryEntry><DirectoryEntry><Name>וינשטוק ישראל</Name><Office>026287019</Office></DirectoryEntry><DirectoryEntry><Name>וינשטוק משה בצלאל</Name><Office>0548460801</Office></DirectoryEntry><DirectoryEntry><Name>וינשטוק עזריאל</Name><Mobile>0527112958</Mobile><Office>046800016</Office></DirectoryEntry><DirectoryEntry><Name>וינשטוק שמחה בונם</Name><Office>0556737724</Office></DirectoryEntry><DirectoryEntry><Name>וינשטיין אביש שלמה</Name><Mobile>0533180048</Mobile></DirectoryEntry><DirectoryEntry><Name>וינשטיין אברהם</Name><Mobile>0527622980</Mobile><Office>088534854</Office></DirectoryEntry><DirectoryEntry><Name>וינשטיין אברהם שלמה אפרים</Name><Mobile>0533150350</Mobile><Office>088668098</Office></DirectoryEntry><DirectoryEntry><Name>וינשטיין אהרן</Name><Office>088000144</Office></DirectoryEntry><DirectoryEntry><Name>וינשטיין אליהו פרץ</Name><Mobile>0527635417</Mobile><Office>088658415</Office></DirectoryEntry><DirectoryEntry><Name>וינשטיין אלימלך</Name><Mobile>0533175981</Mobile><Office>088675981</Office></DirectoryEntry><DirectoryEntry><Name>וינשטיין אלימלך שמחה בונם</Name><Office>0583277110</Office></DirectoryEntry><DirectoryEntry><Name>וינשטיין יהודה זאב</Name><Mobile>0504111281</Mobile><Office>086600773</Office></DirectoryEntry><DirectoryEntry><Name>וינשטיין יעקב יוסף</Name><Mobile>0527155566</Mobile><Office>0772400171</Office></DirectoryEntry><DirectoryEntry><Name>וינשטיין יצחק בן ציון</Name><Mobile>0548445100</Mobile><Office>025003802</Office></DirectoryEntry><DirectoryEntry><Name>וינשטיין יצחק דוד</Name><Office>0527604119</Office></DirectoryEntry><DirectoryEntry><Name>וינשטיין ישראל</Name><Office>048001003</Office></DirectoryEntry><DirectoryEntry><Name>וינשטיין מאיר אהרן יהודה</Name><Mobile>0533102055</Mobile><Office>025376290</Office></DirectoryEntry><DirectoryEntry><Name>וינשטיין מאיר מרדכי</Name><Mobile>0504148248</Mobile><Office>0583255035</Office></DirectoryEntry><DirectoryEntry><Name>וינשטיין משה אריה</Name><Mobile>0527622004</Mobile><Office>035703847</Office></DirectoryEntry><DirectoryEntry><Name>וינשטיין עקיבא</Name><Mobile>0527643200</Mobile><Office>088664191</Office></DirectoryEntry><DirectoryEntry><Name>וינשטיין פנינה</Name><Mobile>0504101301</Mobile><Office>025389020</Office></DirectoryEntry><DirectoryEntry><Name>וינשטיין שלמה אפרים</Name><Mobile>0504141239</Mobile><Office>025378680</Office></DirectoryEntry><DirectoryEntry><Name>ויסבוים אברהם מרדכי</Name><Mobile>0504140145</Mobile><Office>088641845</Office></DirectoryEntry><DirectoryEntry><Name>ויסבוים אברהם מרדכי</Name><Mobile>0548449322</Mobile><Office>035707874</Office></DirectoryEntry><DirectoryEntry><Name>ויסבוים אלימלך חנוך דב</Name><Office>0527642945</Office></DirectoryEntry><DirectoryEntry><Name>ויסבוים דוד</Name><Mobile>0504199402</Mobile><Office>028080053</Office></DirectoryEntry><DirectoryEntry><Name>ויסבוים יהודה אריה לייב</Name><Mobile>0527694514</Mobile><Office>036189415</Office></DirectoryEntry><DirectoryEntry><Name>ויסבוים יהושע העשיל</Name><Office>088000120</Office></DirectoryEntry><DirectoryEntry><Name>ויסבוים יוסף צבי</Name><Mobile>0548514141</Mobile><Office>036484515</Office></DirectoryEntry><DirectoryEntry><Name>ויסבוים יצחק דוד</Name><Mobile>0556723799</Mobile></DirectoryEntry><DirectoryEntry><Name>ויסבוים ישראל פנחס</Name><Office>036449535</Office></DirectoryEntry><DirectoryEntry><Name>ויסבוים לוי יצחק</Name><Mobile>0583292510</Mobile><Office>086715889</Office></DirectoryEntry><DirectoryEntry><Name>ויסבוים משה בצלאל</Name><Office>025384630</Office></DirectoryEntry><DirectoryEntry><Name>ויסבוים נתן מאיר</Name><Mobile>0548448872</Mobile><Office>088659620</Office></DirectoryEntry><DirectoryEntry><Name>ויסבוים פינחס</Name><Office>0527138071</Office></DirectoryEntry><DirectoryEntry><Name>ויסבוים שמעון שמחה</Name><Mobile>0548514143</Mobile><Office>025812002</Office></DirectoryEntry><DirectoryEntry><Name>ויסבלום אברהם</Name><Office>036197211</Office></DirectoryEntry><DirectoryEntry><Name>ויסבלום אליהו</Name><Mobile>0527615800</Mobile><Office>025322034</Office></DirectoryEntry><DirectoryEntry><Name>ויסבלום טובה</Name><Mobile>0522431682</Mobile><Office>048223237</Office></DirectoryEntry><DirectoryEntry><Name>ויסבלום פנחס מנחם</Name><Mobile>0556738111</Mobile><Office>028041111</Office></DirectoryEntry><DirectoryEntry><Name>ויסברג חיים משה</Name><Office>025389066</Office></DirectoryEntry><DirectoryEntry><Name>ויסברג צבי</Name><Office>026500783</Office></DirectoryEntry><DirectoryEntry><Name>ויסברוד מנחם מנדל</Name><Mobile>0548455423</Mobile></DirectoryEntry><DirectoryEntry><Name>ויסברוד שמואל</Name><Mobile>0527650301</Mobile><Office>035700922</Office></DirectoryEntry><DirectoryEntry><Name>ויסלר משה</Name><Office>036194958</Office></DirectoryEntry><DirectoryEntry><Name>ויסמל אברהם יחזקאל</Name><Mobile>0504153898</Mobile><Office>025380533</Office></DirectoryEntry><DirectoryEntry><Name>ויסמל יוסף חיים</Name><Mobile>0527169829</Mobile><Office>088552364</Office></DirectoryEntry><DirectoryEntry><Name>ויסמל ישראל משה</Name><Mobile>0504101042</Mobile><Office>088552364</Office></DirectoryEntry><DirectoryEntry><Name>ויסמל שלמה</Name><Mobile>0548442005</Mobile><Office>088652937</Office></DirectoryEntry><DirectoryEntry><Name>ויסנשטרן אברהם מנחם</Name><Mobile>0533121350</Mobile><Office>088556403</Office></DirectoryEntry><DirectoryEntry><Name>ויסנשטרן נפתלי</Name><Office>0583250413</Office></DirectoryEntry><DirectoryEntry><Name>ויצמן אברהם מרדכי</Name><Mobile>0527624539</Mobile><Office>036762511</Office></DirectoryEntry><DirectoryEntry><Name>ויצמן אהרן</Name><Office>038050033</Office></DirectoryEntry><DirectoryEntry><Name>ויצמן דוד</Name><Office>0548556556</Office></DirectoryEntry><DirectoryEntry><Name>ויצמן יהודה לייב</Name><Mobile>0533150043</Mobile><Office>0533140053</Office></DirectoryEntry><DirectoryEntry><Name>ויצמן יהודה לייב</Name><Mobile>0527618861</Mobile><Office>036470854</Office></DirectoryEntry><DirectoryEntry><Name>ויצמן יוחנן בצלאל</Name><Mobile>0527611111</Mobile><Office>025388177</Office></DirectoryEntry><DirectoryEntry><Name>ויצמן ישראל</Name><Office>036480439</Office></DirectoryEntry><DirectoryEntry><Name>ויצמן ישראל</Name><Office>088043025</Office></DirectoryEntry><DirectoryEntry><Name>ויצמן מאיר יוסף</Name><Mobile>0527616744</Mobile><Office>025002382</Office></DirectoryEntry><DirectoryEntry><Name>ויצמן מרדכי צבי</Name><Mobile>0527637527</Mobile><Office>048676606</Office></DirectoryEntry><DirectoryEntry><Name>ויצמן משה דוד</Name><Mobile>0548434199</Mobile><Office>088664199</Office></DirectoryEntry><DirectoryEntry><Name>ויצמן נתן</Name><Office>048339876</Office></DirectoryEntry><DirectoryEntry><Name>ויצמן רות</Name><Office>035700686</Office></DirectoryEntry><DirectoryEntry><Name>ויצמן שלמה</Name><Mobile>0504188202</Mobile><Office>028020019</Office></DirectoryEntry><DirectoryEntry><Name>ויצמן שלמה בצלאל</Name><Mobile>0548470920</Mobile><Office>025381958</Office></DirectoryEntry><DirectoryEntry><Name>ויצמן שמחה בונים</Name><Mobile>0527137167</Mobile></DirectoryEntry><DirectoryEntry><Name>ויצמן שמחה בונם</Name><Office>088008006</Office></DirectoryEntry><DirectoryEntry><Name>ויצמן שמחה בונם</Name><Office>025380974</Office></DirectoryEntry><DirectoryEntry><Name>ויצמן שמחה בונם</Name><Mobile>0533189811</Mobile><Office>0527190050</Office></DirectoryEntry><DirectoryEntry><Name>וירניק אברהם אריה</Name><Office>086347722</Office></DirectoryEntry><DirectoryEntry><Name>וירניק חיים בנימין</Name><Mobile>0527608080</Mobile><Office>026512054</Office></DirectoryEntry><DirectoryEntry><Name>וירניק חיים בנימין</Name><Mobile>0533180290</Mobile><Office>039092354</Office></DirectoryEntry><DirectoryEntry><Name>וירניק יהושע העשיל</Name><Office>0527164040</Office></DirectoryEntry><DirectoryEntry><Name>וירניק נפתלי יוסף</Name><Mobile>0533100550</Mobile><Office>088531505</Office></DirectoryEntry><DirectoryEntry><Name>וירניק צבי אשר</Name><Office>0527178899</Office></DirectoryEntry><DirectoryEntry><Name>וירניק שמחה בונם</Name><Office>088001207</Office></DirectoryEntry><DirectoryEntry><Name>וישניאק חוה</Name><Office>035660653</Office></DirectoryEntry><DirectoryEntry><Name>וישניאק יחיאל יצחק</Name><Mobile>0533149199</Mobile><Office>035740972</Office></DirectoryEntry><DirectoryEntry><Name>ולנר שמואל</Name><Office>035700934</Office></DirectoryEntry><DirectoryEntry><Name>ולצר זאב</Name><Office>039313461</Office></DirectoryEntry><DirectoryEntry><Name>ונגרובר חנוך</Name><Office>036874313</Office></DirectoryEntry><DirectoryEntry><Name>וסרמן אברהם אבא</Name><Office>088675017</Office></DirectoryEntry><DirectoryEntry><Name>וסרמן אפרים פישל</Name><Mobile>0527135131</Mobile><Office>088690484</Office></DirectoryEntry><DirectoryEntry><Name>וסרמן אריה לייבוש</Name><Mobile>0504191979</Mobile><Office>0533127481</Office></DirectoryEntry><DirectoryEntry><Name>וסרמן ברוך ירחמיאל</Name><Office>0504112272</Office></DirectoryEntry><DirectoryEntry><Name>וסרמן יוסף דוד</Name><Mobile>0527649564</Mobile><Office>088678119</Office></DirectoryEntry><DirectoryEntry><Name>וסרמן יעקב צבי</Name><Mobile>0527628545</Mobile><Office>088542452</Office></DirectoryEntry><DirectoryEntry><Name>וסרמן מאיר זושא</Name><Mobile>0504161359</Mobile><Office>036196321</Office></DirectoryEntry><DirectoryEntry><Name>וסרמן נחמן</Name><Mobile>0533157022</Mobile><Office>035707626</Office></DirectoryEntry><DirectoryEntry><Name>וסרמן נתן דוד</Name><Mobile>0504120773</Mobile><Office>088660914</Office></DirectoryEntry><DirectoryEntry><Name>וסרמן ראובן</Name><Mobile>0527196669</Mobile></DirectoryEntry><DirectoryEntry><Name>וסרמן שלמה יצחק</Name><Mobile>0548448046</Mobile><Office>039093335</Office></DirectoryEntry><DirectoryEntry><Name>וסרמן שרה</Name><Office>036181765</Office></DirectoryEntry><DirectoryEntry><Name>וסרצוג אהרן</Name><Mobile>0583215492</Mobile><Office>025409508</Office></DirectoryEntry><DirectoryEntry><Name>וסרצוג דוד</Name><Mobile>0533122055</Mobile><Office>029922205</Office></DirectoryEntry><DirectoryEntry><Name>וסרצוג חנוך יוסף</Name><Mobile>0533119114</Mobile><Office>036191123</Office></DirectoryEntry><DirectoryEntry><Name>וסרצוג חנוך יעקב</Name><Mobile>0533101041</Mobile><Office>035791243</Office></DirectoryEntry><DirectoryEntry><Name>וסרצוג יחזקאל</Name><Mobile>0533119117</Mobile><Office>088035042</Office></DirectoryEntry><DirectoryEntry><Name>וסרצוג יעקב דב</Name><Mobile>0527656486</Mobile><Office>088046013</Office></DirectoryEntry><DirectoryEntry><Name>וסרצוג ישראל</Name><Mobile>0533119118</Mobile><Office>088677448</Office></DirectoryEntry><DirectoryEntry><Name>וסרצוג ישראל</Name><Mobile>0504135716</Mobile><Office>039097051</Office></DirectoryEntry><DirectoryEntry><Name>וסרצוג ישראל יצחק</Name><Mobile>0504159159</Mobile><Office>088663527</Office></DirectoryEntry><DirectoryEntry><Name>וסרצוג ישראל יצחק</Name><Mobile>0527158950</Mobile><Office>026523504</Office></DirectoryEntry><DirectoryEntry><Name>וסרצוג מאיר</Name><Mobile>0533119116</Mobile><Office>048669944</Office></DirectoryEntry><DirectoryEntry><Name>וסרצוג מאיר שלמה</Name><Office>035781351</Office></DirectoryEntry><DirectoryEntry><Name>וסרצוג משה חיים</Name><Office>0527182838</Office></DirectoryEntry><DirectoryEntry><Name>וסרצוג פנחס מנחם</Name><Office>0583256516</Office></DirectoryEntry><DirectoryEntry><Name>וסרצוג פנחס מנחם</Name><Mobile>0504170963</Mobile></DirectoryEntry><DirectoryEntry><Name>וסרצוג שלמה שרגא</Name><Mobile>0527675113</Mobile><Office>025380529</Office></DirectoryEntry><DirectoryEntry><Name>וסרצוג שמואל אליעזר</Name><Mobile>0533181315</Mobile><Office>025381315</Office></DirectoryEntry><DirectoryEntry><Name>וסרצוג שמחה בונם</Name><Office>0504120193</Office></DirectoryEntry><DirectoryEntry><Name>וסרצוג שמחה בונם</Name><Office>0533132299</Office></DirectoryEntry><DirectoryEntry><Name>וסרצוג שמחה בונם</Name><Office>088001511</Office></DirectoryEntry><DirectoryEntry><Name>וסרצוג שמעון יוסף</Name><Mobile>0527636756</Mobile><Office>046938207</Office></DirectoryEntry><DirectoryEntry><Name>וסרצוג שרגא פייבל</Name><Office>0533150115</Office></DirectoryEntry><DirectoryEntry><Name>ועלמן אברהם</Name><Office>025821423</Office></DirectoryEntry><DirectoryEntry><Name>וצלר פנחס נתן</Name><Mobile>0533159030</Mobile></DirectoryEntry><DirectoryEntry><Name>וקס אברהם יצחק מאיר</Name><Office>046860760</Office></DirectoryEntry><DirectoryEntry><Name>וקס אברהם מרדכי</Name><Mobile>0533187622</Mobile><Office>035799686</Office></DirectoryEntry><DirectoryEntry><Name>וקס אהרן</Name><Mobile>0527667789</Mobile><Office>035791825</Office></DirectoryEntry><DirectoryEntry><Name>וקס אהרן דוד</Name><Mobile>0548456969</Mobile><Office>088046868</Office></DirectoryEntry><DirectoryEntry><Name>וקס בנימין</Name><Mobile>0527619360</Mobile><Office>036190529</Office></DirectoryEntry><DirectoryEntry><Name>וקס בנימין משה</Name><Office>0534132652</Office></DirectoryEntry><DirectoryEntry><Name>וקס דוד</Name><Mobile>0533191237</Mobile><Office>035791236</Office></DirectoryEntry><DirectoryEntry><Name>וקס חיים נחמן</Name><Mobile>0533153862</Mobile><Office>025386275</Office></DirectoryEntry><DirectoryEntry><Name>וקס טובה</Name><Mobile>0533186230</Mobile><Office>025639974</Office></DirectoryEntry><DirectoryEntry><Name>וקס יוסף</Name><Office>0583210236</Office></DirectoryEntry><DirectoryEntry><Name>וקס יצחק אהרן</Name><Office>046990503</Office></DirectoryEntry><DirectoryEntry><Name>וקס ישראל</Name><Mobile>0548424952</Mobile><Office>086810524</Office></DirectoryEntry><DirectoryEntry><Name>וקס ישראל מרדכי</Name><Office>0556781847</Office></DirectoryEntry><DirectoryEntry><Name>וקס מנחם מנדל</Name><Office>0527117009</Office></DirectoryEntry><DirectoryEntry><Name>וקס משה</Name><Mobile>0533103021</Mobile><Office>036166574</Office></DirectoryEntry><DirectoryEntry><Name>וקס משה צבי</Name><Mobile>0527142110</Mobile><Office>025400711</Office></DirectoryEntry><DirectoryEntry><Name>וקס נתן</Name><Office>088664933</Office></DirectoryEntry><DirectoryEntry><Name>וקס נתן</Name><Mobile>0533101985</Mobile><Office>029952659</Office></DirectoryEntry><DirectoryEntry><Name>וקס פנחס מנחם</Name><Mobile>0533157099</Mobile><Office>035709982</Office></DirectoryEntry><DirectoryEntry><Name>וקס פנחס מנחם</Name><Office>0583263003</Office></DirectoryEntry><DirectoryEntry><Name>וקס רפאל יוסף</Name><Mobile>0533185567</Mobile><Office>088556787</Office></DirectoryEntry><DirectoryEntry><Name>וקס רפאל יוסף שמחה</Name><Mobile>0504143123</Mobile><Office>088670537</Office></DirectoryEntry><DirectoryEntry><Name>וקס שלמה זלמן</Name><Mobile>0548445965</Mobile><Office>088659655</Office></DirectoryEntry><DirectoryEntry><Name>וקסברגר אברהם</Name><Mobile>0527643884</Mobile><Office>025326499</Office></DirectoryEntry><DirectoryEntry><Name>וקסברגר יהושע צבי</Name><Office>0527181516</Office></DirectoryEntry><DirectoryEntry><Name>וקסברגר יעקב</Name><Mobile>0527694696</Mobile><Office>025021366</Office></DirectoryEntry><DirectoryEntry><Name>וקסברגר יעקב יוסף</Name><Mobile>0556783425</Mobile><Office>0556783773</Office></DirectoryEntry><DirectoryEntry><Name>וקסברגר ישראל דוד</Name><Office>0548404500</Office></DirectoryEntry><DirectoryEntry><Name>וקסברגר פנחס מנחם</Name><Office>0534183163</Office></DirectoryEntry><DirectoryEntry><Name>וקסלמן אברהם מרדכי</Name><Office>028000235</Office></DirectoryEntry><DirectoryEntry><Name>וקסלמן אברהם שמואל</Name><Mobile>0527658076</Mobile><Office>088675076</Office></DirectoryEntry><DirectoryEntry><Name>וקסלמן אהרן</Name><Mobile>0527683033</Mobile><Office>046936955</Office></DirectoryEntry><DirectoryEntry><Name>וקסלמן דוד</Name><Mobile>0504122782</Mobile><Office>088640672</Office></DirectoryEntry><DirectoryEntry><Name>וקסלמן דוד</Name><Mobile>0533108346</Mobile><Office>088542825</Office></DirectoryEntry><DirectoryEntry><Name>וקסלמן חיים אליעזר</Name><Mobile>0583203040</Mobile><Office>088562900</Office></DirectoryEntry><DirectoryEntry><Name>וקסלמן חיים ישראל</Name><Mobile>0533131743</Mobile><Office>046936955</Office></DirectoryEntry><DirectoryEntry><Name>וקסלמן חנוך</Name><Mobile>0533141128</Mobile><Office>088000035</Office></DirectoryEntry><DirectoryEntry><Name>וקסלמן יהודה</Name><Mobile>0527123120</Mobile><Office>0775051105</Office></DirectoryEntry><DirectoryEntry><Name>וקסלמן יהודה אריה</Name><Mobile>0504134076</Mobile><Office>035742839</Office></DirectoryEntry><DirectoryEntry><Name>וקסלמן יהודה אריה לייב</Name><Mobile>0533145256</Mobile><Office>0548553882</Office></DirectoryEntry><DirectoryEntry><Name>וקסלמן ישראל</Name><Office>0583220370</Office></DirectoryEntry><DirectoryEntry><Name>וקסלמן משה</Name><Office>038058003</Office></DirectoryEntry><DirectoryEntry><Name>וקסלמן שמואל</Name><Mobile>0583219504</Mobile><Office>088658946</Office></DirectoryEntry><DirectoryEntry><Name>וקסלמן שמחה בונם</Name><Office>088001026</Office></DirectoryEntry><DirectoryEntry><Name>וקסלמן שמחה בונם</Name><Office>038050036</Office></DirectoryEntry><DirectoryEntry><Name>וקסלר אברהם</Name><Office>036192558</Office></DirectoryEntry><DirectoryEntry><Name>וקסלר אברהם בנימין ביינוש</Name><Mobile>2527150444</Mobile><Office>026254360</Office></DirectoryEntry><DirectoryEntry><Name>וקסלר דוד</Name><Mobile>0504101080</Mobile><Office>035701810</Office></DirectoryEntry><DirectoryEntry><Name>וקסלר חיים שלמה</Name><Mobile>0504120130</Mobile><Office>035703575</Office></DirectoryEntry><DirectoryEntry><Name>וקסלר יהודה</Name><Office>0533100986</Office></DirectoryEntry><DirectoryEntry><Name>וקסלר יוסף</Name><Mobile>0533155419</Mobile><Office>0533155418</Office></DirectoryEntry><DirectoryEntry><Name>וקסלר יחזקאל</Name><Mobile>0527612317</Mobile><Office>089958119</Office></DirectoryEntry><DirectoryEntry><Name>וקסלר ישראל</Name><Mobile>0527180507</Mobile><Office>088001025</Office></DirectoryEntry><DirectoryEntry><Name>וקסלר יששכר מנחם מנדל</Name><Office>0583291011</Office></DirectoryEntry><DirectoryEntry><Name>וקסלר מנחם מנדל</Name><Mobile>0504120192</Mobile><Office>088542589</Office></DirectoryEntry><DirectoryEntry><Name>וקסלר משה יהודה לייב</Name><Office>086532323</Office></DirectoryEntry><DirectoryEntry><Name>וקסלר נחה</Name><Mobile>0504120122</Mobile><Office>036195819</Office></DirectoryEntry><DirectoryEntry><Name>וקסלר נפתלי נחמן</Name><Office>088582880</Office></DirectoryEntry><DirectoryEntry><Name>וקסלר שמחה בונם</Name><Office>0583220810</Office></DirectoryEntry><DirectoryEntry><Name>וקסלר שמחה בונם</Name><Mobile>0583244881</Mobile><Office>088001168</Office></DirectoryEntry><DirectoryEntry><Name>וקסמן משה</Name><Office>048445164</Office></DirectoryEntry><DirectoryEntry><Name>וקסמן שמואל יעקב</Name><Office>048445690</Office></DirectoryEntry><DirectoryEntry><Name>וקסשטוק אברהם יוסף</Name><Mobile>0583258332</Mobile><Office>025328780</Office></DirectoryEntry><DirectoryEntry><Name>וקסשטוק אברהם מרדכי יוסף</Name><Mobile>0533103204</Mobile><Office>036295617</Office></DirectoryEntry><DirectoryEntry><Name>וקסשטוק אלעזר</Name><Mobile>0527171848</Mobile><Office>025818972</Office></DirectoryEntry><DirectoryEntry><Name>וקסשטוק אפרים</Name><Office>088641846</Office></DirectoryEntry><DirectoryEntry><Name>וקסשטוק אפרים שרגא</Name><Mobile>0527183002</Mobile><Office>028000128</Office></DirectoryEntry><DirectoryEntry><Name>וקסשטוק ברוך</Name><Mobile>0548471520</Mobile><Office>089560011</Office></DirectoryEntry><DirectoryEntry><Name>וקסשטוק דוד</Name><Office>0556722983</Office></DirectoryEntry><DirectoryEntry><Name>וקסשטוק דוד</Name><Office>0548593342</Office></DirectoryEntry><DirectoryEntry><Name>וקסשטוק דוד</Name><Office>088000112</Office></DirectoryEntry><DirectoryEntry><Name>וקסשטוק דוד</Name><Mobile>0533132910</Mobile><Office>0533186485</Office></DirectoryEntry><DirectoryEntry><Name>וקסשטוק חיים שמחה בונם</Name><Office>0533168869</Office></DirectoryEntry><DirectoryEntry><Name>וקסשטוק חנוך יצחק משה</Name><Mobile>0533140141</Mobile><Office>088043049</Office></DirectoryEntry><DirectoryEntry><Name>וקסשטוק יהודה אריה</Name><Mobile>0533164594</Mobile><Office>088645943</Office></DirectoryEntry><DirectoryEntry><Name>וקסשטוק יהודה אריה לייב</Name><Office>0556755910</Office></DirectoryEntry><DirectoryEntry><Name>וקסשטוק יוסף</Name><Mobile>0548412983</Mobile><Office>029918983</Office></DirectoryEntry><DirectoryEntry><Name>וקסשטוק יעקב יהושע</Name><Mobile>0533164582</Mobile><Office>088640582</Office></DirectoryEntry><DirectoryEntry><Name>וקסשטוק יצחק מאיר</Name><Mobile>0533109988</Mobile><Office>048661647</Office></DirectoryEntry><DirectoryEntry><Name>וקסשטוק ישראל</Name><Mobile>0533102346</Mobile><Office>029910553</Office></DirectoryEntry><DirectoryEntry><Name>וקסשטוק ישראל</Name><Office>088001241</Office></DirectoryEntry><DirectoryEntry><Name>וקסשטוק מאיר</Name><Mobile>0504197466</Mobile><Office>025388466</Office></DirectoryEntry><DirectoryEntry><Name>וקסשטוק משה יוסף</Name><Office>0556783042</Office></DirectoryEntry><DirectoryEntry><Name>וקסשטוק משה יחיאל</Name><Mobile>0548448810</Mobile><Office>036476927</Office></DirectoryEntry><DirectoryEntry><Name>וקסשטוק משה מאיר</Name><Office>089561932</Office></DirectoryEntry><DirectoryEntry><Name>וקסשטוק נתן נטע</Name><Office>088001286</Office></DirectoryEntry><DirectoryEntry><Name>וקסשטוק פינחס אליהו</Name><Office>088558066</Office></DirectoryEntry><DirectoryEntry><Name>וקסשטוק פנחס מנחם</Name><Office>0533150302</Office></DirectoryEntry><DirectoryEntry><Name>וקסשטוק פנחס מנחם</Name><Mobile>0556781209</Mobile><Office>0556796550</Office></DirectoryEntry><DirectoryEntry><Name>וקסשטוק צבי</Name><Office>088568524</Office></DirectoryEntry><DirectoryEntry><Name>וקסשטוק צבי אפרים</Name><Office>088667578</Office></DirectoryEntry><DirectoryEntry><Name>וקסשטוק שאול יעקב</Name><Mobile>0533190777</Mobile><Office>036474280</Office></DirectoryEntry><DirectoryEntry><Name>וקסשטוק שמואל דוד</Name><Office>088652762</Office></DirectoryEntry><DirectoryEntry><Name>וקסשטוק שמחה בונם</Name><Office>0533194113</Office></DirectoryEntry><DirectoryEntry><Name>וקסשטוק שמחה בונם</Name><Mobile>0534102448</Mobile><Office>038069893</Office></DirectoryEntry><DirectoryEntry><Name>וקסשטוק שמשון</Name><Mobile>0533103130</Mobile><Office>035799976</Office></DirectoryEntry><DirectoryEntry><Name>וקסשטוק שמשון אליהו</Name><Mobile>0527695735</Mobile><Office>088666118</Office></DirectoryEntry><DirectoryEntry><Name>וקשטוק אברהם מרדכי</Name><Mobile>0533133131</Mobile><Office>035706277</Office></DirectoryEntry><DirectoryEntry><Name>וקשטוק אברהם מרדכי יוסף</Name><Mobile>0533138058</Mobile><Office>046938058</Office></DirectoryEntry><DirectoryEntry><Name>וקשטוק דוד</Name><Office>035793661</Office></DirectoryEntry><DirectoryEntry><Name>וקשטוק יואל אליעזר</Name><Mobile>0527618898</Mobile><Office>046931879</Office></DirectoryEntry><DirectoryEntry><Name>וקשטוק יצחק</Name><Mobile>0527125099</Mobile><Office>039080770</Office></DirectoryEntry><DirectoryEntry><Name>וקשטוק ישראל</Name><Mobile>0548453910</Mobile><Office>088659756</Office></DirectoryEntry><DirectoryEntry><Name>וקשטוק ישראל דוד</Name><Mobile>0533129223</Mobile></DirectoryEntry><DirectoryEntry><Name>וקשטוק ישראל יהודה דוד</Name><Mobile>0527682253</Mobile><Office>025375030</Office></DirectoryEntry><DirectoryEntry><Name>וקשטוק מרדכי יוסף</Name><Mobile>0533131652</Mobile><Office>026519352</Office></DirectoryEntry><DirectoryEntry><Name>וקשטוק משה</Name><Office>048010005</Office></DirectoryEntry><DirectoryEntry><Name>וקשטוק פנחס מנחם</Name><Office>0583218891</Office></DirectoryEntry><DirectoryEntry><Name>וקשטוק רבקה</Name><Mobile>0548435633</Mobile><Office>036188691</Office></DirectoryEntry><DirectoryEntry><Name>וקשטוק שמעון</Name><Mobile>0527608318</Mobile><Office>025663084</Office></DirectoryEntry><DirectoryEntry><Name>וקשטיין דב בעריש</Name><Office>088020043</Office></DirectoryEntry><DirectoryEntry><Name>וקשטיין חיים יוסף</Name><Mobile>0533109954</Mobile><Office>086811390</Office></DirectoryEntry><DirectoryEntry><Name>וקשטיין יהודה אריה לייב</Name><Mobile>0548439140</Mobile><Office>088033053</Office></DirectoryEntry><DirectoryEntry><Name>וקשטיין יהודה אריה מנחם</Name><Mobile>0533120884</Mobile></DirectoryEntry><DirectoryEntry><Name>וקשטיין יואל אלימלך</Name><Office>025387678</Office></DirectoryEntry><DirectoryEntry><Name>וקשטיין יואל אלימלך</Name><Mobile>0548476162</Mobile><Office>0777816162</Office></DirectoryEntry><DirectoryEntry><Name>וקשטיין יוסף דב</Name><Mobile>0527640940</Mobile><Office>036161948</Office></DirectoryEntry><DirectoryEntry><Name>וקשטיין יוסף יהונתן</Name><Mobile>0527158099</Mobile><Office>088001023</Office></DirectoryEntry><DirectoryEntry><Name>וקשטיין יעקב יצחק</Name><Mobile>0527694639</Mobile><Office>026223637</Office></DirectoryEntry><DirectoryEntry><Name>וקשטיין יצחק מאיר</Name><Mobile>0527610303</Mobile><Office>035705966</Office></DirectoryEntry><DirectoryEntry><Name>וקשטיין ישראל</Name><Office>088522435</Office></DirectoryEntry><DirectoryEntry><Name>וקשטיין ישראל</Name><Mobile>0548487596</Mobile><Office>089974488</Office></DirectoryEntry><DirectoryEntry><Name>וקשטיין ישראל יונתן</Name><Mobile>0527640950</Mobile><Office>048643572</Office></DirectoryEntry><DirectoryEntry><Name>וקשטיין נפתלי אהרן</Name><Mobile>0548525682</Mobile><Office>088679877</Office></DirectoryEntry><DirectoryEntry><Name>וקשטיין שלמה יהונתן</Name><Office>025402213</Office></DirectoryEntry><DirectoryEntry><Name>וקשטיין שרה</Name><Mobile>0527616881</Mobile><Office>025868815</Office></DirectoryEntry><DirectoryEntry><Name>ורדיגר אברהם אביגדור נחום</Name><Office>0548566391</Office></DirectoryEntry><DirectoryEntry><Name>ורדיגר אברהם ברוך</Name><Mobile>0527142240</Mobile><Office>035702478</Office></DirectoryEntry><DirectoryEntry><Name>ורדיגר אברהם יחזקאל</Name><Mobile>0548424101</Mobile><Office>035709018</Office></DirectoryEntry><DirectoryEntry><Name>ורדיגר אברהם מרדכי</Name><Mobile>0583229240</Mobile></DirectoryEntry><DirectoryEntry><Name>ורדיגר דוד</Name><Mobile>0527660321</Mobile><Office>048434443</Office></DirectoryEntry><DirectoryEntry><Name>ורדיגר דניאל מיכאל</Name><Mobile>0527635555</Mobile><Office>088670013</Office></DirectoryEntry><DirectoryEntry><Name>ורדיגר חוה</Name><Mobile>0505466469</Mobile><Office>088665664</Office></DirectoryEntry><DirectoryEntry><Name>ורדיגר חיים</Name><Mobile>0548436097</Mobile></DirectoryEntry><DirectoryEntry><Name>ורדיגר חנה</Name><Mobile>0504120424</Mobile><Office>035742468</Office></DirectoryEntry><DirectoryEntry><Name>ורדיגר יהודה אריה</Name><Mobile>0533191960</Mobile><Office>035791960</Office></DirectoryEntry><DirectoryEntry><Name>ורדיגר יהודה אריה</Name><Office>035709888</Office></DirectoryEntry><DirectoryEntry><Name>ורדיגר יהושע</Name><Mobile>0533107107</Mobile><Office>088033063</Office></DirectoryEntry><DirectoryEntry><Name>ורדיגר יוסף מאיר</Name><Mobile>0533130515</Mobile><Office>036192807</Office></DirectoryEntry><DirectoryEntry><Name>ורדיגר יחיאל מיכל</Name><Mobile>0504124560</Mobile><Office>036185398</Office></DirectoryEntry><DirectoryEntry><Name>ורדיגר יעקב יהודה אריה</Name><Mobile>0504111219</Mobile><Office>088659676</Office></DirectoryEntry><DirectoryEntry><Name>ורדיגר יעקב מאיר</Name><Mobile>0527152932</Mobile><Office>036473378</Office></DirectoryEntry><DirectoryEntry><Name>ורדיגר יצחק מאיר</Name><Office>088665480</Office></DirectoryEntry><DirectoryEntry><Name>ורדיגר ישראל</Name><Mobile>0527112200</Mobile><Office>088651702</Office></DirectoryEntry><DirectoryEntry><Name>ורדיגר ישראל</Name><Mobile>0527615355</Mobile><Office>088659469</Office></DirectoryEntry><DirectoryEntry><Name>ורדיגר ישראל</Name><Mobile>0548444551</Mobile><Office>025384028</Office></DirectoryEntry><DirectoryEntry><Name>ורדיגר ישראל</Name><Mobile>0583292107</Mobile><Office>0583292100</Office></DirectoryEntry><DirectoryEntry><Name>ורדיגר ישראל אריה</Name><Office>035285663</Office></DirectoryEntry><DirectoryEntry><Name>ורדיגר ישראל מרדכי</Name><Office>088043031</Office></DirectoryEntry><DirectoryEntry><Name>ורדיגר מרדכי</Name><Mobile>0507210762</Mobile><Office>035701044</Office></DirectoryEntry><DirectoryEntry><Name>ורדיגר נתן יחזקאל</Name><Office>036188340</Office></DirectoryEntry><DirectoryEntry><Name>ורדיגר פינחס מנחם</Name><Mobile>0534188802</Mobile><Office>0534188803</Office></DirectoryEntry><DirectoryEntry><Name>ורדיגר פינחס מנחם</Name><Office>0556772726</Office></DirectoryEntry><DirectoryEntry><Name>ורדיגר פנחס אהרן</Name><Office>088020132</Office></DirectoryEntry><DirectoryEntry><Name>ורדיגר פנחס חנוך</Name><Mobile>0533182441</Mobile><Office>036482441</Office></DirectoryEntry><DirectoryEntry><Name>ורדיגר פנחס מנחם</Name><Office>0556782466</Office></DirectoryEntry><DirectoryEntry><Name>ורדיגר רבקה מלכה</Name><Office>025382928</Office></DirectoryEntry><DirectoryEntry><Name>ורדיגר שלמה זלמן</Name><Mobile>0527133388</Mobile></DirectoryEntry><DirectoryEntry><Name>ורדיגר שמחה בונם</Name><Mobile>0527188450</Mobile></DirectoryEntry><DirectoryEntry><Name>ורדיגר שמחה בונם</Name><Office>0583211567</Office></DirectoryEntry><DirectoryEntry><Name>ורדיגר שמחה בונם</Name><Office>0548491230</Office></DirectoryEntry><DirectoryEntry><Name>ורשביאק חיה אסתר</Name><Office>048440048</Office></DirectoryEntry><DirectoryEntry><Name>ורשביאק יהודה אריה לייב</Name><Office>088606794</Office></DirectoryEntry><DirectoryEntry><Name>ורשביאק יהודה צבי</Name><Office>025381777</Office></DirectoryEntry><DirectoryEntry><Name>ורשביאק יצחק אייזיק</Name><Mobile>0527152829</Mobile><Office>025384306</Office></DirectoryEntry><DirectoryEntry><Name>ורשביאק ישראל</Name><Office>029997608</Office></DirectoryEntry><DirectoryEntry><Name>ורשביאק לוי</Name><Office>0527155202</Office></DirectoryEntry><DirectoryEntry><Name>ורשביאק משה יונה</Name><Office>046860145</Office></DirectoryEntry><DirectoryEntry><Name>ורשביאק משה מאיר</Name><Office>029952336</Office></DirectoryEntry><DirectoryEntry><Name>ורשביאק נחום ישראל</Name><Mobile>0548453826</Mobile><Office>025382685</Office></DirectoryEntry><DirectoryEntry><Name>ורשביאק פנחס אליהו</Name><Mobile>0527639919</Mobile><Office>035784144</Office></DirectoryEntry><DirectoryEntry><Name>ורשביאק רבקה</Name><Office>025821334</Office></DirectoryEntry><DirectoryEntry><Name>ורשואר אלכסנדר זיסמן</Name><Mobile>0527636784</Mobile><Office>086815583</Office></DirectoryEntry><DirectoryEntry><Name>ורשואר אלכסנדר זיסמן דוד</Name><Mobile>0527130240</Mobile><Office>088660111</Office></DirectoryEntry><DirectoryEntry><Name>ורשואר זיסמן</Name><Office>0772400322</Office></DirectoryEntry><DirectoryEntry><Name>ורשואר חנה</Name><Office>026501865</Office></DirectoryEntry><DirectoryEntry><Name>ורשואר יהודה</Name><Office>025813238</Office></DirectoryEntry><DirectoryEntry><Name>ורשואר יוסף בנימין</Name><Mobile>0527623113</Mobile><Office>088643113</Office></DirectoryEntry><DirectoryEntry><Name>ורשואר יחיאל יהושע</Name><Mobile>0507182888</Mobile><Office>0722323723</Office></DirectoryEntry><DirectoryEntry><Name>ורשואר יצחק מאיר</Name><Mobile>0583299577</Mobile><Office>0556786542</Office></DirectoryEntry><DirectoryEntry><Name>ורשואר ירחמיאל משה</Name><Mobile>0527641378</Mobile><Office>0527660979</Office></DirectoryEntry><DirectoryEntry><Name>ורשואר ישראל</Name><Office>0527193725</Office></DirectoryEntry><DirectoryEntry><Name>ורשואר ישראל יעקב</Name><Mobile>0548424842</Mobile><Office>0777811093</Office></DirectoryEntry><DirectoryEntry><Name>ורשואר פינחס מנחם</Name><Mobile>0527660979</Mobile></DirectoryEntry><DirectoryEntry><Name>ורשואר שמחה בונם</Name><Office>0548457788</Office></DirectoryEntry><DirectoryEntry><Name>ורשואר שמחה בונם</Name><Office>088023233</Office></DirectoryEntry><DirectoryEntry><Name>ורשואר שמעון אליהו</Name><Office>0556744566</Office></DirectoryEntry></YealinkIPPhoneDirectory>