<?xml version='1.0' encoding='utf-8'?>
<YealinkIPPhoneDirectory><Title>ספר טלפונים – י</Title><DirectoryEntry><Name>יאדלר משה מאיר</Name><Mobile>0533124589</Mobile><Office>025824589</Office></DirectoryEntry><DirectoryEntry><Name>יאדלר שמואל</Name><Mobile>0504123453</Mobile><Office>025858314</Office></DirectoryEntry><DirectoryEntry><Name>יאכאמוביץ אברהם</Name><Office>0583242846</Office></DirectoryEntry><DirectoryEntry><Name>יאלאס יצחק ישראל</Name><Mobile>0548418655</Mobile><Office>088655597</Office></DirectoryEntry><DirectoryEntry><Name>יאלאס ישראל מרדכי</Name><Mobile>0533198745</Mobile><Office>0527107947</Office></DirectoryEntry><DirectoryEntry><Name>יאלאס פנחס מנחם</Name><Office>0556791143</Office></DirectoryEntry><DirectoryEntry><Name>יאלאס שמואל זאב</Name><Office>0533189194</Office></DirectoryEntry><DirectoryEntry><Name>יאלאס שמחה בונם</Name><Office>0533134885</Office></DirectoryEntry><DirectoryEntry><Name>יאלאס שמחה בונם</Name><Office>0504108895</Office></DirectoryEntry><DirectoryEntry><Name>יאמניק אלחנן דב</Name><Mobile>0548470726</Mobile><Office>035702675</Office></DirectoryEntry><DirectoryEntry><Name>יאמניק חיים אברהם</Name><Mobile>0533131700</Mobile><Office>026522710</Office></DirectoryEntry><DirectoryEntry><Name>יאמניק יהודה מנחם</Name><Office>088008066</Office></DirectoryEntry><DirectoryEntry><Name>יאמניק ישראל מנחם</Name><Mobile>0504172024</Mobile><Office>025382434</Office></DirectoryEntry><DirectoryEntry><Name>יאמניק מרדכי אריה</Name><Mobile>0504177786</Mobile><Office>046935072</Office></DirectoryEntry><DirectoryEntry><Name>יאמניק סיני שלמה</Name><Mobile>0556729940</Mobile><Office>0556731978</Office></DirectoryEntry><DirectoryEntry><Name>יאמניק פנינה</Name><Office>035702682</Office></DirectoryEntry><DirectoryEntry><Name>יאמניק רבקה</Name><Office>026414902</Office></DirectoryEntry><DirectoryEntry><Name>יבלונסקי זיסל</Name><Office>039691360</Office></DirectoryEntry><DirectoryEntry><Name>ידוואב אברהם מרדכי אלחנן</Name><Mobile>0533100260</Mobile><Office>086469521</Office></DirectoryEntry><DirectoryEntry><Name>ידוואב חיים שמואל</Name><Office>0556748036</Office></DirectoryEntry><DirectoryEntry><Name>ידוואב יהודה אריה</Name><Office>036184771</Office></DirectoryEntry><DirectoryEntry><Name>ידוואב ישראל</Name><Mobile>0527170233</Mobile><Office>046938874</Office></DirectoryEntry><DirectoryEntry><Name>ידוואב לאה</Name><Mobile>0533167527</Mobile><Office>088675285</Office></DirectoryEntry><DirectoryEntry><Name>ידוואב מנחם מנדל</Name><Office>036180355</Office></DirectoryEntry><DirectoryEntry><Name>ידלר פרידה</Name><Mobile>0527622791</Mobile><Office>035796576</Office></DirectoryEntry><DirectoryEntry><Name>יוד דוד</Name><Mobile>0527616169</Mobile><Office>029916321</Office></DirectoryEntry><DirectoryEntry><Name>יוד יוסף דב</Name><Mobile>0504172747</Mobile><Office>029918747</Office></DirectoryEntry><DirectoryEntry><Name>יוד ישראל</Name><Office>088553620</Office></DirectoryEntry><DirectoryEntry><Name>יוד ישראל אברהם</Name><Mobile>0527616166</Mobile><Office>035797355</Office></DirectoryEntry><DirectoryEntry><Name>יוד מנחם</Name><Mobile>0527616168</Mobile><Office>029995765</Office></DirectoryEntry><DirectoryEntry><Name>יוד מנחם מרדכי</Name><Office>025381611</Office></DirectoryEntry><DirectoryEntry><Name>יוד מרדכי יוסף</Name><Mobile>0527623338</Mobile><Office>025820554</Office></DirectoryEntry><DirectoryEntry><Name>יודקביץ אביגדור</Name><Mobile>0548449945</Mobile><Office>035704877</Office></DirectoryEntry><DirectoryEntry><Name>יודקביץ אברהם צבי</Name><Mobile>0527110184</Mobile><Office>088043016</Office></DirectoryEntry><DirectoryEntry><Name>יודקביץ אלעזר טוביה</Name><Mobile>0534166660</Mobile></DirectoryEntry><DirectoryEntry><Name>יודקביץ גדליהו מרדכי</Name><Mobile>0548449587</Mobile><Office>025823280</Office></DirectoryEntry><DirectoryEntry><Name>יודקביץ חיים שמואל</Name><Office>0527131258</Office></DirectoryEntry><DirectoryEntry><Name>יודקביץ חנה רחל</Name><Mobile>0527171205</Mobile><Office>088001121</Office></DirectoryEntry><DirectoryEntry><Name>יודקביץ יעקב אליעזר</Name><Mobile>0533133155</Mobile><Office>088020078</Office></DirectoryEntry><DirectoryEntry><Name>יודקביץ ישראל</Name><Mobile>0548420547</Mobile><Office>029910547</Office></DirectoryEntry><DirectoryEntry><Name>יודקביץ ישראל</Name><Mobile>0548449584</Mobile><Office>0774245837</Office></DirectoryEntry><DirectoryEntry><Name>יודקביץ ישראל</Name><Mobile>0583287472</Mobile></DirectoryEntry><DirectoryEntry><Name>יודקביץ מאיר יעקב</Name><Mobile>0527113700</Mobile><Office>088033076</Office></DirectoryEntry><DirectoryEntry><Name>יודקביץ מאיר שמחה בונם</Name><Office>0548453431</Office></DirectoryEntry><DirectoryEntry><Name>יודקביץ מרדכי גדליה</Name><Mobile>0533110110</Mobile><Office>088641650</Office></DirectoryEntry><DirectoryEntry><Name>יודקביץ נטע</Name><Mobile>0533199902</Mobile><Office>029990277</Office></DirectoryEntry><DirectoryEntry><Name>יודקביץ פנחס מנחם</Name><Mobile>0556721093</Mobile><Office>0556775930</Office></DirectoryEntry><DirectoryEntry><Name>יודקביץ שמואל זנויל</Name><Mobile>0527695170</Mobile><Office>088668536</Office></DirectoryEntry><DirectoryEntry><Name>יודקביץ שמואל רפאל</Name><Mobile>0548449586</Mobile><Office>036164070</Office></DirectoryEntry><DirectoryEntry><Name>יונג יוסף</Name><Mobile>0504102152</Mobile><Office>028005455</Office></DirectoryEntry><DirectoryEntry><Name>יונג משה</Name><Mobile>0527181161</Mobile><Office>089958569</Office></DirectoryEntry><DirectoryEntry><Name>יונס אברהם צבי מרדכי</Name><Mobile>0556720990</Mobile><Office>0583201510</Office></DirectoryEntry><DirectoryEntry><Name>יונס אסתר</Name><Mobile>0504121531</Mobile><Office>036744876</Office></DirectoryEntry><DirectoryEntry><Name>יונס שמעון</Name><Mobile>0504121544</Mobile><Office>036744876</Office></DirectoryEntry><DirectoryEntry><Name>יוסטמן אברהם מרדכי</Name><Mobile>0583263756</Mobile><Office>0548533463</Office></DirectoryEntry><DirectoryEntry><Name>יוסטמן חיים משולם</Name><Mobile>0504121212</Mobile><Office>025376094</Office></DirectoryEntry><DirectoryEntry><Name>יוסטמן יהושע אשר</Name><Mobile>0548448415</Mobile><Office>036199970</Office></DirectoryEntry><DirectoryEntry><Name>יוסטמן יצחק מאיר</Name><Office>0583268607</Office></DirectoryEntry><DirectoryEntry><Name>יוסטמן ישראל</Name><Office>0527105890</Office></DirectoryEntry><DirectoryEntry><Name>יוסטמן מרדכי צבי</Name><Mobile>0504145550</Mobile><Office>036187242</Office></DirectoryEntry><DirectoryEntry><Name>יוסטמן נתן אליעזר</Name><Office>035792188</Office></DirectoryEntry><DirectoryEntry><Name>יוסטמן פנחס מנחם מנדל</Name><Office>029923829</Office></DirectoryEntry><DirectoryEntry><Name>יוסטמן שמחה בונם</Name><Office>035780581</Office></DirectoryEntry><DirectoryEntry><Name>יוסקוביץ אברהם</Name><Mobile>0527180658</Mobile><Office>088603022</Office></DirectoryEntry><DirectoryEntry><Name>יוסקוביץ אברהם</Name><Office>036198736</Office></DirectoryEntry><DirectoryEntry><Name>יוסקוביץ אברהם אהרן</Name><Mobile>0527610638</Mobile><Office>025002088</Office></DirectoryEntry><DirectoryEntry><Name>יוסקוביץ אברהם מרדכי</Name><Office>025380561</Office></DirectoryEntry><DirectoryEntry><Name>יוסקוביץ אברהם מרדכי</Name><Mobile>0533124929</Mobile><Office>048452685</Office></DirectoryEntry><DirectoryEntry><Name>יוסקוביץ אברהם מרדכי</Name><Mobile>0583233014</Mobile><Office>088033074</Office></DirectoryEntry><DirectoryEntry><Name>יוסקוביץ אהרן נח</Name><Mobile>0527662145</Mobile><Office>088542145</Office></DirectoryEntry><DirectoryEntry><Name>יוסקוביץ אהרן נח</Name><Office>029998523</Office></DirectoryEntry><DirectoryEntry><Name>יוסקוביץ אפרים שמחה בונם</Name><Office>0583273202</Office></DirectoryEntry><DirectoryEntry><Name>יוסקוביץ בנימין</Name><Mobile>0527111033</Mobile><Office>086758302</Office></DirectoryEntry><DirectoryEntry><Name>יוסקוביץ דב</Name><Mobile>0527113303</Mobile><Office>035704599</Office></DirectoryEntry><DirectoryEntry><Name>יוסקוביץ דב מנחם</Name><Mobile>0533161933</Mobile><Office>036193372</Office></DirectoryEntry><DirectoryEntry><Name>יוסקוביץ דוד</Name><Mobile>0504105367</Mobile><Office>0504105376</Office></DirectoryEntry><DirectoryEntry><Name>יוסקוביץ זאב</Name><Mobile>0533151045</Mobile><Office>036195590</Office></DirectoryEntry><DirectoryEntry><Name>יוסקוביץ זלמן צבי</Name><Mobile>0504152330</Mobile><Office>036183132</Office></DirectoryEntry><DirectoryEntry><Name>יוסקוביץ טובה פנינה</Name><Mobile>0533194333</Mobile><Office>036493718</Office></DirectoryEntry><DirectoryEntry><Name>יוסקוביץ יהודה אריה</Name><Office>035708088</Office></DirectoryEntry><DirectoryEntry><Name>יוסקוביץ יהודה אריה לייב</Name><Office>088666816</Office></DirectoryEntry><DirectoryEntry><Name>יוסקוביץ יהודה אריה לייב</Name><Mobile>0548477957</Mobile><Office>038060101</Office></DirectoryEntry><DirectoryEntry><Name>יוסקוביץ יהודה אריה לייב</Name><Office>0548417002</Office></DirectoryEntry><DirectoryEntry><Name>יוסקוביץ יהודה אריה לייב</Name><Mobile>0526076272</Mobile><Office>036108488</Office></DirectoryEntry><DirectoryEntry><Name>יוסקוביץ יהודה אריה לייב</Name><Mobile>0504112345</Mobile><Office>088020069</Office></DirectoryEntry><DirectoryEntry><Name>יוסקוביץ יהודה נחמיה</Name><Mobile>0527614077</Mobile><Office>025709749</Office></DirectoryEntry><DirectoryEntry><Name>יוסקוביץ יהושע</Name><Mobile>0547126126</Mobile><Office>036191714</Office></DirectoryEntry><DirectoryEntry><Name>יוסקוביץ יוסף</Name><Mobile>0504115709</Mobile><Office>088679725</Office></DirectoryEntry><DirectoryEntry><Name>יוסקוביץ יוסף</Name><Mobile>0533112501</Mobile><Office>035704380</Office></DirectoryEntry><DirectoryEntry><Name>יוסקוביץ יוסף מאיר</Name><Mobile>0548480837</Mobile></DirectoryEntry><DirectoryEntry><Name>יוסקוביץ יוסף מאיר</Name><Office>0527661196</Office></DirectoryEntry><DirectoryEntry><Name>יוסקוביץ יוסף מיכאל</Name><Mobile>0527181196</Mobile><Office>088020085</Office></DirectoryEntry><DirectoryEntry><Name>יוסקוביץ יחיאל מנס ליפא</Name><Office>036162410</Office></DirectoryEntry><DirectoryEntry><Name>יוסקוביץ יעקב יוסף</Name><Mobile>0527616796</Mobile><Office>035784868</Office></DirectoryEntry><DirectoryEntry><Name>יוסקוביץ יעקב שמחה בונם</Name><Office>0534111820</Office></DirectoryEntry><DirectoryEntry><Name>יוסקוביץ יצחק מאיר</Name><Office>0527697624</Office></DirectoryEntry><DirectoryEntry><Name>יוסקוביץ יצחק מאיר</Name><Office>0556730434</Office></DirectoryEntry><DirectoryEntry><Name>יוסקוביץ יצחק שאול</Name><Mobile>0533136040</Mobile><Office>025025004</Office></DirectoryEntry><DirectoryEntry><Name>יוסקוביץ יצחק שמואל</Name><Mobile>0533197503</Mobile><Office>029997502</Office></DirectoryEntry><DirectoryEntry><Name>יוסקוביץ יקותיאל צבי</Name><Office>0583236788</Office></DirectoryEntry><DirectoryEntry><Name>יוסקוביץ יקותיאל צבי</Name><Mobile>0527153335</Mobile><Office>025341786</Office></DirectoryEntry><DirectoryEntry><Name>יוסקוביץ ישראל</Name><Mobile>0528026330</Mobile><Office>0777193284</Office></DirectoryEntry><DirectoryEntry><Name>יוסקוביץ ישראל</Name><Mobile>0527142143</Mobile><Office>048641516</Office></DirectoryEntry><DirectoryEntry><Name>יוסקוביץ ישראל</Name><Mobile>0548439696</Mobile><Office>029994515</Office></DirectoryEntry><DirectoryEntry><Name>יוסקוביץ ישראל</Name><Mobile>0527172002</Mobile><Office>089950668</Office></DirectoryEntry><DirectoryEntry><Name>יוסקוביץ ישראל</Name><Mobile>0527661669</Mobile><Office>088604921</Office></DirectoryEntry><DirectoryEntry><Name>יוסקוביץ ישראל יחזקאל</Name><Office>0773313212</Office></DirectoryEntry><DirectoryEntry><Name>יוסקוביץ ישראל מאיר</Name><Mobile>0527686825</Mobile><Office>088001060</Office></DirectoryEntry><DirectoryEntry><Name>יוסקוביץ ישראל צבי</Name><Mobile>0527671915</Mobile><Office>029951490</Office></DirectoryEntry><DirectoryEntry><Name>יוסקוביץ לייבל</Name><Mobile>0533152021</Mobile><Office>035783432</Office></DirectoryEntry><DirectoryEntry><Name>יוסקוביץ מיכאל</Name><Mobile>0504111878</Mobile><Office>088661911</Office></DirectoryEntry><DirectoryEntry><Name>יוסקוביץ מרדכי בנימין</Name><Mobile>0533100373</Mobile><Office>026521094</Office></DirectoryEntry><DirectoryEntry><Name>יוסקוביץ משה זאב</Name><Mobile>0548404146</Mobile><Office>035707078</Office></DirectoryEntry><DirectoryEntry><Name>יוסקוביץ משה חיים</Name><Mobile>0527622894</Mobile><Office>036187279</Office></DirectoryEntry><DirectoryEntry><Name>יוסקוביץ משה יהודה לייב</Name><Mobile>0504111333</Mobile><Office>088640605</Office></DirectoryEntry><DirectoryEntry><Name>יוסקוביץ משה מאיר</Name><Mobile>0527118600</Mobile><Office>035700025</Office></DirectoryEntry><DirectoryEntry><Name>יוסקוביץ משה מאיר דוד</Name><Mobile>0527686413</Mobile><Office>036162648</Office></DirectoryEntry><DirectoryEntry><Name>יוסקוביץ משה שלמה</Name><Mobile>0533132524</Mobile><Office>025002331</Office></DirectoryEntry><DirectoryEntry><Name>יוסקוביץ עקיבא</Name><Mobile>0548486467</Mobile><Office>036165717</Office></DirectoryEntry><DirectoryEntry><Name>יוסקוביץ פסיה</Name><Mobile>0533151045</Mobile><Office>036195590</Office></DirectoryEntry><DirectoryEntry><Name>יוסקוביץ צבי חנוך</Name><Mobile>0527155255</Mobile><Office>048628685</Office></DirectoryEntry><DirectoryEntry><Name>יוסקוביץ שמואל</Name><Mobile>0548524223</Mobile></DirectoryEntry><DirectoryEntry><Name>יוסקוביץ שמחה בונם</Name><Office>086529001</Office></DirectoryEntry><DirectoryEntry><Name>יוסקוביץ שמחה בונם</Name><Mobile>0548441609</Mobile></DirectoryEntry><DirectoryEntry><Name>יוסקוביץ שמחה בונם</Name><Office>0583203022</Office></DirectoryEntry><DirectoryEntry><Name>יוסקוביץ שמחה בונם</Name><Office>0533103051</Office></DirectoryEntry><DirectoryEntry><Name>ימפולסקי אבנר</Name><Office>026510217</Office></DirectoryEntry><DirectoryEntry><Name>ימפולסקי משה אהרן שמעון</Name><Office>035620292</Office></DirectoryEntry><DirectoryEntry><Name>ינקלביץ אברהם</Name><Office>0583225666</Office></DirectoryEntry><DirectoryEntry><Name>ינקלביץ אברהם אליהו</Name><Mobile>0533138149</Mobile><Office>0504148342</Office></DirectoryEntry><DirectoryEntry><Name>ינקלביץ אברהם אליהו</Name><Office>0527699443</Office></DirectoryEntry><DirectoryEntry><Name>ינקלביץ אהרן</Name><Mobile>0504101032</Mobile><Office>048441445</Office></DirectoryEntry><DirectoryEntry><Name>ינקלביץ אפרים</Name><Mobile>0556730049</Mobile><Office>088030149</Office></DirectoryEntry><DirectoryEntry><Name>ינקלביץ אשר חנוך</Name><Mobile>0533107100</Mobile><Office>048674721</Office></DirectoryEntry><DirectoryEntry><Name>ינקלביץ זהבה</Name><Office>036194711</Office></DirectoryEntry><DirectoryEntry><Name>ינקלביץ זלמן משה</Name><Mobile>0504148345</Mobile><Office>088560466</Office></DirectoryEntry><DirectoryEntry><Name>ינקלביץ חנה רבקה</Name><Mobile>0533199103</Mobile><Office>086497413</Office></DirectoryEntry><DirectoryEntry><Name>ינקלביץ טוביה</Name><Office>0527178800</Office></DirectoryEntry><DirectoryEntry><Name>ינקלביץ יוסף אריה</Name><Office>088676870</Office></DirectoryEntry><DirectoryEntry><Name>ינקלביץ יוסף זאב</Name><Office>036199586</Office></DirectoryEntry><DirectoryEntry><Name>ינקלביץ יעקב</Name><Mobile>0527618741</Mobile><Office>026523895</Office></DirectoryEntry><DirectoryEntry><Name>ינקלביץ יצחק דוד</Name><Office>028030009</Office></DirectoryEntry><DirectoryEntry><Name>ינקלביץ ישעיהו</Name><Mobile>0504146760</Mobile><Office>088558265</Office></DirectoryEntry><DirectoryEntry><Name>ינקלביץ ישראל</Name><Mobile>0527601188</Mobile><Office>089561700</Office></DirectoryEntry><DirectoryEntry><Name>ינקלביץ ישראל</Name><Mobile>0548431695</Mobile><Office>028080041</Office></DirectoryEntry><DirectoryEntry><Name>ינקלביץ ישראל</Name><Mobile>0504188904</Mobile><Office>086601904</Office></DirectoryEntry><DirectoryEntry><Name>ינקלביץ ישראל מאיר</Name><Mobile>0504101033</Mobile><Office>029997375</Office></DirectoryEntry><DirectoryEntry><Name>ינקלביץ מאיר</Name><Office>0533133686</Office></DirectoryEntry><DirectoryEntry><Name>ינקלביץ מאיר</Name><Mobile>0533199102</Mobile><Office>086810664</Office></DirectoryEntry><DirectoryEntry><Name>ינקלביץ מרדכי</Name><Mobile>0504101031</Mobile><Office>048664145</Office></DirectoryEntry><DirectoryEntry><Name>ינקלביץ עוזר דוד</Name><Mobile>0527667285</Mobile><Office>029999451</Office></DirectoryEntry><DirectoryEntry><Name>ינקלביץ צבי</Name><Mobile>0533150739</Mobile><Office>088550739</Office></DirectoryEntry><DirectoryEntry><Name>ינקלביץ שלמה זלמן</Name><Mobile>0533124854</Mobile><Office>035080977</Office></DirectoryEntry><DirectoryEntry><Name>ינקלביץ שלמה זלמן</Name><Mobile>0504123345</Mobile><Office>036495737</Office></DirectoryEntry><DirectoryEntry><Name>ינקלביץ שמחה בונם</Name><Office>0548470982</Office></DirectoryEntry><DirectoryEntry><Name>ינקלביץ שמחה בונם</Name><Office>0583247550</Office></DirectoryEntry><DirectoryEntry><Name>ינקלביץ שמעון</Name><Office>0527146921</Office></DirectoryEntry><DirectoryEntry><Name>יעקובוביץ אברהם אבא</Name><Mobile>0548473835</Mobile><Office>035740744</Office></DirectoryEntry><DirectoryEntry><Name>יעקובוביץ אשר ישעיה</Name><Mobile>0533126139</Mobile><Office>025386199</Office></DirectoryEntry><DirectoryEntry><Name>יעקובוביץ יעקב</Name><Office>035749257</Office></DirectoryEntry><DirectoryEntry><Name>יעקובוביץ יעקב אהרן</Name><Mobile>0548461850</Mobile><Office>035709705</Office></DirectoryEntry><DirectoryEntry><Name>יעקובוביץ יצחק יואל</Name><Mobile>0533115644</Mobile><Office>04698831</Office></DirectoryEntry><DirectoryEntry><Name>יעקובוביץ ישראל אהרן</Name><Mobile>0533194338</Mobile><Office>029994337</Office></DirectoryEntry><DirectoryEntry><Name>יעקובוביץ ישראל יוסף</Name><Office>035700806</Office></DirectoryEntry><DirectoryEntry><Name>יעקובוביץ מרדכי</Name><Mobile>0556782809</Mobile><Office>0556782810</Office></DirectoryEntry><DirectoryEntry><Name>יעקובוביץ צבי פנחס</Name><Mobile>0527642528</Mobile><Office>039331704</Office></DirectoryEntry><DirectoryEntry><Name>יעקובסון אהרן</Name><Mobile>0583277072</Mobile><Office>038058085</Office></DirectoryEntry><DirectoryEntry><Name>יעקובסון בצלאל</Name><Mobile>0527123007</Mobile></DirectoryEntry><DirectoryEntry><Name>יעקובסון ישראל מאיר</Name><Mobile>0533157819</Mobile><Office>035781929</Office></DirectoryEntry><DirectoryEntry><Name>יעקובסון שבתי</Name><Mobile>0533177042</Mobile><Office>036191052</Office></DirectoryEntry><DirectoryEntry><Name>ירט אברהם</Name><Mobile>0527683131</Mobile><Office>025385637</Office></DirectoryEntry><DirectoryEntry><Name>ירט אברהם מרדכי</Name><Mobile>0504106533</Mobile><Office>086880433</Office></DirectoryEntry><DirectoryEntry><Name>ירט אברהם פנחס</Name><Mobile>0548449007</Mobile><Office>025324817</Office></DirectoryEntry><DirectoryEntry><Name>ירט אוריאל</Name><Mobile>0527636923</Mobile><Office>088662756</Office></DirectoryEntry><DirectoryEntry><Name>ירט אליהו</Name><Mobile>0504100101</Mobile><Office>089457544</Office></DirectoryEntry><DirectoryEntry><Name>ירט אלעזר</Name><Mobile>0533185603</Mobile><Office>088560003</Office></DirectoryEntry><DirectoryEntry><Name>ירט בנימין מרדכי</Name><Mobile>0527664385</Mobile><Office>029914335</Office></DirectoryEntry><DirectoryEntry><Name>ירט דוד</Name><Mobile>0548449000</Mobile><Office>036771272</Office></DirectoryEntry><DirectoryEntry><Name>ירט חנניה</Name><Mobile>0527623100</Mobile><Office>046937346</Office></DirectoryEntry><DirectoryEntry><Name>ירט טוביה</Name><Mobile>0527615637</Mobile><Office>025385637</Office></DirectoryEntry><DirectoryEntry><Name>ירט יהודה</Name><Mobile>0527679990</Mobile><Office>025382312</Office></DirectoryEntry><DirectoryEntry><Name>ירט יהודה אריה לייב</Name><Office>0534190177</Office></DirectoryEntry><DirectoryEntry><Name>ירט יהודה אריה לייב</Name><Mobile>0527140554</Mobile><Office>089979492</Office></DirectoryEntry><DirectoryEntry><Name>ירט יוסף מנחם</Name><Mobile>0533144100</Mobile><Office>048645796</Office></DirectoryEntry><DirectoryEntry><Name>ירט יחיאל</Name><Mobile>0533186630</Mobile><Office>088663911</Office></DirectoryEntry><DirectoryEntry><Name>ירט יחיאל מיכאל</Name><Mobile>0527146090</Mobile></DirectoryEntry><DirectoryEntry><Name>ירט יצחק מאיר</Name><Office>0556720063</Office></DirectoryEntry><DirectoryEntry><Name>ירט ישעיה</Name><Mobile>0504133363</Mobile><Office>088558277</Office></DirectoryEntry><DirectoryEntry><Name>ירט ישראל</Name><Office>088580430</Office></DirectoryEntry><DirectoryEntry><Name>ירט ישראל</Name><Mobile>0533185372</Mobile><Office>025449968</Office></DirectoryEntry><DirectoryEntry><Name>ירט ישראל</Name><Mobile>0533120222</Mobile><Office>0772400250</Office></DirectoryEntry><DirectoryEntry><Name>ירט ישראל</Name><Mobile>0527116004</Mobile><Office>088033023</Office></DirectoryEntry><DirectoryEntry><Name>ירט ישראל מאיר</Name><Mobile>0527640179</Mobile><Office>025373090</Office></DirectoryEntry><DirectoryEntry><Name>ירט ישראל שלמה</Name><Mobile>0527624354</Mobile><Office>025700408</Office></DirectoryEntry><DirectoryEntry><Name>ירט מרדכי</Name><Mobile>0527634010</Mobile><Office>088667297</Office></DirectoryEntry><DirectoryEntry><Name>ירט פנחס מנחם</Name><Mobile>0527697442</Mobile><Office>025401239</Office></DirectoryEntry><DirectoryEntry><Name>ירט פנחס מנחם</Name><Mobile>0533133448</Mobile><Office>0534156730</Office></DirectoryEntry><DirectoryEntry><Name>ירט פנחס שמריהו</Name><Mobile>0583292504</Mobile><Office>029992504</Office></DirectoryEntry><DirectoryEntry><Name>ירט צבי אשר</Name><Office>0527183477</Office></DirectoryEntry><DirectoryEntry><Name>ירט שושנה רייזל</Name><Office>025825827</Office></DirectoryEntry><DirectoryEntry><Name>ירט שלמה אליהו</Name><Mobile>0548449005</Mobile><Office>088660857</Office></DirectoryEntry><DirectoryEntry><Name>ירט שמואל אלחנן</Name><Office>0533167310</Office></DirectoryEntry><DirectoryEntry><Name>ירט שמחה בונם</Name><Office>0548598928</Office></DirectoryEntry><DirectoryEntry><Name>ירט שמחה בונם</Name><Office>0548442313</Office></DirectoryEntry><DirectoryEntry><Name>ירט שמחה בונם</Name><Office>0533111858</Office></DirectoryEntry><DirectoryEntry><Name>ירט שמריהו</Name><Mobile>0527150375</Mobile><Office>048620949</Office></DirectoryEntry><DirectoryEntry><Name>ירט שמריהו</Name><Mobile>0548414180</Mobile><Office>089974495</Office></DirectoryEntry><DirectoryEntry><Name>ישראלוביץ אברהם מרדכי</Name><Mobile>0527685689</Mobile><Office>0773005211</Office></DirectoryEntry><DirectoryEntry><Name>ישראלוביץ אלימלך יהודה</Name><Mobile>0533157372</Mobile><Office>0548567125</Office></DirectoryEntry><DirectoryEntry><Name>ישראלוביץ אלימלך יחיאל</Name><Mobile>0527646161</Mobile><Office>035708442</Office></DirectoryEntry><DirectoryEntry><Name>ישראלוביץ אלעזר</Name><Office>0556724148</Office></DirectoryEntry><DirectoryEntry><Name>ישראלוביץ אלתר אברהם צבי</Name><Mobile>0548596545</Mobile><Office>088676290</Office></DirectoryEntry><DirectoryEntry><Name>ישראלוביץ דוד שאול</Name><Office>0556781121</Office></DirectoryEntry><DirectoryEntry><Name>ישראלוביץ יהודה</Name><Office>025401023</Office></DirectoryEntry><DirectoryEntry><Name>ישראלוביץ יוסף</Name><Mobile>0527114299</Mobile><Office>0774151494</Office></DirectoryEntry><DirectoryEntry><Name>ישראלוביץ יעל</Name><Mobile>0583212732</Mobile><Office>0583280104</Office></DirectoryEntry><DirectoryEntry><Name>ישראלוביץ ישעיהו</Name><Mobile>0533106327</Mobile></DirectoryEntry><DirectoryEntry><Name>ישראלוביץ ישראל</Name><Mobile>0527122223</Mobile><Office>088650478</Office></DirectoryEntry><DirectoryEntry><Name>ישראלוביץ ישראל</Name><Office>088675696</Office></DirectoryEntry><DirectoryEntry><Name>ישראלוביץ ישראל יעקב</Name><Mobile>0526518036</Mobile></DirectoryEntry><DirectoryEntry><Name>ישראלוביץ מנחם</Name><Mobile>0527623451</Mobile><Office>036186482</Office></DirectoryEntry><DirectoryEntry><Name>ישראלוביץ מרדכי יוסף</Name><Mobile>0527623450</Mobile><Office>039091997</Office></DirectoryEntry><DirectoryEntry><Name>ישראלוביץ שאול דוד</Name><Mobile>0527129992</Mobile><Office>046935033</Office></DirectoryEntry><DirectoryEntry><Name>ישראלוביץ שלום</Name><Mobile>0527112732</Mobile><Office>088664561</Office></DirectoryEntry><DirectoryEntry><Name>ישראלוביץ שלמה חיים</Name><Mobile>0504151630</Mobile><Office>035791091</Office></DirectoryEntry><DirectoryEntry><Name>ישראלוביץ שמחה בונם</Name><Office>0527692269</Office></DirectoryEntry></YealinkIPPhoneDirectory>