<?xml version='1.0' encoding='utf-8'?>
<YealinkIPPhoneDirectory><Title>ספר טלפונים – ז</Title><DirectoryEntry><Name>זבינובסקי nan</Name><Office>036727794</Office></DirectoryEntry><DirectoryEntry><Name>זוינצקי אלכסנדר סנדר</Name><Office>088000212</Office></DirectoryEntry><DirectoryEntry><Name>זוינצקי גרשון</Name><Mobile>0527153265</Mobile></DirectoryEntry><DirectoryEntry><Name>זוינצקי ישראל</Name><Mobile>0527684240</Mobile><Office>0504138372</Office></DirectoryEntry><DirectoryEntry><Name>זוינצקי שמואל</Name><Mobile>0527636906</Mobile><Office>025380494</Office></DirectoryEntry><DirectoryEntry><Name>זולטוברוצקי (א nan</Name><Office>036189687</Office></DirectoryEntry><DirectoryEntry><Name>זוננפלד יעקב זאב</Name><Office>038000059</Office></DirectoryEntry><DirectoryEntry><Name>זוננפלד מרדכי</Name><Mobile>0533144022</Mobile><Office>025388134</Office></DirectoryEntry><DirectoryEntry><Name>זוננפלד פנחס מנחם</Name><Office>036192864</Office></DirectoryEntry><DirectoryEntry><Name>זוננשיין אברהם שלום</Name><Mobile>0527657949</Mobile><Office>025003221</Office></DirectoryEntry><DirectoryEntry><Name>זוסמן רשה</Name><Office>036182137</Office></DirectoryEntry><DirectoryEntry><Name>זיגלבוים אברהם מרדכי</Name><Office>0527693850</Office></DirectoryEntry><DirectoryEntry><Name>זיגלבוים יהודה אריה לייב</Name><Office>088020121</Office></DirectoryEntry><DirectoryEntry><Name>זיגלבוים יהודית</Name><Office>088670779</Office></DirectoryEntry><DirectoryEntry><Name>זיגלבוים יוסף שמואל</Name><Office>0533150177</Office></DirectoryEntry><DirectoryEntry><Name>זיגלבוים יעקב</Name><Mobile>0533135061</Mobile><Office>035706736</Office></DirectoryEntry><DirectoryEntry><Name>זיגלבוים יצחק</Name><Mobile>0527622031</Mobile><Office>036499941</Office></DirectoryEntry><DirectoryEntry><Name>זיגלבוים ישראל</Name><Mobile>0504113722</Mobile><Office>0777113622</Office></DirectoryEntry><DirectoryEntry><Name>זיגלבוים ישראל יעקב</Name><Mobile>0533150117</Mobile><Office>028080039</Office></DirectoryEntry><DirectoryEntry><Name>זיגלבוים מנחם צבי</Name><Office>088002882</Office></DirectoryEntry><DirectoryEntry><Name>זיגלבוים מרדכי פרץ</Name><Mobile>0522549963</Mobile><Office>0777055018</Office></DirectoryEntry><DirectoryEntry><Name>זיגלבוים נפתלי</Name><Office>0548560320</Office></DirectoryEntry><DirectoryEntry><Name>זיגלבוים פנחס אליעזר</Name><Mobile>0504107328</Mobile><Office>088669036</Office></DirectoryEntry><DirectoryEntry><Name>זיגלבוים שרה רחל</Name><Mobile>0527129109</Mobile><Office>089958943</Office></DirectoryEntry><DirectoryEntry><Name>זיטלני אברהם מרדכי</Name><Mobile>0548452000</Mobile><Office>0775005527</Office></DirectoryEntry><DirectoryEntry><Name>זיטלני חיה שרה</Name><Mobile>0546231550</Mobile></DirectoryEntry><DirectoryEntry><Name>זיטלני טוביה יוסף</Name><Mobile>0548463933</Mobile><Office>086815405</Office></DirectoryEntry><DirectoryEntry><Name>זיטלני יטל לאה</Name><Mobile>0527610264</Mobile><Office>048673912</Office></DirectoryEntry><DirectoryEntry><Name>זיטלני פינחס מנחם</Name><Office>0583249682</Office></DirectoryEntry><DirectoryEntry><Name>זייברט אברהם זאב</Name><Mobile>0504123799</Mobile><Office>0774123799</Office></DirectoryEntry><DirectoryEntry><Name>זייברט אברהם מרדכי</Name><Mobile>0527671865</Mobile><Office>025324414</Office></DirectoryEntry><DirectoryEntry><Name>זייברט אברהם צבי</Name><Mobile>0527127400</Mobile><Office>029916735</Office></DirectoryEntry><DirectoryEntry><Name>זייברט דוד</Name><Mobile>0533109999</Mobile><Office>088640607</Office></DirectoryEntry><DirectoryEntry><Name>זייברט דוד</Name><Mobile>0533128244</Mobile><Office>046992155</Office></DirectoryEntry><DirectoryEntry><Name>זייברט זאב</Name><Mobile>0527616010</Mobile><Office>048678533</Office></DirectoryEntry><DirectoryEntry><Name>זייברט חדוה</Name><Mobile>0527686690</Mobile><Office>035603225</Office></DirectoryEntry><DirectoryEntry><Name>זייברט חיים שמואל</Name><Mobile>0548472114</Mobile><Office>086889168</Office></DirectoryEntry><DirectoryEntry><Name>זייברט חנוך העניך</Name><Mobile>0504133245</Mobile><Office>035793869</Office></DirectoryEntry><DirectoryEntry><Name>זייברט חנוך העניך</Name><Mobile>0548560066</Mobile></DirectoryEntry><DirectoryEntry><Name>זייברט יעקב יוסף</Name><Office>088678325</Office></DirectoryEntry><DirectoryEntry><Name>זייברט יעקב יצחק</Name><Mobile>0533122355</Mobile><Office>088641671</Office></DirectoryEntry><DirectoryEntry><Name>זייברט יעקב משה</Name><Office>038054454</Office></DirectoryEntry><DirectoryEntry><Name>זייברט ישראל</Name><Mobile>0504155000</Mobile><Office>088670869</Office></DirectoryEntry><DirectoryEntry><Name>זייברט ישראל</Name><Office>088667907</Office></DirectoryEntry><DirectoryEntry><Name>זייברט ישראל</Name><Mobile>0504123707</Mobile><Office>088551596</Office></DirectoryEntry><DirectoryEntry><Name>זייברט ישראל</Name><Mobile>0504114969</Mobile><Office>029915058</Office></DirectoryEntry><DirectoryEntry><Name>זייברט ישראל</Name><Office>035709710</Office></DirectoryEntry><DirectoryEntry><Name>זייברט ישראל</Name><Office>0548523700</Office></DirectoryEntry><DirectoryEntry><Name>זייברט ישראל</Name><Office>088001020</Office></DirectoryEntry><DirectoryEntry><Name>זייברט מרדכי</Name><Mobile>0527116585</Mobile></DirectoryEntry><DirectoryEntry><Name>זייברט מרדכי נתן</Name><Mobile>0527686691</Mobile><Office>025374220</Office></DirectoryEntry><DirectoryEntry><Name>זייברט משה</Name><Mobile>0527691899</Mobile><Office>028010018</Office></DirectoryEntry><DirectoryEntry><Name>זייברט משה מאיר</Name><Mobile>0504172073</Mobile><Office>088544759</Office></DirectoryEntry><DirectoryEntry><Name>זייברט משה מאיר</Name><Mobile>0504135450</Mobile><Office>086342105</Office></DirectoryEntry><DirectoryEntry><Name>זייברט משה מאיר</Name><Office>088676629</Office></DirectoryEntry><DirectoryEntry><Name>זייברט משה שמעון</Name><Mobile>0527686693</Mobile><Office>036487225</Office></DirectoryEntry><DirectoryEntry><Name>זייברט נתן יהודה</Name><Office>028000127</Office></DirectoryEntry><DirectoryEntry><Name>זייברט נתן יהודה אריה</Name><Mobile>0527687334</Mobile><Office>088642097</Office></DirectoryEntry><DirectoryEntry><Name>זייברט נתן יהודה אריה</Name><Mobile>0527671533</Mobile><Office>088640782</Office></DirectoryEntry><DirectoryEntry><Name>זייברט נתן יהודה אריה</Name><Office>088020029</Office></DirectoryEntry><DirectoryEntry><Name>זייברט פנחס אליהו</Name><Mobile>0527671532</Mobile><Office>088654371</Office></DirectoryEntry><DirectoryEntry><Name>זייברט פנחס מנחם</Name><Office>0527104526</Office></DirectoryEntry><DirectoryEntry><Name>זייברט פנחס נתן</Name><Office>0556722904</Office></DirectoryEntry><DirectoryEntry><Name>זייברט ראובן</Name><Office>0527660378</Office></DirectoryEntry><DirectoryEntry><Name>זייברט שלמה חנוך</Name><Mobile>0583214440</Mobile><Office>028075011</Office></DirectoryEntry><DirectoryEntry><Name>זייברט שמחה בונם</Name><Mobile>0556786693</Mobile><Office>0556786694</Office></DirectoryEntry><DirectoryEntry><Name>זייברט שמחה בונם</Name><Office>0533144822</Office></DirectoryEntry><DirectoryEntry><Name>זייברט שמחה בונם</Name><Office>0556729821</Office></DirectoryEntry><DirectoryEntry><Name>זייברט שמחה בונם</Name><Office>088001040</Office></DirectoryEntry><DirectoryEntry><Name>זייברט שמעון</Name><Mobile>0527671864</Mobile><Office>026512935</Office></DirectoryEntry><DirectoryEntry><Name>זייברט שמעון חיים</Name><Mobile>0527161252</Mobile><Office>035704246</Office></DirectoryEntry><DirectoryEntry><Name>זיידה דוד</Name><Mobile>0527690927</Mobile><Office>088541617</Office></DirectoryEntry><DirectoryEntry><Name>זיידה יהודה</Name><Office>0534167869</Office></DirectoryEntry><DirectoryEntry><Name>זיידה יעקב</Name><Mobile>0548414529</Mobile><Office>088666529</Office></DirectoryEntry><DirectoryEntry><Name>זיידה פסיה</Name><Mobile>0504124462</Mobile><Office>025380621</Office></DirectoryEntry><DirectoryEntry><Name>זיידה שלמה</Name><Office>0533132437</Office></DirectoryEntry><DirectoryEntry><Name>זיידורף אברהם יעקב</Name><Mobile>0533193178</Mobile><Office>035703343</Office></DirectoryEntry><DirectoryEntry><Name>זיידורף אברהם מרדכי</Name><Mobile>0533157965</Mobile><Office>035707213</Office></DirectoryEntry><DirectoryEntry><Name>זיידורף אהרן שמעון</Name><Office>089560085</Office></DirectoryEntry><DirectoryEntry><Name>זיידורף ברוך דב</Name><Mobile>0533120111</Mobile><Office>035796554</Office></DirectoryEntry><DirectoryEntry><Name>זיידורף חיים מרדכי</Name><Mobile>0527680650</Mobile><Office>048699651</Office></DirectoryEntry><DirectoryEntry><Name>זיידורף יעקב דוד</Name><Mobile>0548447071</Mobile><Office>088662429</Office></DirectoryEntry><DirectoryEntry><Name>זיידורף ישראל יצחק</Name><Mobile>0527112109</Mobile><Office>088520694</Office></DirectoryEntry><DirectoryEntry><Name>זיידורף מאיר נתנאל</Name><Mobile>0533157057</Mobile><Office>088530104</Office></DirectoryEntry><DirectoryEntry><Name>זיידורף צבי אליעזר</Name><Mobile>0527136095</Mobile><Office>086888851</Office></DirectoryEntry><DirectoryEntry><Name>זיידל אברהם מרדכי</Name><Mobile>0533127799</Mobile><Office>088544793</Office></DirectoryEntry><DirectoryEntry><Name>זיידל אהרן יוסף</Name><Mobile>0527129005</Mobile><Office>088033003</Office></DirectoryEntry><DirectoryEntry><Name>זיידל אפרים מרדכי</Name><Mobile>0533175334</Mobile><Office>088654202</Office></DirectoryEntry><DirectoryEntry><Name>זיידל אריה לייב</Name><Office>0533130753</Office></DirectoryEntry><DirectoryEntry><Name>זיידל יהודה אריה לייב</Name><Mobile>0527650910</Mobile><Office>088668062</Office></DirectoryEntry><DirectoryEntry><Name>זיידל יוסף מאיר</Name><Mobile>0556781195</Mobile><Office>0534101195</Office></DirectoryEntry><DirectoryEntry><Name>זיידל יחיאל דב</Name><Mobile>0533108298</Mobile><Office>035708298</Office></DirectoryEntry><DirectoryEntry><Name>זיידל יעקב מנחם</Name><Mobile>0533136900</Mobile><Office>026522970</Office></DirectoryEntry><DirectoryEntry><Name>זיידל ישראל</Name><Mobile>0527663436</Mobile><Office>036771922</Office></DirectoryEntry><DirectoryEntry><Name>זיידל ישראל</Name><Mobile>0527683605</Mobile><Office>036197632</Office></DirectoryEntry><DirectoryEntry><Name>זיידל מאיר</Name><Mobile>0534191562</Mobile><Office>0556751544</Office></DirectoryEntry><DirectoryEntry><Name>זיידל משה חיים</Name><Office>088640260</Office></DirectoryEntry><DirectoryEntry><Name>זיידל משה חיים</Name><Mobile>0504101105</Mobile><Office>086816391</Office></DirectoryEntry><DirectoryEntry><Name>זיידל שלום</Name><Office>088002088</Office></DirectoryEntry><DirectoryEntry><Name>זיידל שלמה חנוך</Name><Mobile>0504122633</Mobile><Office>086600862</Office></DirectoryEntry><DirectoryEntry><Name>זיידמן אברהם חיים</Name><Mobile>0556740960</Mobile></DirectoryEntry><DirectoryEntry><Name>זיידמן אלעזר</Name><Mobile>0533100098</Mobile><Office>036495990</Office></DirectoryEntry><DirectoryEntry><Name>זיידמן חזקיהו יוסף</Name><Office>029993018</Office></DirectoryEntry><DirectoryEntry><Name>זיידמן חנוך דוד</Name><Mobile>0504132020</Mobile><Office>035796223</Office></DirectoryEntry><DirectoryEntry><Name>זיידמן חנוך דוד</Name><Mobile>0527607769</Mobile><Office>088043033</Office></DirectoryEntry><DirectoryEntry><Name>זיידמן יהודה אריה</Name><Mobile>0506592602</Mobile><Office>025375784</Office></DirectoryEntry><DirectoryEntry><Name>זיידמן יהודה אריה לייב</Name><Mobile>0548456055</Mobile><Office>0774556010</Office></DirectoryEntry><DirectoryEntry><Name>זיידמן יהודה אריה לייב</Name><Office>0777954954</Office></DirectoryEntry><DirectoryEntry><Name>זיידמן יצחק</Name><Mobile>0527111707</Mobile><Office>086586707</Office></DirectoryEntry><DirectoryEntry><Name>זיידמן יצחק מאיר</Name><Mobile>0533100500</Mobile><Office>0774170270</Office></DirectoryEntry><DirectoryEntry><Name>זיידמן ישראל</Name><Mobile>0504180201</Mobile><Office>028020203</Office></DirectoryEntry><DirectoryEntry><Name>זיידמן ישראל מרדכי</Name><Office>088532089</Office></DirectoryEntry><DirectoryEntry><Name>זיידמן ישראל מרדכי</Name><Mobile>0533100888</Mobile><Office>046935534</Office></DirectoryEntry><DirectoryEntry><Name>זיידמן נתן נחמיה</Name><Mobile>0548400655</Mobile><Office>086523003</Office></DirectoryEntry><DirectoryEntry><Name>זיידמן נתן נחמיה</Name><Mobile>0504129129</Mobile><Office>088677279</Office></DirectoryEntry><DirectoryEntry><Name>זיידמן נתן נחמיה</Name><Mobile>0527137221</Mobile><Office>0774405110</Office></DirectoryEntry><DirectoryEntry><Name>זיידמן פנחס מנחם</Name><Mobile>0533100350</Mobile><Office>025862183</Office></DirectoryEntry><DirectoryEntry><Name>זיידמן פנחס מנחם</Name><Office>0548472149</Office></DirectoryEntry><DirectoryEntry><Name>זיידמן שמואל אלחנן</Name><Mobile>0527111660</Mobile></DirectoryEntry><DirectoryEntry><Name>זיידמן שמחה בונם</Name><Office>0504133935</Office></DirectoryEntry><DirectoryEntry><Name>זיידמן שמחה בונם</Name><Office>028004050</Office></DirectoryEntry><DirectoryEntry><Name>זיידמן שמחה בונם</Name><Office>0583243114</Office></DirectoryEntry><DirectoryEntry><Name>זיידנפלד אלימלך נפתלי</Name><Mobile>0533130803</Mobile><Office>088020888</Office></DirectoryEntry><DirectoryEntry><Name>זיידנפלד אפרים שרגא</Name><Office>028020501</Office></DirectoryEntry><DirectoryEntry><Name>זיידנפלד אפרים שרגא</Name><Office>025401679</Office></DirectoryEntry><DirectoryEntry><Name>זיידנפלד אפרים שרגא</Name><Mobile>0527664669</Mobile><Office>088042029</Office></DirectoryEntry><DirectoryEntry><Name>זיידנפלד ישראל מרדכי</Name><Mobile>0583204371</Mobile><Office>0534105935</Office></DirectoryEntry><DirectoryEntry><Name>זיידנפלד פנחס מנחם</Name><Office>0533106640</Office></DirectoryEntry><DirectoryEntry><Name>זיידנפלד שמחה בונם</Name><Mobile>0548471490</Mobile></DirectoryEntry><DirectoryEntry><Name>זיידנר אליהו</Name><Mobile>0527699875</Mobile><Office>036765645</Office></DirectoryEntry><DirectoryEntry><Name>זיידנר בנימין אלתר</Name><Mobile>0527164050</Mobile><Office>088001027</Office></DirectoryEntry><DirectoryEntry><Name>זיידנר ברוך מרדכי</Name><Mobile>0533152020</Mobile></DirectoryEntry><DirectoryEntry><Name>זיידנר יעקב</Name><Mobile>0548495237</Mobile><Office>0737403350</Office></DirectoryEntry><DirectoryEntry><Name>זיידנר ישראל</Name><Mobile>0527645114</Mobile><Office>086810114</Office></DirectoryEntry><DirectoryEntry><Name>זיידנר שרה</Name><Mobile>0545480249</Mobile><Office>048670249</Office></DirectoryEntry><DirectoryEntry><Name>זילבר אברהם חיים</Name><Mobile>0504191016</Mobile><Office>029951016</Office></DirectoryEntry><DirectoryEntry><Name>זילבר אהרן יהושע</Name><Office>0556728990</Office></DirectoryEntry><DirectoryEntry><Name>זילברברג אברהם אהרן מרדכי</Name><Office>0533109592</Office></DirectoryEntry><DirectoryEntry><Name>זילברברג אברהם בנימין</Name><Mobile>0527620050</Mobile><Office>088640589</Office></DirectoryEntry><DirectoryEntry><Name>זילברברג אברהם בנימין</Name><Mobile>0527674356</Mobile><Office>048643670</Office></DirectoryEntry><DirectoryEntry><Name>זילברברג אברהם בנימין</Name><Mobile>0533198050</Mobile></DirectoryEntry><DirectoryEntry><Name>זילברברג אברהם דוד</Name><Mobile>0533160062</Mobile><Office>0527649442</Office></DirectoryEntry><DirectoryEntry><Name>זילברברג אברהם מרדכי</Name><Office>0556738241</Office></DirectoryEntry><DirectoryEntry><Name>זילברברג אברהם מרדכי</Name><Office>028030007</Office></DirectoryEntry><DirectoryEntry><Name>זילברברג אברהם מרדכי</Name><Mobile>0504141004</Mobile><Office>025387748</Office></DirectoryEntry><DirectoryEntry><Name>זילברברג אברהם משה</Name><Mobile>0527172611</Mobile><Office>0777803680</Office></DirectoryEntry><DirectoryEntry><Name>זילברברג אליהו פרץ</Name><Mobile>0527606654</Mobile><Office>088604574</Office></DirectoryEntry><DirectoryEntry><Name>זילברברג אליעזר ליפמן</Name><Mobile>0556766051</Mobile><Office>086791148</Office></DirectoryEntry><DirectoryEntry><Name>זילברברג אליעזר ליפמן</Name><Office>0533198777</Office></DirectoryEntry><DirectoryEntry><Name>זילברברג אפרים משה</Name><Mobile>0533100250</Mobile><Office>088640897</Office></DirectoryEntry><DirectoryEntry><Name>זילברברג אפרים פישל</Name><Mobile>0533130061</Mobile><Office>035701865</Office></DirectoryEntry><DirectoryEntry><Name>זילברברג אפרים שרגא</Name><Office>0527116614</Office></DirectoryEntry><DirectoryEntry><Name>זילברברג אפרים שרגא</Name><Office>088001555</Office></DirectoryEntry><DirectoryEntry><Name>זילברברג אפרים שרגא</Name><Mobile>0527617042</Mobile><Office>039332908</Office></DirectoryEntry><DirectoryEntry><Name>זילברברג אריה לייב</Name><Office>0504186699</Office></DirectoryEntry><DirectoryEntry><Name>זילברברג אריה לייב</Name><Office>025387493</Office></DirectoryEntry><DirectoryEntry><Name>זילברברג ברוך מרדכי</Name><Mobile>0533100855</Mobile></DirectoryEntry><DirectoryEntry><Name>זילברברג גדליה</Name><Office>088569666</Office></DirectoryEntry><DirectoryEntry><Name>זילברברג דב נחמן</Name><Mobile>0504148558</Mobile><Office>0772400369</Office></DirectoryEntry><DirectoryEntry><Name>זילברברג דוד ישראל</Name><Office>0556729735</Office></DirectoryEntry><DirectoryEntry><Name>זילברברג חדוה</Name><Mobile>0548415340</Mobile><Office>035797374</Office></DirectoryEntry><DirectoryEntry><Name>זילברברג חוה גיטל</Name><Office>025000870</Office></DirectoryEntry><DirectoryEntry><Name>זילברברג חיים אליעזר</Name><Office>0772400508</Office></DirectoryEntry><DirectoryEntry><Name>זילברברג חיים דב בער</Name><Mobile>0504115512</Mobile><Office>088645704</Office></DirectoryEntry><DirectoryEntry><Name>זילברברג חיים צבי מאיר</Name><Mobile>0533151512</Mobile><Office>039092976</Office></DirectoryEntry><DirectoryEntry><Name>זילברברג חיים שמואל יוסף</Name><Mobile>0527136933</Mobile></DirectoryEntry><DirectoryEntry><Name>זילברברג יהודה</Name><Mobile>0504146746</Mobile><Office>088654258</Office></DirectoryEntry><DirectoryEntry><Name>זילברברג יהודה אריה</Name><Mobile>0527623414</Mobile><Office>088647349</Office></DirectoryEntry><DirectoryEntry><Name>זילברברג יהודה אריה לייב</Name><Mobile>0504180529</Mobile><Office>025824302</Office></DirectoryEntry><DirectoryEntry><Name>זילברברג יהודה לייב</Name><Mobile>0533111657</Mobile><Office>025001178</Office></DirectoryEntry><DirectoryEntry><Name>זילברברג יהודה לייב</Name><Office>036189493</Office></DirectoryEntry><DirectoryEntry><Name>זילברברג יהודה לייב</Name><Mobile>0527133265</Mobile><Office>025023738</Office></DirectoryEntry><DirectoryEntry><Name>זילברברג יהודה לייב</Name><Mobile>0527627440</Mobile><Office>026528655</Office></DirectoryEntry><DirectoryEntry><Name>זילברברג יהושע מנדל</Name><Office>088535419</Office></DirectoryEntry><DirectoryEntry><Name>זילברברג יהושע עוזיאל</Name><Mobile>0527635014</Mobile><Office>035707721</Office></DirectoryEntry><DirectoryEntry><Name>זילברברג יוכבד</Name><Office>036181681</Office></DirectoryEntry><DirectoryEntry><Name>זילברברג יונתן שלמה</Name><Office>0583286660</Office></DirectoryEntry><DirectoryEntry><Name>זילברברג יחיאל מנחם מניס</Name><Mobile>0527164338</Mobile><Office>0773203221</Office></DirectoryEntry><DirectoryEntry><Name>זילברברג יעקב דוד שלום</Name><Office>038000057</Office></DirectoryEntry><DirectoryEntry><Name>זילברברג יעקב יוסף</Name><Office>0533104407</Office></DirectoryEntry><DirectoryEntry><Name>זילברברג יעקב ישראל</Name><Mobile>0527150892</Mobile><Office>025370891</Office></DirectoryEntry><DirectoryEntry><Name>זילברברג יעקב קאפל</Name><Office>0533163671</Office></DirectoryEntry><DirectoryEntry><Name>זילברברג יעקב שלמה</Name><Office>035053481</Office></DirectoryEntry><DirectoryEntry><Name>זילברברג יצחק אייזיק</Name><Mobile>0504182002</Mobile><Office>029924024</Office></DirectoryEntry><DirectoryEntry><Name>זילברברג יצחק אליהו</Name><Mobile>0533133384</Mobile><Office>0583270473</Office></DirectoryEntry><DirectoryEntry><Name>זילברברג יצחק אריה</Name><Mobile>0533108901</Mobile><Office>088542408</Office></DirectoryEntry><DirectoryEntry><Name>זילברברג יצחק יוסף</Name><Mobile>0533113003</Mobile><Office>036180587</Office></DirectoryEntry><DirectoryEntry><Name>זילברברג יצחק יוסף</Name><Office>025382703</Office></DirectoryEntry><DirectoryEntry><Name>זילברברג יצחק מאיר</Name><Office>0556773032</Office></DirectoryEntry><DirectoryEntry><Name>זילברברג יצחק פנחס</Name><Mobile>0533182184</Mobile><Office>088643080</Office></DirectoryEntry><DirectoryEntry><Name>זילברברג ישראל</Name><Mobile>0527625043</Mobile></DirectoryEntry><DirectoryEntry><Name>זילברברג ישראל</Name><Office>025373863</Office></DirectoryEntry><DirectoryEntry><Name>זילברברג ישראל</Name><Mobile>0527166450</Mobile><Office>029999203</Office></DirectoryEntry><DirectoryEntry><Name>זילברברג ישראל</Name><Mobile>0533170087</Mobile><Office>036742505</Office></DirectoryEntry><DirectoryEntry><Name>זילברברג ישראל</Name><Office>0556773804</Office></DirectoryEntry><DirectoryEntry><Name>זילברברג ישראל</Name><Office>025000610</Office></DirectoryEntry><DirectoryEntry><Name>זילברברג ישראל</Name><Mobile>0527140070</Mobile></DirectoryEntry><DirectoryEntry><Name>זילברברג ישראל</Name><Mobile>0527602433</Mobile><Office>039091232</Office></DirectoryEntry><DirectoryEntry><Name>זילברברג ישראל</Name><Office>0527625643</Office></DirectoryEntry><DirectoryEntry><Name>זילברברג ישראל אליעזר</Name><Office>0556738315</Office></DirectoryEntry><DirectoryEntry><Name>זילברברג ישראל עקיבא</Name><Office>088039038</Office></DirectoryEntry><DirectoryEntry><Name>זילברברג לאה</Name><Office>036186185</Office></DirectoryEntry><DirectoryEntry><Name>זילברברג לוי יצחק</Name><Mobile>0527134391</Mobile><Office>035292790</Office></DirectoryEntry><DirectoryEntry><Name>זילברברג מינה</Name><Mobile>0527691316</Mobile><Office>026410948</Office></DirectoryEntry><DirectoryEntry><Name>זילברברג מנחם דוד</Name><Office>088643202</Office></DirectoryEntry><DirectoryEntry><Name>זילברברג מנחם דוד</Name><Office>025376618</Office></DirectoryEntry><DirectoryEntry><Name>זילברברג מרדכי שלום יוסף</Name><Office>029924877</Office></DirectoryEntry><DirectoryEntry><Name>זילברברג משה</Name><Mobile>0527162020</Mobile><Office>038012020</Office></DirectoryEntry><DirectoryEntry><Name>זילברברג משה צבי</Name><Mobile>0548507890</Mobile><Office>0556728221</Office></DirectoryEntry><DirectoryEntry><Name>זילברברג משה שמעון חיים</Name><Mobile>0533101413</Mobile><Office>088677045</Office></DirectoryEntry><DirectoryEntry><Name>זילברברג נחמן</Name><Mobile>0527180464</Mobile><Office>088668475</Office></DirectoryEntry><DirectoryEntry><Name>זילברברג נפתלי</Name><Mobile>0527125380</Mobile><Office>029919982</Office></DirectoryEntry><DirectoryEntry><Name>זילברברג נתן</Name><Office>0504145154</Office></DirectoryEntry><DirectoryEntry><Name>זילברברג נתן</Name><Mobile>0556728903</Mobile><Office>037780222</Office></DirectoryEntry><DirectoryEntry><Name>זילברברג עזריאל</Name><Office>036496090</Office></DirectoryEntry><DirectoryEntry><Name>זילברברג פינחס מנחם</Name><Office>0533197864</Office></DirectoryEntry><DirectoryEntry><Name>זילברברג פינחס מנחם</Name><Office>0556781494</Office></DirectoryEntry><DirectoryEntry><Name>זילברברג פינחס מנחם</Name><Office>0534192445</Office></DirectoryEntry><DirectoryEntry><Name>זילברברג פינחס מנחם</Name><Mobile>0583221674</Mobile><Office>028021213</Office></DirectoryEntry><DirectoryEntry><Name>זילברברג צבי</Name><Mobile>0527147030</Mobile><Office>035708876</Office></DirectoryEntry><DirectoryEntry><Name>זילברברג צבי מאיר</Name><Mobile>0533111491</Mobile><Office>048667912</Office></DirectoryEntry><DirectoryEntry><Name>זילברברג צבי מאיר</Name><Office>025387125</Office></DirectoryEntry><DirectoryEntry><Name>זילברברג צבי מנחם</Name><Office>0527129887</Office></DirectoryEntry><DirectoryEntry><Name>זילברברג קלמן יהודה לייב</Name><Mobile>0527688855</Mobile><Office>088663413</Office></DirectoryEntry><DirectoryEntry><Name>זילברברג שאול משה</Name><Office>028010009</Office></DirectoryEntry><DirectoryEntry><Name>זילברברג שלמה</Name><Office>0527644888</Office></DirectoryEntry><DirectoryEntry><Name>זילברברג שלמה</Name><Office>0533143919</Office></DirectoryEntry><DirectoryEntry><Name>זילברברג שלמה נפתלי</Name><Mobile>0527619769</Mobile><Office>026513525</Office></DirectoryEntry><DirectoryEntry><Name>זילברברג שמואל אריה לייב</Name><Mobile>0548467986</Mobile><Office>088659367</Office></DirectoryEntry><DirectoryEntry><Name>זילברברג שמואל משה</Name><Mobile>0533151025</Mobile><Office>036181782</Office></DirectoryEntry><DirectoryEntry><Name>זילברברג שמחה בונים</Name><Office>0504177200</Office></DirectoryEntry><DirectoryEntry><Name>זילברברג שמחה בונם</Name><Office>0556777276</Office></DirectoryEntry><DirectoryEntry><Name>זילברברג שמחה בונם</Name><Office>025703390</Office></DirectoryEntry><DirectoryEntry><Name>זילברברג שמחה בונם</Name><Office>0533187398</Office></DirectoryEntry><DirectoryEntry><Name>זילברברג שמחה בונם</Name><Office>0556785203</Office></DirectoryEntry><DirectoryEntry><Name>זילברברג שמחה בונם</Name><Mobile>0556728607</Mobile></DirectoryEntry><DirectoryEntry><Name>זילברברג שמחה בונם</Name><Office>028000057</Office></DirectoryEntry><DirectoryEntry><Name>זילברברג שמעון</Name><Mobile>0533180857</Mobile><Office>036180857</Office></DirectoryEntry><DirectoryEntry><Name>זילברברג שמעון</Name><Office>088667727</Office></DirectoryEntry><DirectoryEntry><Name>זילברברג שמעון מנחם</Name><Mobile>0548423839</Mobile><Office>028000206</Office></DirectoryEntry><DirectoryEntry><Name>זילברברג שמעון נתן</Name><Mobile>0527133222</Mobile><Office>088527060</Office></DirectoryEntry><DirectoryEntry><Name>זילברמן אברהם מרדכי</Name><Office>0548529076</Office></DirectoryEntry><DirectoryEntry><Name>זילברמן אברהם צבי</Name><Mobile>0533134432</Mobile><Office>036187902</Office></DirectoryEntry><DirectoryEntry><Name>זילברמן חיים דב</Name><Office>025385312</Office></DirectoryEntry><DirectoryEntry><Name>זילברמן טובה</Name><Office>025370662</Office></DirectoryEntry><DirectoryEntry><Name>זילברמן יעקב משה</Name><Mobile>0533103032</Mobile><Office>088645929</Office></DirectoryEntry><DirectoryEntry><Name>זילברמן ישראל</Name><Office>0548411617</Office></DirectoryEntry><DirectoryEntry><Name>זילברמן ישראל יצחק</Name><Mobile>0504101771</Mobile><Office>046934513</Office></DirectoryEntry><DirectoryEntry><Name>זילברמן ישראל יצחק</Name><Mobile>0504155002</Mobile><Office>025000573</Office></DirectoryEntry><DirectoryEntry><Name>זילברמן נחמה</Name><Mobile>0527608896</Mobile><Office>0722123355</Office></DirectoryEntry><DirectoryEntry><Name>זילברמן נתן יונה</Name><Office>048620502</Office></DirectoryEntry><DirectoryEntry><Name>זילברשטיין אברהם</Name><Office>0583222825</Office></DirectoryEntry><DirectoryEntry><Name>זילברשטיין אברהם</Name><Mobile>0548481780</Mobile><Office>086880098</Office></DirectoryEntry><DirectoryEntry><Name>זילברשטיין אברהם דוד</Name><Mobile>0533197333</Mobile><Office>088678533</Office></DirectoryEntry><DirectoryEntry><Name>זילברשטיין אברהם העניך</Name><Mobile>0533100095</Mobile><Office>035789771</Office></DirectoryEntry><DirectoryEntry><Name>זילברשטיין אברהם מרדכי</Name><Mobile>0548424426</Mobile><Office>0548497890</Office></DirectoryEntry><DirectoryEntry><Name>זילברשטיין אברהם מרדכי</Name><Mobile>0527692400</Mobile><Office>029998234</Office></DirectoryEntry><DirectoryEntry><Name>זילברשטיין אברהם שלמה</Name><Mobile>0527612239</Mobile><Office>036299843</Office></DirectoryEntry><DirectoryEntry><Name>זילברשטיין אהרן מאיר</Name><Office>0556720945</Office></DirectoryEntry><DirectoryEntry><Name>זילברשטיין אפרים</Name><Mobile>0527630236</Mobile><Office>088020111</Office></DirectoryEntry><DirectoryEntry><Name>זילברשטיין בנימין יעקב צבי</Name><Mobile>0533179217</Mobile><Office>088679217</Office></DirectoryEntry><DirectoryEntry><Name>זילברשטיין ברוך יהודה</Name><Office>0533152619</Office></DirectoryEntry><DirectoryEntry><Name>זילברשטיין דוד</Name><Office>036184455</Office></DirectoryEntry><DirectoryEntry><Name>זילברשטיין זאב</Name><Mobile>0534108352</Mobile><Office>088020032</Office></DirectoryEntry><DirectoryEntry><Name>זילברשטיין זאב</Name><Mobile>0527622028</Mobile><Office>029921224</Office></DirectoryEntry><DirectoryEntry><Name>זילברשטיין זאב</Name><Mobile>0533140403</Mobile><Office>036199253</Office></DirectoryEntry><DirectoryEntry><Name>זילברשטיין זאב</Name><Office>025000833</Office></DirectoryEntry><DirectoryEntry><Name>זילברשטיין זאב</Name><Mobile>0533136677</Mobile><Office>086602614</Office></DirectoryEntry><DirectoryEntry><Name>זילברשטיין זאב נחום</Name><Office>088679224</Office></DirectoryEntry><DirectoryEntry><Name>זילברשטיין חוה</Name><Office>025380696</Office></DirectoryEntry><DirectoryEntry><Name>זילברשטיין חוה</Name><Office>025381578</Office></DirectoryEntry><DirectoryEntry><Name>זילברשטיין חיים אלימלך</Name><Office>0556729923</Office></DirectoryEntry><DirectoryEntry><Name>זילברשטיין חיים אלימלך</Name><Office>089108476</Office></DirectoryEntry><DirectoryEntry><Name>זילברשטיין חיים אליעזר</Name><Mobile>0533160880</Mobile><Office>038000027</Office></DirectoryEntry><DirectoryEntry><Name>זילברשטיין חיים שמואל</Name><Office>0534163420</Office></DirectoryEntry><DirectoryEntry><Name>זילברשטיין טובה</Name><Mobile>0533171766</Mobile><Office>036742110</Office></DirectoryEntry><DirectoryEntry><Name>זילברשטיין יהודה אריה לייב</Name><Mobile>0533112010</Mobile><Office>036769804</Office></DirectoryEntry><DirectoryEntry><Name>זילברשטיין יהודה אריה לייב</Name><Mobile>0527183700</Mobile><Office>086812055</Office></DirectoryEntry><DirectoryEntry><Name>זילברשטיין יהודה מיכאל</Name><Mobile>0533141105</Mobile><Office>088657138</Office></DirectoryEntry><DirectoryEntry><Name>זילברשטיין יהושע</Name><Office>088679061</Office></DirectoryEntry><DirectoryEntry><Name>זילברשטיין יוסף שרגא</Name><Office>0533185119</Office></DirectoryEntry><DirectoryEntry><Name>זילברשטיין יעקב יצחק</Name><Office>029995954</Office></DirectoryEntry><DirectoryEntry><Name>זילברשטיין יעקב צבי</Name><Office>039647606</Office></DirectoryEntry><DirectoryEntry><Name>זילברשטיין יצחק מאיר</Name><Mobile>0527615181</Mobile><Office>048625372</Office></DirectoryEntry><DirectoryEntry><Name>זילברשטיין יצחק מרדכי</Name><Mobile>0533100470</Mobile><Office>088665804</Office></DirectoryEntry><DirectoryEntry><Name>זילברשטיין יצחק מרדכי</Name><Mobile>0527672652</Mobile><Office>036761033</Office></DirectoryEntry><DirectoryEntry><Name>זילברשטיין ישראל</Name><Mobile>0527123127</Mobile><Office>0777080678</Office></DirectoryEntry><DirectoryEntry><Name>זילברשטיין ישראל</Name><Office>088001128</Office></DirectoryEntry><DirectoryEntry><Name>זילברשטיין ישראל</Name><Office>025374416</Office></DirectoryEntry><DirectoryEntry><Name>זילברשטיין ישראל</Name><Mobile>0527161469</Mobile><Office>025379390</Office></DirectoryEntry><DirectoryEntry><Name>זילברשטיין ישראל</Name><Office>088039003</Office></DirectoryEntry><DirectoryEntry><Name>זילברשטיין ישראל</Name><Mobile>0583242060</Mobile><Office>0504128365</Office></DirectoryEntry><DirectoryEntry><Name>זילברשטיין ישראל יצחק</Name><Mobile>0504160163</Mobile><Office>088657902</Office></DirectoryEntry><DirectoryEntry><Name>זילברשטיין ישראל מאיר</Name><Office>088033008</Office></DirectoryEntry><DirectoryEntry><Name>זילברשטיין ישראל שכנא</Name><Office>088654050</Office></DirectoryEntry><DirectoryEntry><Name>זילברשטיין מנחם מנדל</Name><Office>088555912</Office></DirectoryEntry><DirectoryEntry><Name>זילברשטיין מנחם מנדל</Name><Mobile>0533123800</Mobile><Office>088042000</Office></DirectoryEntry><DirectoryEntry><Name>זילברשטיין מרדכי יצחק</Name><Mobile>0533126310</Mobile><Office>088526310</Office></DirectoryEntry><DirectoryEntry><Name>זילברשטיין מרדכי עקיבא</Name><Mobile>0533139498</Mobile><Office>088645618</Office></DirectoryEntry><DirectoryEntry><Name>זילברשטיין מרים</Name><Mobile>0548448032</Mobile><Office>036199253</Office></DirectoryEntry><DirectoryEntry><Name>זילברשטיין משה</Name><Mobile>0533126700</Mobile><Office>0777817433</Office></DirectoryEntry><DirectoryEntry><Name>זילברשטיין משה מאיר</Name><Office>0556708386</Office></DirectoryEntry><DirectoryEntry><Name>זילברשטיין נחמה</Name><Mobile>0533126500</Mobile><Office>088671852</Office></DirectoryEntry><DirectoryEntry><Name>זילברשטיין נחמן דוד</Name><Office>038078777</Office></DirectoryEntry><DirectoryEntry><Name>זילברשטיין נתן נטע</Name><Mobile>0533131527</Mobile><Office>025001527</Office></DirectoryEntry><DirectoryEntry><Name>זילברשטיין פינחס מנחם</Name><Office>0548500568</Office></DirectoryEntry><DirectoryEntry><Name>זילברשטיין פנחס מאיר</Name><Office>0504155100</Office></DirectoryEntry><DirectoryEntry><Name>זילברשטיין פנחס מנחם</Name><Mobile>0548507962</Mobile><Office>028018899</Office></DirectoryEntry><DirectoryEntry><Name>זילברשטיין פנחס מנחם</Name><Office>0544168154</Office></DirectoryEntry><DirectoryEntry><Name>זילברשטיין פנחס מנחם</Name><Office>0583207158</Office></DirectoryEntry><DirectoryEntry><Name>זילברשטיין פנחס מנחם</Name><Office>0583233498</Office></DirectoryEntry><DirectoryEntry><Name>זילברשטיין פנחס מנחם מנדל</Name><Office>0527124538</Office></DirectoryEntry><DirectoryEntry><Name>זילברשטיין צבי מנשה</Name><Office>0548597911</Office></DirectoryEntry><DirectoryEntry><Name>זילברשטיין רפאל שמעון</Name><Office>026513623</Office></DirectoryEntry><DirectoryEntry><Name>זילברשטיין שאול</Name><Office>048678888</Office></DirectoryEntry><DirectoryEntry><Name>זילברשטיין שמואל גבריאל</Name><Mobile>0548449710</Mobile><Office>0722146212</Office></DirectoryEntry><DirectoryEntry><Name>זילברשטיין שמחה בונם</Name><Office>028000600</Office></DirectoryEntry><DirectoryEntry><Name>זילברשטיין שמחה בונם</Name><Mobile>0533122918</Mobile></DirectoryEntry><DirectoryEntry><Name>זילברשטיין שמחה בונם</Name><Mobile>0504125185</Mobile></DirectoryEntry><DirectoryEntry><Name>זילברשטיין שמחה בונם</Name><Office>038050081</Office></DirectoryEntry><DirectoryEntry><Name>זילברשטיין שמחה בונם</Name><Office>025405855</Office></DirectoryEntry><DirectoryEntry><Name>זילברשטיין שמחה בונם</Name><Office>088001087</Office></DirectoryEntry><DirectoryEntry><Name>זילברשטיין שמחה בונם</Name><Office>0548448469</Office></DirectoryEntry><DirectoryEntry><Name>זילברשטיין שמעון זאב</Name><Office>025380114</Office></DirectoryEntry><DirectoryEntry><Name>זילברשטיין שרה</Name><Office>049832220</Office></DirectoryEntry><DirectoryEntry><Name>זינגר אברהם</Name><Office>036183549</Office></DirectoryEntry><DirectoryEntry><Name>זינגר ישראל</Name><Office>025725620</Office></DirectoryEntry><DirectoryEntry><Name>זינגר נעמי</Name><Office>025400110</Office></DirectoryEntry><DirectoryEntry><Name>זינגר שלמה זלמן</Name><Office>025711844</Office></DirectoryEntry><DirectoryEntry><Name>זיסברג אריה יעקב אליהו</Name><Office>035702772</Office></DirectoryEntry><DirectoryEntry><Name>זיסו דוד יהודה</Name><Mobile>0544524579</Mobile><Office>036196847</Office></DirectoryEntry><DirectoryEntry><Name>זיסו יוסף בנימין</Name><Mobile>0533101251</Mobile><Office>088667595</Office></DirectoryEntry><DirectoryEntry><Name>זיסו מרדכי שלמה</Name><Mobile>0504147374</Mobile><Office>088567695</Office></DirectoryEntry><DirectoryEntry><Name>זיסו משה יעקב</Name><Mobile>0527649287</Mobile><Office>036196847</Office></DirectoryEntry><DirectoryEntry><Name>זיסו פנחס אליעזר</Name><Mobile>0527177747</Mobile></DirectoryEntry><DirectoryEntry><Name>זיסקינד דוד שרגא פייבל</Name><Mobile>0548413331</Mobile><Office>0533190229</Office></DirectoryEntry><DirectoryEntry><Name>זיסקינד יעקב</Name><Mobile>0548442568</Mobile><Office>025712196</Office></DirectoryEntry><DirectoryEntry><Name>זיסקינד יצחק מאיר</Name><Mobile>0504122681</Mobile><Office>086882054</Office></DirectoryEntry><DirectoryEntry><Name>זיסקינד ישראל</Name><Mobile>0527153973</Mobile><Office>036184543</Office></DirectoryEntry><DirectoryEntry><Name>זיסקינד מרדכי</Name><Mobile>0533142909</Mobile><Office>025824929</Office></DirectoryEntry><DirectoryEntry><Name>זלביץ אברהם</Name><Office>098336894</Office></DirectoryEntry><DirectoryEntry><Name>זלביץ נחמיה</Name><Office>098618532</Office></DirectoryEntry><DirectoryEntry><Name>זלביץ פנחס</Name><Mobile>0523848395</Mobile><Office>098335904</Office></DirectoryEntry><DirectoryEntry><Name>זלוצ'בסקי משה שמחה</Name><Mobile>0548503278</Mobile></DirectoryEntry><DirectoryEntry><Name>זלוצבסקי אברהם יוסף</Name><Office>088001260</Office></DirectoryEntry><DirectoryEntry><Name>זלוצבסקי אברהם מרדכי</Name><Mobile>0533161928</Mobile><Office>036192852</Office></DirectoryEntry><DirectoryEntry><Name>זלוצבסקי אשר זליג</Name><Mobile>0527635027</Mobile><Office>036183663</Office></DirectoryEntry><DirectoryEntry><Name>זלוצבסקי חנוך העניך</Name><Mobile>0504128680</Mobile><Office>046800064</Office></DirectoryEntry><DirectoryEntry><Name>זלוצבסקי מיכל</Name><Mobile>0533161928</Mobile><Office>036192852</Office></DirectoryEntry><DirectoryEntry><Name>זלוצבסקי שמואל זאב אריה</Name><Mobile>0533110986</Mobile><Office>036487453</Office></DirectoryEntry><DirectoryEntry><Name>זלושינסקי אריה לייב</Name><Office>088648881</Office></DirectoryEntry><DirectoryEntry><Name>זלושינסקי יצחק</Name><Mobile>0527167900</Mobile><Office>029993240</Office></DirectoryEntry><DirectoryEntry><Name>זלושינסקי ישראל צדוק</Name><Mobile>0548498231</Mobile><Office>035470454</Office></DirectoryEntry><DirectoryEntry><Name>זלושינסקי שלמה</Name><Mobile>0533165612</Mobile><Office>036765611</Office></DirectoryEntry><DirectoryEntry><Name>זלושינסקי שמואל מנחם מנדל</Name><Mobile>0504132299</Mobile></DirectoryEntry><DirectoryEntry><Name>זלמנוביץ אייזיק מאיר</Name><Office>098616616</Office></DirectoryEntry><DirectoryEntry><Name>זלמנוביץ יחזקאל שלמה</Name><Office>025824351</Office></DirectoryEntry><DirectoryEntry><Name>זלמנוביץ שמואל נטע</Name><Office>036192556</Office></DirectoryEntry><DirectoryEntry><Name>זלסקו חיה</Name><Office>035742013</Office></DirectoryEntry><DirectoryEntry><Name>זלץ אברהם אליעזר</Name><Office>025713102</Office></DirectoryEntry><DirectoryEntry><Name>זלץ אליהו</Name><Mobile>0527632734</Mobile><Office>035793655</Office></DirectoryEntry><DirectoryEntry><Name>זלץ חיים שמחה</Name><Mobile>0505329440</Mobile><Office>025387943</Office></DirectoryEntry><DirectoryEntry><Name>זלצברג אליעזר ליפא</Name><Office>0534195326</Office></DirectoryEntry><DirectoryEntry><Name>זלצברג שמעון</Name><Office>0583209086</Office></DirectoryEntry><DirectoryEntry><Name>זלצר גרשון</Name><Office>0583242765</Office></DirectoryEntry><DirectoryEntry><Name>זלצר חיים</Name><Office>0737244250</Office></DirectoryEntry><DirectoryEntry><Name>זלצר יוסף מנשה</Name><Mobile>0548483265</Mobile><Office>046802474</Office></DirectoryEntry><DirectoryEntry><Name>זלצר פנחס מנחם</Name><Office>0533107355</Office></DirectoryEntry><DirectoryEntry><Name>זנד אברהם מרדכי</Name><Mobile>0504101640</Mobile><Office>088616362</Office></DirectoryEntry><DirectoryEntry><Name>זנד אריה משה</Name><Mobile>0533113210</Mobile><Office>036487467</Office></DirectoryEntry><DirectoryEntry><Name>זנד יעקב דב</Name><Mobile>0533120844</Mobile><Office>035700068</Office></DirectoryEntry><DirectoryEntry><Name>זנד ישראל</Name><Office>035703838</Office></DirectoryEntry><DirectoryEntry><Name>זנד מרים רחל</Name><Office>036190823</Office></DirectoryEntry><DirectoryEntry><Name>זנד עודד</Name><Mobile>0527614633</Mobile><Office>086600997</Office></DirectoryEntry><DirectoryEntry><Name>זנדמן אברהם מרדכי מאיר</Name><Office>035744821</Office></DirectoryEntry><DirectoryEntry><Name>זנדמן חיה</Name><Mobile>0527611958</Mobile><Office>035744821</Office></DirectoryEntry><DirectoryEntry><Name>זנדמן יוסף</Name><Office>0504183595</Office></DirectoryEntry><DirectoryEntry><Name>זנדמן יצחק</Name><Office>035799404</Office></DirectoryEntry><DirectoryEntry><Name>זנדמן ישראל</Name><Mobile>0527639112</Mobile></DirectoryEntry><DirectoryEntry><Name>זנדר בנימין אליעזר</Name><Mobile>0504131332</Mobile><Office>025028014</Office></DirectoryEntry><DirectoryEntry><Name>זנדר יעקב שלמה</Name><Mobile>0533167300</Mobile><Office>025381262</Office></DirectoryEntry><DirectoryEntry><Name>זנדר משה פנחס</Name><Mobile>0533189448</Mobile><Office>035289448</Office></DirectoryEntry><DirectoryEntry><Name>זעלמאן אברהם</Name><Mobile>0527629921</Mobile><Office>088558471</Office></DirectoryEntry><DirectoryEntry><Name>זעלמאן דב</Name><Mobile>0533135135</Mobile><Office>035709760</Office></DirectoryEntry><DirectoryEntry><Name>זעלמאן יעקב דוד</Name><Mobile>0533153775</Mobile><Office>088000143</Office></DirectoryEntry><DirectoryEntry><Name>זעלמאן יצחק</Name><Office>0527698287</Office></DirectoryEntry><DirectoryEntry><Name>זעלמאן יצחק</Name><Office>088001152</Office></DirectoryEntry><DirectoryEntry><Name>זעלמאן יצחק אביגדור</Name><Mobile>0533135136</Mobile><Office>035709760</Office></DirectoryEntry><DirectoryEntry><Name>זעלמאן ישראל שמחה</Name><Mobile>0504111624</Mobile><Office>029917531</Office></DirectoryEntry><DirectoryEntry><Name>זעלמאן מנחם מנדל</Name><Mobile>0533135138</Mobile><Office>088561543</Office></DirectoryEntry><DirectoryEntry><Name>זעלמאן מרדכי בונם</Name><Mobile>0583214949</Mobile><Office>028000149</Office></DirectoryEntry><DirectoryEntry><Name>זעלמאן משה אהרן חיים</Name><Mobile>0527144733</Mobile><Office>029920438</Office></DirectoryEntry><DirectoryEntry><Name>זעלמאן שמואל</Name><Mobile>0533105321</Mobile><Office>028020058</Office></DirectoryEntry><DirectoryEntry><Name>זקון יוחנן</Name><Mobile>0527160416</Mobile><Office>036161571</Office></DirectoryEntry><DirectoryEntry><Name>זקון יששכר דב</Name><Office>0527625012</Office></DirectoryEntry><DirectoryEntry><Name>זקון ציפורה</Name><Office>035795011</Office></DirectoryEntry><DirectoryEntry><Name>זריל אליעזר ליפא</Name><Mobile>0533165529</Mobile><Office>029994156</Office></DirectoryEntry><DirectoryEntry><Name>זריל לאה</Name><Mobile>025370012</Mobile></DirectoryEntry></YealinkIPPhoneDirectory>